divipola,municipio,departamento,region_dane,ano,pct_izquierda,pct_izquierda_predicho,residuo,lag_pct_izquierda,nbi_total,per_ocu,baja_confiabilidad_electoral,peso_muestral,votos_totales_emitidos,ventana_estable,anio_train_min,anio_train_max,residuo_centrado
05001,MEDELLIN,ANTIOQUIA,Andina,2010,4.026877647784978,30.77592646085744,-26.749048813072463,18.47099247635573,12.424089750899132,53294.0,0,1.0,737496.0,False,2006,2006,
05002,ABEJORRAL,ANTIOQUIA,Andina,2010,1.0268948655256724,20.871145859667035,-19.844250994141362,6.190568600815059,33.851119628807744,53294.0,0,1.0,6297.0,False,2006,2006,
05004,ABRIAQUI,ANTIOQUIA,Andina,2010,1.2642225031605565,25.83050812930743,-24.566285626146872,12.063953488372094,28.538283062645007,53294.0,0,1.0,813.0,False,2006,2006,
05021,ALEJANDRIA,ANTIOQUIA,Andina,2010,0.7323943661971831,21.25563466076342,-20.523240294566236,6.730115567641061,33.13609467455622,53294.0,0,1.0,1812.0,False,2006,2006,
05030,AMAGA,ANTIOQUIA,Andina,2010,2.3533715400560906,35.46055966480445,-33.10718812474836,23.12120740625486,27.06904491504551,53294.0,0,1.0,8551.0,False,2006,2006,
05031,AMALFI,ANTIOQUIA,Andina,2010,1.3404077073443172,26.38443786525366,-25.04403015790934,11.794117647058822,45.285489496430046,53294.0,0,1.0,3786.0,False,2006,2006,
05034,ANDES,ANTIOQUIA,Andina,2010,1.9929401382556255,24.25480328821643,-22.261863149960803,10.259793814432989,30.493140161017763,53294.0,0,1.0,13929.0,False,2006,2006,
05036,ANGELOPOLIS,ANTIOQUIA,Andina,2010,0.999000999000999,28.021629166193648,-27.02262816719265,14.66275659824047,25.972772326728062,53294.0,0,1.0,2062.0,False,2006,2006,
05038,ANGOSTURA,ANTIOQUIA,Andina,2010,2.881205673758865,23.918812248119295,-21.03760657436043,8.530280649926144,55.15901917941248,53294.0,0,1.0,2468.0,False,2006,2006,
05040,ANORI,ANTIOQUIA,Andina,2010,1.1250827266710788,32.92025422112572,-31.79517149445464,19.06052393857272,48.14006650041563,53294.0,0,1.0,1575.0,False,2006,2006,
05042,SANTA FE DE ANTIOQUIA,ANTIOQUIA,Andina,2010,5.086206896551724,36.736730115651994,-31.650523219100272,23.720596157299337,44.10495423308613,53294.0,0,1.0,7374.0,False,2006,2006,
05044,ANZA,ANTIOQUIA,Andina,2010,0.9870918754745632,20.363339784119162,-19.3762479086446,4.706927175843695,51.33631800298467,53294.0,0,1.0,1367.0,False,2006,2006,
05045,APARTADO,ANTIOQUIA,Andina,2010,10.991514511176412,23.214526635757217,-12.223012124580805,9.205058313597569,24.533834503697136,53294.0,0,1.0,31603.0,False,2006,2006,
05051,ARBOLETES,ANTIOQUIA,Andina,2010,5.122201082979657,25.68783378872031,-20.565632705740654,10.044679794803905,72.39527088575151,53294.0,0,1.0,6975.0,False,2006,2006,
05055,ARGELIA,ANTIOQUIA,Andina,2010,0.2235469448584202,24.774263806822116,-24.550716861963696,10.2880658436214,38.96526237989653,53294.0,0,1.0,2710.0,False,2006,2006,
05059,ARMENIA,ANTIOQUIA,Andina,2010,1.0131108462455305,23.212302475725608,-22.199191629480076,8.492307692307692,39.83084185680566,53294.0,0,1.0,1768.0,False,2006,2006,
05079,BARBOSA,ANTIOQUIA,Andina,2010,3.523917350693462,39.84226915970396,-36.3183518090105,28.40118302018093,21.7287373181744,53294.0,0,1.0,14774.0,False,2006,2006,
05086,BELMIRA,ANTIOQUIA,Andina,2010,1.7977528089887642,24.676908521194754,-22.87915571220599,10.624249699879952,29.049466537342383,53294.0,0,1.0,1861.0,False,2006,2006,
05088,BELLO,ANTIOQUIA,Andina,2010,4.898458274711433,37.26099539023886,-32.36253711552743,25.934831588314367,10.582630185837258,53294.0,0,1.0,142273.0,False,2006,2006,
05091,BETANIA,ANTIOQUIA,Andina,2010,0.8641548565502939,21.98657248425775,-21.122417627707456,7.636207636207636,31.24500399680256,53294.0,0,1.0,2946.0,False,2006,2006,
05093,BETULIA,ANTIOQUIA,Andina,2010,0.8165019338203695,18.97189054935073,-18.15538861553036,3.4530771372876634,45.35628019323672,53294.0,0,1.0,4764.0,False,2006,2006,
05101,CIUDAD BOLIVAR,ANTIOQUIA,Andina,2010,1.6450704225352113,22.95498114058667,-21.30991071805146,8.757756702962183,29.97797797099131,53294.0,0,1.0,9159.0,False,2006,2006,
05107,BRICENO,ANTIOQUIA,Andina,2010,1.1473962930273611,25.33813561585027,-24.190739322822907,10.240427426536064,55.03524672708963,53294.0,0,1.0,1199.0,False,2006,2006,
05113,BURITICA,ANTIOQUIA,Andina,2010,0.7214206437291898,23.887153944957902,-23.165733301228713,7.830551989730424,70.30227485197881,53294.0,0,1.0,1839.0,False,2006,2006,
05120,CACERES,ANTIOQUIA,Andina,2010,5.280898876404494,25.71875364891477,-20.437854772510278,10.23089919279144,66.80632120543918,53294.0,0,1.0,5562.0,False,2006,2006,
05125,CAICEDO,ANTIOQUIA,Andina,2010,0.4616805170821791,22.571614617073735,-22.109934099991555,6.697459584295612,63.85227717604072,53294.0,0,1.0,2247.0,False,2006,2006,
05129,CALDAS,ANTIOQUIA,Andina,2010,4.186849911756975,39.8248458665492,-35.637995954792224,28.70408490005032,13.015157249791343,53294.0,0,1.0,28184.0,False,2006,2006,
05134,CAMPAMENTO,ANTIOQUIA,Andina,2010,2.346368715083799,33.27349497220271,-30.927126257118914,17.0995670995671,100.0,53294.0,0,1.0,938.0,False,2006,2006,
05138,CANASGORDAS,ANTIOQUIA,Andina,2010,0.9844134536505332,23.669041747476296,-22.684628293825764,8.25346112886049,57.08539038215395,53294.0,0,1.0,4970.0,False,2006,2006,
05142,CARACOLI,ANTIOQUIA,Andina,2010,2.8042959427207634,35.546235593918965,-32.7419396511982,23.29192546583851,29.927935565917764,53294.0,0,1.0,1719.0,False,2006,2006,
05145,CARAMANTA,ANTIOQUIA,Andina,2010,2.095238095238096,29.311545223422655,-27.21630712818456,16.310033285782215,25.0,53294.0,0,1.0,2193.0,False,2006,2006,
05147,CAREPA,ANTIOQUIA,Andina,2010,7.613234821715387,21.446932790441036,-13.833697968725648,6.349206349206349,43.16623701058568,53294.0,0,1.0,12958.0,False,2006,2006,
05148,EL CARMEN DE VIBORAL,ANTIOQUIA,Andina,2010,3.57076088988596,39.052569795991886,-35.481808906105925,27.707399969102426,17.956164116249223,53294.0,0,1.0,16855.0,False,2006,2006,
05150,CAROLINA,ANTIOQUIA,Andina,2010,3.0638852672750976,33.99745451215118,-30.933569244876082,21.828718609143596,17.418351477449455,53294.0,0,1.0,1604.0,False,2006,2006,
05154,CAUCASIA,ANTIOQUIA,Andina,2010,6.827701759285115,32.49656871803144,-25.668866958746325,18.59191782149433,52.40959325002751,53294.0,0,1.0,22406.0,False,2006,2006,
05172,CHIGORODO,ANTIOQUIA,Andina,2010,7.622243528283796,26.67707120602099,-19.054827677737194,12.46351430239346,40.15411801070478,53294.0,0,1.0,15171.0,False,2006,2006,
05190,CISNEROS,ANTIOQUIA,Andina,2010,2.8861571352218065,35.79284809960241,-32.9066909643806,23.64294330518697,23.752542770805896,53294.0,0,1.0,3949.0,False,2006,2006,
05197,COCORNA,ANTIOQUIA,Andina,2010,1.0825439783491204,21.00713597312381,-19.924591994774687,6.327418814864412,36.2308664513411,53294.0,0,1.0,5272.0,False,2006,2006,
05206,CONCEPCION,ANTIOQUIA,Andina,2010,1.0192525481313703,20.514595194924386,-19.495342646793016,6.126616746085772,25.94644506001847,53294.0,0,1.0,1811.0,False,2006,2006,
05209,CONCORDIA,ANTIOQUIA,Andina,2010,1.3662736290473516,20.1002167032118,-18.733943074164447,5.01272762874486,39.219824663116256,53294.0,0,1.0,5586.0,False,2006,2006,
05212,COPACABANA,ANTIOQUIA,Andina,2010,5.279463565759878,46.77190565932709,-41.49244209356721,36.924593395761455,9.752891229176813,53294.0,0,1.0,24725.0,False,2006,2006,
05234,DABEIBA,ANTIOQUIA,Andina,2010,1.1534025374855823,24.72175728525901,-23.568354747773427,8.947612424663886,66.48931522775008,53294.0,0,1.0,3589.0,False,2006,2006,
05237,DONMATIAS,ANTIOQUIA,Andina,2010,1.2670408981555734,23.845034848121728,-22.577993949966153,10.186688311688313,18.720800476450144,53294.0,0,1.0,6552.0,False,2006,2006,
05240,EBEJICO,ANTIOQUIA,Andina,2010,1.2214796035952986,23.243019571475845,-22.021539967880546,8.423988842398884,42.51936404402772,53294.0,0,1.0,4500.0,False,2006,2006,
05250,EL BAGRE,ANTIOQUIA,Andina,2010,4.183139905624283,25.34161360140969,-21.158473695785407,10.507824976045992,50.75461318551599,53294.0,0,1.0,8069.0,False,2006,2006,
05264,ENTRERRIOS,ANTIOQUIA,Andina,2010,1.5356820234869015,21.396022160774827,-19.860340137287924,7.410046312789455,15.264127714851655,53294.0,0,1.0,3479.0,False,2006,2006,
05266,ENVIGADO,ANTIOQUIA,Andina,2010,3.28894744271397,31.159060506383682,-27.870113063669713,19.158883573605824,5.4303186490817845,53294.0,0,1.0,110331.0,False,2006,2006,
05282,FREDONIA,ANTIOQUIA,Andina,2010,3.1195008798592228,31.60611495336512,-28.486614073505894,18.900401069518715,24.5182299631008,53294.0,0,1.0,6504.0,False,2006,2006,
05284,FRONTINO,ANTIOQUIA,Andina,2010,1.9960517657381005,25.801295171192855,-23.805243405454753,11.209593326381649,44.36635514893826,53294.0,0,1.0,4777.0,False,2006,2006,
05306,GIRALDO,ANTIOQUIA,Andina,2010,1.2850467289719625,25.978319476093233,-24.69327274712127,11.46551724137931,47.37859386325199,53294.0,0,1.0,1742.0,False,2006,2006,
05308,GIRARDOTA,ANTIOQUIA,Andina,2010,6.054126702914045,53.82332513475711,-47.769198431843066,44.74976243268926,15.433221307370587,53294.0,0,1.0,17292.0,False,2006,2006,
05310,GOMEZ PLATA,ANTIOQUIA,Andina,2010,1.698867421718854,30.658745019282968,-28.959877597564113,17.087931648273408,39.44886009838278,53294.0,0,1.0,3179.0,False,2006,2006,
05313,GRANADA,ANTIOQUIA,Andina,2010,1.352941176470588,21.14827915602452,-19.79533797955393,6.666666666666667,27.257148977187533,53294.0,0,1.0,3454.0,False,2006,2006,
05315,GUADALUPE,ANTIOQUIA,Andina,2010,0.7117437722419928,35.260871973129085,-34.54912820088709,21.7948717948718,48.21782178217822,53294.0,0,1.0,1187.0,False,2006,2006,
05318,GUARNE,ANTIOQUIA,Andina,2010,2.86242552900089,30.865710391842104,-28.003284862841213,18.268347666360523,17.72544567755159,53294.0,0,1.0,15254.0,False,2006,2006,
05321,GUATAPE,ANTIOQUIA,Andina,2010,1.899148657498363,21.834695507110176,-19.935546849611814,8.259587020648967,14.50621755955658,53294.0,0,1.0,3129.0,False,2006,2006,
05347,HELICONIA,ANTIOQUIA,Andina,2010,2.164900967296177,27.742007333281844,-25.577106365985667,14.076881429344883,34.27200990252205,53294.0,0,1.0,2242.0,False,2006,2006,
05353,HISPANIA,ANTIOQUIA,Andina,2010,2.6970954356846475,27.329333980079827,-24.63223854439518,13.486005089058525,28.25814536340852,53294.0,0,1.0,2002.0,False,2006,2006,
05360,ITAGUI,ANTIOQUIA,Andina,2010,4.275556811225691,35.64478120249426,-31.369224391268567,24.135865265061604,8.79107945428604,53294.0,0,1.0,111106.0,False,2006,2006,
05361,ITUANGO,ANTIOQUIA,Andina,2010,1.6367265469061876,32.74507885271714,-31.108352305810953,17.80821917808219,65.215117855835,53294.0,0,1.0,2723.0,False,2006,2006,
05364,JARDIN,ANTIOQUIA,Andina,2010,3.332164152928797,27.853845734867065,-24.521681581938267,14.67116357504216,24.280588193906983,53294.0,0,1.0,5860.0,False,2006,2006,
05368,JERICO,ANTIOQUIA,Andina,2010,0.8676789587852495,22.269726755131387,-21.40204779634614,8.071299819747647,27.062164487294687,53294.0,0,1.0,5242.0,False,2006,2006,
05376,LA CEJA,ANTIOQUIA,Andina,2010,2.3691194209891435,28.379241414824733,-26.01012199383559,15.575844241557585,13.75297575256917,53294.0,0,1.0,21665.0,False,2006,2006,
05380,LA ESTRELLA,ANTIOQUIA,Andina,2010,3.356890459363958,36.96039308848024,-33.60350262911628,25.54460940752047,11.636054329059949,53294.0,0,1.0,19587.0,False,2006,2006,
05390,LA PINTADA,ANTIOQUIA,Andina,2010,1.7717346518335393,22.00015771823532,-20.22842306640178,7.326355851569934,37.62760603882099,53294.0,0,1.0,2500.0,False,2006,2006,
05400,LA UNION,ANTIOQUIA,Andina,2010,1.1489850631941785,25.21767653533083,-24.068691472136653,11.723233316937202,18.398496770539406,53294.0,0,1.0,8130.0,False,2006,2006,
05411,LIBORINA,ANTIOQUIA,Andina,2010,1.1901306240928884,25.133668979546897,-23.94353835545401,11.02623713052142,35.2267864783911,53294.0,0,1.0,3528.0,False,2006,2006,
05425,MACEO,ANTIOQUIA,Andina,2010,1.419624217118998,25.30984785095332,-23.890223633834324,11.221837088388217,35.42168674698795,53294.0,0,1.0,2467.0,False,2006,2006,
05440,MARINILLA,ANTIOQUIA,Andina,2010,3.2510535821794098,33.52549286973006,-30.27443928755065,21.55667647470926,14.56087825107315,53294.0,0,1.0,17071.0,False,2006,2006,
05467,MONTEBELLO,ANTIOQUIA,Andina,2010,0.657030223390276,21.77202042306233,-21.114990199672054,7.142857142857142,33.9742721733243,53294.0,0,1.0,2384.0,False,2006,2006,
05475,MURINDO,ANTIOQUIA,Andina,2010,0.927643784786642,23.244352227851746,-22.316708443065103,5.660377358490567,97.0848813946842,53294.0,0,1.0,549.0,False,2006,2006,
05480,MUTATA,ANTIOQUIA,Andina,2010,3.021045485403937,23.636971457402765,-20.615925971998827,8.0,60.74058707602946,53294.0,0,1.0,3042.0,False,2006,2006,
05483,NARINO,ANTIOQUIA,Andina,2010,0.6123106670963584,18.4732443600689,-17.86093369297254,3.333333333333333,34.22163002442816,53294.0,0,1.0,3177.0,False,2006,2006,
05490,NECOCLI,ANTIOQUIA,Andina,2010,2.052411873840445,21.299880612807545,-19.2474687389671,4.72737040021488,77.80315905763716,53294.0,0,1.0,8903.0,False,2006,2006,
05495,NECHI,ANTIOQUIA,Andina,2010,1.8032056990204808,26.812912367584303,-25.009706668563823,11.545293072824157,68.12906878007358,53294.0,0,1.0,4583.0,False,2006,2006,
05501,OLAYA,ANTIOQUIA,Andina,2010,1.7595307917888563,24.36284902620693,-22.603318234418076,9.927611168562564,40.6282722513089,53294.0,0,1.0,1044.0,False,2006,2006,
05541,PENOL,ANTIOQUIA,Andina,2010,1.7292490118577075,24.532685705650483,-22.803436693792776,10.930668332292315,21.52912561421208,53294.0,0,1.0,6246.0,False,2006,2006,
05543,PEQUE,ANTIOQUIA,Andina,2010,1.687051876845213,31.702160428304094,-30.01510855145888,16.72979797979798,74.51006711409396,53294.0,0,1.0,2443.0,False,2006,2006,
05576,PUEBLORRICO,ANTIOQUIA,Andina,2010,1.6036184210526316,23.2144200951817,-21.61080167412907,8.95397489539749,30.022102161100197,53294.0,0,1.0,2501.0,False,2006,2006,
05579,PUERTO BERRIO,ANTIOQUIA,Andina,2010,3.927752293577982,32.14713939591279,-28.219387102334807,18.741648106904236,38.429531076075214,53294.0,0,1.0,10967.0,False,2006,2006,
05585,PUERTO NARE,ANTIOQUIA,Andina,2010,16.99281644785732,47.762041718881775,-30.769225271024457,37.231920199501246,31.940845797542057,53294.0,0,1.0,4143.0,False,2006,2006,
05591,PUERTO TRIUNFO,ANTIOQUIA,Andina,2010,1.8174308137133413,25.996730130689173,-24.179299316975833,12.076053442959918,33.65030008302908,53294.0,0,1.0,4985.0,False,2006,2006,
05604,REMEDIOS,ANTIOQUIA,Andina,2010,2.950273614085177,30.026955840783295,-27.076682226698118,15.874294923448833,47.56499805975941,53294.0,0,1.0,4385.0,False,2006,2006,
05607,RETIRO,ANTIOQUIA,Andina,2010,1.588823448842624,29.69550692675159,-28.106683477908966,17.251507188127995,12.20021843784081,53294.0,0,1.0,7585.0,False,2006,2006,
05615,RIONEGRO,ANTIOQUIA,Andina,2010,3.5094577279735923,35.405503827941345,-31.89604609996775,23.75019032634624,12.462027362913092,53294.0,0,1.0,47994.0,False,2006,2006,
05628,SABANALARGA,ANTIOQUIA,Andina,2010,0.5577689243027889,22.874122799729523,-22.316353875426735,7.183758459135866,60.27853093418783,53294.0,0,1.0,2574.0,False,2006,2006,
05631,SABANETA,ANTIOQUIA,Andina,2010,3.0732763905349625,31.907987029974024,-28.83471063943906,20.00468631011657,6.838154664928179,53294.0,0,1.0,25442.0,False,2006,2006,
05642,SALGAR,ANTIOQUIA,Andina,2010,1.0413812003288572,18.66324702922827,-17.621865828899413,3.470437017994859,38.58158391647229,53294.0,0,1.0,3741.0,False,2006,2006,
05647,SAN ANDRES DE CUERQUIA,ANTIOQUIA,Andina,2010,2.4830699774266365,33.50171099053472,-31.01864101310808,20.294784580498867,37.24423160644319,53294.0,0,1.0,1442.0,False,2006,2006,
05649,SAN CARLOS,ANTIOQUIA,Andina,2010,1.272577996715928,23.673184548299965,-22.400606551584037,9.36842105263158,32.414799553609754,53294.0,0,1.0,4977.0,False,2006,2006,
05652,SAN FRANCISCO,ANTIOQUIA,Andina,2010,0.9213759213759214,20.75242578930607,-19.831049867930147,5.226960110041266,49.92010226909556,53294.0,0,1.0,1682.0,False,2006,2006,
05656,SAN JERONIMO,ANTIOQUIA,Andina,2010,2.773956900504356,29.291274852055267,-26.51731795155091,15.852047556142669,34.40163908989416,53294.0,0,1.0,4548.0,False,2006,2006,
05658,SAN JOSE DE LA MONTANA,ANTIOQUIA,Andina,2010,1.6877637130801686,21.30996411084937,-19.622200397769202,7.107843137254902,21.52188112344873,53294.0,0,1.0,1274.0,False,2006,2006,
05659,SAN JUAN DE URABA,ANTIOQUIA,Andina,2010,3.492316902813809,22.939154727730497,-19.446837824916688,6.760563380281689,75.86115014114154,53294.0,0,1.0,5087.0,False,2006,2006,
05660,SAN LUIS,ANTIOQUIA,Andina,2010,0.9697661152310324,20.851172180458192,-19.88140606522716,6.172106824925816,33.5732550430912,53294.0,0,1.0,3589.0,False,2006,2006,
05664,SAN PEDRO DE LOS MILAGROS,ANTIOQUIA,Andina,2010,1.2340867757859184,26.33000442989246,-25.09591765410654,12.929745889387146,17.871536033807075,53294.0,0,1.0,8189.0,False,2006,2006,
05665,SAN PEDRO DE URABA,ANTIOQUIA,Andina,2010,1.7466628798636752,22.447577111535814,-20.70091423167214,5.868155076180419,82.49716234074289,53294.0,0,1.0,7161.0,False,2006,2006,
05667,SAN RAFAEL,ANTIOQUIA,Andina,2010,1.4229064613949147,26.24613092439537,-24.823224463000454,12.20710506424792,35.09837073470642,53294.0,0,1.0,4408.0,False,2006,2006,
05670,SAN ROQUE,ANTIOQUIA,Andina,2010,1.7584257902449236,26.699711049215942,-24.941285258971018,12.62677484787018,38.11573944646352,53294.0,0,1.0,4950.0,False,2006,2006,
05674,SAN VICENTE FERRER,ANTIOQUIA,Andina,2010,1.716527709661599,22.79925947335119,-21.08273176368959,8.597469732009252,29.922854925078347,53294.0,0,1.0,8368.0,False,2006,2006,
05679,SANTA BARBARA,ANTIOQUIA,Andina,2010,2.2131887985546523,31.559348740176144,-29.346159941621494,18.57088269010317,28.458212574761188,53294.0,0,1.0,9191.0,False,2006,2006,
05686,SANTA ROSA DE OSOS,ANTIOQUIA,Andina,2010,1.621532636430982,23.668696888668112,-22.04716425223713,9.611106167126456,23.51898579685691,53294.0,0,1.0,13004.0,False,2006,2006,
05690,SANTO DOMINGO,ANTIOQUIA,Andina,2010,2.3543260741612717,30.486156391619254,-28.131830317457982,17.33377439629507,29.074384540721788,53294.0,0,1.0,3515.0,False,2006,2006,
05697,EL SANTUARIO,ANTIOQUIA,Andina,2010,1.5847734331448593,21.87842216208656,-20.2936487289417,7.9389788293897885,20.733219790149032,53294.0,0,1.0,12894.0,False,2006,2006,
05736,SEGOVIA,ANTIOQUIA,Andina,2010,3.9339914542507737,35.06221096652391,-31.128219512273134,21.80127432409161,41.36701954345824,53294.0,0,1.0,7106.0,False,2006,2006,
05756,SONSON,ANTIOQUIA,Andina,2010,0.975399223133362,21.27469928510181,-20.29930006196845,6.642319105227116,33.74854531353758,53294.0,0,1.0,11914.0,False,2006,2006,
05761,SOPETRAN,ANTIOQUIA,Andina,2010,2.535211267605634,33.683923722052185,-31.148712454446553,20.79589216944801,33.55293668838406,53294.0,0,1.0,4415.0,False,2006,2006,
05789,TAMESIS,ANTIOQUIA,Andina,2010,2.788041652670474,27.65734010211421,-24.869298449443733,14.212570621468926,28.24830671720624,53294.0,0,1.0,6146.0,False,2006,2006,
05790,TARAZA,ANTIOQUIA,Andina,2010,5.262219051016768,29.094948885948703,-23.832729834931936,14.294871794871794,61.9709123257588,53294.0,0,1.0,5886.0,False,2006,2006,
05792,TARSO,ANTIOQUIA,Andina,2010,2.0708446866485013,23.48900779469018,-21.41816310804168,8.956109134045077,38.94468807469232,53294.0,0,1.0,1884.0,False,2006,2006,
05809,TITIRIBI,ANTIOQUIA,Andina,2010,1.4502307185234016,26.602185189634508,-25.151954471111107,12.8968253968254,27.78323633890107,53294.0,0,1.0,3196.0,False,2006,2006,
05819,TOLEDO,ANTIOQUIA,Andina,2010,2.061855670103093,28.92039555814108,-26.85853988803799,14.285714285714285,50.47487138899881,53294.0,0,1.0,862.0,False,2006,2006,
05837,TURBO,ANTIOQUIA,Andina,2010,7.297534567269002,21.89115731910805,-14.593622751839048,5.828737029073572,67.38367226629619,53294.0,0,1.0,28285.0,False,2006,2006,
05842,URAMITA,ANTIOQUIA,Andina,2010,1.6049382716049383,26.643567258210783,-25.038628986605843,11.420612813370472,63.59377153093565,53294.0,0,1.0,1650.0,False,2006,2006,
05847,URRAO,ANTIOQUIA,Andina,2010,0.8620689655172413,22.310500530852714,-21.448431565335472,7.366519470092332,40.20036495161487,53294.0,0,1.0,6878.0,False,2006,2006,
05854,VALDIVIA,ANTIOQUIA,Andina,2010,1.8290089323692045,33.455288377127495,-31.62627944475829,19.49044585987261,54.490872703014126,53294.0,0,1.0,2461.0,False,2006,2006,
05856,VALPARAISO,ANTIOQUIA,Andina,2010,3.309352517985612,36.81264127672999,-33.50328875874438,24.88384099122354,26.246217550565376,53294.0,0,1.0,2167.0,False,2006,2006,
05858,VEGACHI,ANTIOQUIA,Andina,2010,1.190893169877408,21.44830104181425,-20.25740787193684,6.242399675719498,46.32596076341115,53294.0,0,1.0,2952.0,False,2006,2006,
05861,VENECIA,ANTIOQUIA,Andina,2010,1.573204770362852,24.399270804857416,-22.826066034494563,10.490045941807043,26.014301844185173,53294.0,0,1.0,4071.0,False,2006,2006,
05873,VIGIA DEL FUERTE,ANTIOQUIA,Andina,2010,0.7194244604316548,20.348750115756918,-19.629325655325264,3.945745992601726,68.34586466165413,53294.0,0,1.0,1559.0,False,2006,2006,
05885,YALI,ANTIOQUIA,Andina,2010,0.7514088916718847,29.08210910111496,-28.330700209443073,14.902807775377967,44.941665334825,53294.0,0,1.0,1652.0,False,2006,2006,
05887,YARUMAL,ANTIOQUIA,Andina,2010,2.2638839759462326,29.91120939803229,-27.64732542208606,16.535250463821892,28.256433824458867,53294.0,0,1.0,11953.0,False,2006,2006,
05890,YOLOMBO,ANTIOQUIA,Andina,2010,2.2678951098511693,28.727908277971686,-26.46001316812052,14.868287740628167,40.628735066630085,53294.0,0,1.0,4418.0,False,2006,2006,
05893,YONDO,ANTIOQUIA,Andina,2010,18.991097922848667,45.9985205760596,-27.00742265321093,33.88429752066116,59.05479213542458,53294.0,0,1.0,4156.0,False,2006,2006,
05895,ZARAGOZA,ANTIOQUIA,Andina,2010,3.11787072243346,30.2447837847373,-27.126913062303842,15.565147019152953,64.29899076201116,53294.0,0,1.0,4142.0,False,2006,2006,
08001,BARRANQUILLA,ATLANTICO,Caribe,2010,23.814656814199743,48.06139572315854,-24.246738908958797,40.57634950640622,17.71819019849722,927.0,0,1.0,267206.0,False,2006,2006,
08078,BARANOA,ATLANTICO,Caribe,2010,27.015121630506243,55.91208660368679,-28.896964973180545,49.21664359105152,26.817526353576252,927.0,0,1.0,15422.0,False,2006,2006,
08137,CAMPO DE LA CRUZ,ATLANTICO,Caribe,2010,6.9447176864056654,29.159959269397085,-22.215241582991418,16.787866195719925,62.86484182343185,927.0,0,1.0,5127.0,False,2006,2006,
08141,CANDELARIA,ATLANTICO,Caribe,2010,7.606679035250464,21.107435077006862,-13.500756041756398,6.974522292993631,74.21638530637347,927.0,0,1.0,3817.0,False,2006,2006,
08296,GALAPA,ATLANTICO,Caribe,2010,28.75297855440826,56.10064299904991,-27.34766444464165,48.81740775780511,39.193043460344015,927.0,0,1.0,10289.0,False,2006,2006,
08372,JUAN DE ACOSTA,ATLANTICO,Caribe,2010,9.13766500942911,41.51599648231886,-32.378331472889755,32.47546346782988,30.95300773158729,927.0,0,1.0,5900.0,False,2006,2006,
08421,LURUACO,ATLANTICO,Caribe,2010,6.691312384473198,32.06308620207048,-25.37177381759728,20.69788249328959,50.5432610232853,927.0,0,1.0,8224.0,False,2006,2006,
08433,MALAMBO,ATLANTICO,Caribe,2010,25.888394699436013,46.563922018932175,-20.67552731949616,38.176964149504194,31.84410098479814,927.0,0,1.0,22218.0,False,2006,2006,
08436,MANATI,ATLANTICO,Caribe,2010,5.16318887105404,26.643009172010583,-21.479820300956543,14.154169955274927,57.14476188048446,927.0,0,1.0,3776.0,False,2006,2006,
08520,PALMAR DE VARELA,ATLANTICO,Caribe,2010,35.179050323394854,50.423848261138666,-15.244797937743812,42.40551042034617,37.663567628728615,927.0,0,1.0,6447.0,False,2006,2006,
08549,PIOJO,ATLANTICO,Caribe,2010,5.69377990430622,24.609052698073697,-18.91527279376748,11.995386389850058,54.034693596259295,927.0,0,1.0,2108.0,False,2006,2006,
08558,POLONUEVO,ATLANTICO,Caribe,2010,28.47748106815464,56.83059805177835,-28.353116983623714,49.86301369863014,35.362639108576055,927.0,0,1.0,5095.0,False,2006,2006,
08560,PONEDERA,ATLANTICO,Caribe,2010,8.396011894350183,26.219402905538516,-17.823391011188335,14.010743061772605,50.03404696050664,927.0,0,1.0,5810.0,False,2006,2006,
08573,PUERTO COLOMBIA,ATLANTICO,Caribe,2010,22.061713836477985,40.77303469291242,-18.711320856434433,31.894990947495472,24.74014721433544,927.0,0,1.0,10310.0,False,2006,2006,
08606,REPELON,ATLANTICO,Caribe,2010,9.92298578199052,26.663235112973673,-16.740249330983154,14.434499593165176,52.33123789098827,927.0,0,1.0,6864.0,False,2006,2006,
08634,SABANAGRANDE,ATLANTICO,Caribe,2010,27.78151637505608,40.215902995721535,-12.434386620665457,30.507131537242472,39.87950288914178,927.0,0,1.0,9063.0,False,2006,2006,
08638,SABANALARGA,ATLANTICO,Caribe,2010,18.207492316637595,43.77834747937199,-25.570855162734393,34.68850831471829,39.14103937361234,927.0,0,1.0,24402.0,False,2006,2006,
08675,SANTA LUCIA,ATLANTICO,Caribe,2010,7.142857142857142,27.606422517568173,-20.46356537471103,15.184308420696652,60.00387632921497,927.0,0,1.0,3402.0,False,2006,2006,
08685,SANTO TOMAS,ATLANTICO,Caribe,2010,31.022727272727277,56.66494085099474,-25.642213578267462,49.78551602321474,33.84129937921965,927.0,0,1.0,8022.0,False,2006,2006,
08758,SOLEDAD,ATLANTICO,Caribe,2010,30.15550873201567,51.334745424989194,-21.179236692973525,44.05625021890652,24.06808486816292,927.0,0,1.0,78948.0,False,2006,2006,
08770,SUAN,ATLANTICO,Caribe,2010,4.351795496043822,21.457650859627318,-17.105855363583494,8.26538176426983,55.39918299434999,927.0,0,1.0,3315.0,False,2006,2006,
08832,TUBARA,ATLANTICO,Caribe,2010,18.22264240132356,46.70415069694282,-28.481508295619257,38.22825219473264,35.902604865466,927.0,0,1.0,4299.0,False,2006,2006,
08849,USIACURI,ATLANTICO,Caribe,2010,11.168562564632884,40.46654656910293,-29.297984004470045,30.685483870967744,43.279792307569245,927.0,0,1.0,2946.0,False,2006,2006,
11001,BOGOTA DC,BOGOTA DC,Andina,2010,8.702550870125297,32.97525465863259,-24.272703788507297,23.489904327251303,9.203008769590868,1210.0,0,1.0,2832293.0,False,2006,2006,
13001,CARTAGENA DE INDIAS,BOLIVAR,Caribe,2010,23.185086815906917,42.354016403003996,-19.16892958709708,33.2685647736676,26.010599956073264,8424.0,0,1.0,226448.0,False,2006,2006,
13006,ACHI,BOLIVAR,Caribe,2010,4.164752717807381,19.61560918623067,-15.45085646842329,4.671280276816609,80.74274160908334,8424.0,0,1.0,6572.0,False,2006,2006,
13030,ALTOS DEL ROSARIO,BOLIVAR,Caribe,2010,3.225806451612903,28.252228201733054,-25.02642175012015,15.168539325842698,68.83263009845288,8424.0,0,1.0,2310.0,False,2006,2006,
13042,ARENAL,BOLIVAR,Caribe,2010,9.612320764737122,32.49030906200653,-22.87798829726941,20.44636429085673,59.174249626510935,8424.0,0,1.0,1899.0,False,2006,2006,
13052,ARJONA,BOLIVAR,Caribe,2010,18.21445190454032,40.48633437116912,-22.271882466628803,29.60156440967979,58.83275788501893,8424.0,0,1.0,15549.0,False,2006,2006,
13062,ARROYOHONDO,BOLIVAR,Caribe,2010,4.997664642690332,22.677547793303955,-17.679883150613623,8.840749414519907,67.80315944993748,8424.0,0,1.0,2165.0,False,2006,2006,
13074,BARRANCO DE LOBA,BOLIVAR,Caribe,2010,4.760665972944849,29.118437280354286,-24.357771307409436,15.847974184295447,74.54185893210283,8424.0,0,1.0,3873.0,False,2006,2006,
13140,CALAMAR,BOLIVAR,Caribe,2010,6.197274497079818,25.482461004505495,-19.285186507425678,11.79235642754956,71.9874896990286,8424.0,0,1.0,6261.0,False,2006,2006,
13160,CANTAGALLO,BOLIVAR,Caribe,2010,16.599597585513077,28.51654286413467,-11.916945278621593,15.775972637879434,61.87564302847976,8424.0,0,1.0,2011.0,False,2006,2006,
13188,CICUCO,BOLIVAR,Caribe,2010,11.855324849296718,29.939915984903948,-18.08459113560723,17.475728155339805,60.87669734803609,8424.0,0,1.0,3021.0,False,2006,2006,
13212,CORDOBA,BOLIVAR,Caribe,2010,5.984806373911432,24.751115882253025,-18.766309508341593,11.070559610705596,70.23753711517425,8424.0,0,1.0,5442.0,False,2006,2006,
13222,CLEMENCIA,BOLIVAR,Caribe,2010,7.191892775416803,29.976729380711596,-22.784836605294792,16.97624190064795,72.06473350190934,8424.0,0,1.0,3131.0,False,2006,2006,
13244,EL CARMEN DE BOLIVAR,BOLIVAR,Caribe,2010,4.107529734270681,28.462862838538207,-24.355333104267526,14.191761855313256,93.44722379013186,8424.0,0,1.0,22935.0,False,2006,2006,
13248,EL GUAMO,BOLIVAR,Caribe,2010,4.10814606741573,21.748334237099577,-17.640188169683846,8.111380145278451,59.11444847229414,8424.0,0,1.0,2866.0,False,2006,2006,
13268,EL PENON,BOLIVAR,Caribe,2010,14.501108647450112,28.635024214408197,-14.133915566958086,15.429122468659596,72.86406528946698,8424.0,0,1.0,2266.0,False,2006,2006,
13300,HATILLO DE LOBA,BOLIVAR,Caribe,2010,6.994127068873465,30.64744037811246,-23.653313309238996,17.49249249249249,78.34841227603336,8424.0,0,1.0,3762.0,False,2006,2006,
13430,MAGANGUE,BOLIVAR,Caribe,2010,28.359905564137687,35.806891216308394,-7.4469856521707065,24.43444417416687,54.38706276390048,8424.0,0,1.0,34805.0,False,2006,2006,
13433,MAHATES,BOLIVAR,Caribe,2010,9.99512432959532,29.298595747750518,-19.303471418155198,17.07107579987116,53.67523252311738,8424.0,0,1.0,6263.0,False,2006,2006,
13440,MARGARITA,BOLIVAR,Caribe,2010,5.687047994740302,29.005529746900166,-23.31848175215986,15.705412599822536,76.03296938557054,8424.0,0,1.0,3057.0,False,2006,2006,
13442,MARIA LA BAJA,BOLIVAR,Caribe,2010,7.272249934365975,32.536424819877894,-25.26417488551192,20.50037341299477,59.98513818739164,8424.0,0,1.0,11608.0,False,2006,2006,
13458,MONTECRISTO,BOLIVAR,Caribe,2010,3.6687048360200114,55.72046352225607,-52.051758686236056,46.7436974789916,68.33199033037872,8424.0,0,1.0,1816.0,False,2006,2006,
13468,SANTA CRUZ DE MOMPOX,BOLIVAR,Caribe,2010,13.175735950044604,32.14872572563981,-18.972989775595202,20.42381819925209,51.625117975730376,8424.0,0,1.0,11368.0,False,2006,2006,
13473,MORALES,BOLIVAR,Caribe,2010,7.303651825912956,23.34967598840408,-16.046024162491122,9.687184661957618,63.80289152978579,8424.0,0,1.0,4067.0,False,2006,2006,
13490,NOROSI,BOLIVAR,Caribe,2010,4.481434058898848,30.923361926423453,-26.441927867524605,18.68139184308965,88.80529641889858,8424.0,0,1.0,791.0,False,2006,2006,
13549,PINILLOS,BOLIVAR,Caribe,2010,6.580211335254563,20.611270962354602,-14.031059627100039,5.810616929698709,81.05133397904376,8424.0,0,1.0,6317.0,False,2006,2006,
13580,REGIDOR,BOLIVAR,Caribe,2010,17.908578584846587,31.091763690228838,-13.18318510538225,18.55828220858896,66.73378076062639,8424.0,0,1.0,1615.0,False,2006,2006,
13600,RIO VIEJO,BOLIVAR,Caribe,2010,5.42317173377157,31.3316672781037,-25.908495544332133,18.285714285714285,76.98472960431958,8424.0,0,1.0,2456.0,False,2006,2006,
13620,SAN CRISTOBAL,BOLIVAR,Caribe,2010,8.639787328311918,25.25961679089386,-16.61982946258194,12.80107047279215,45.961977186311785,8424.0,0,1.0,2273.0,False,2006,2006,
13647,SAN ESTANISLAO,BOLIVAR,Caribe,2010,8.758144883096971,29.343902769828407,-20.585757886731436,16.93618881118881,57.08295644385743,8424.0,0,1.0,5324.0,False,2006,2006,
13650,SAN FERNANDO,BOLIVAR,Caribe,2010,11.03565365025467,30.360596950864483,-19.324943300609814,17.55533199195171,69.80205859065717,8424.0,0,1.0,2378.0,False,2006,2006,
13654,SAN JACINTO,BOLIVAR,Caribe,2010,4.944512946979039,30.754827610776623,-25.810314663797584,16.79098292723355,94.38197579001826,8424.0,0,1.0,8210.0,False,2006,2006,
13655,SAN JACINTO DEL CAUCA,BOLIVAR,Caribe,2010,4.1046459179070816,22.29394323397585,-18.189297316068767,7.310529845741113,90.4253825635266,8424.0,0,1.0,2236.0,False,2006,2006,
13657,SAN JUAN NEPOMUCENO,BOLIVAR,Caribe,2010,5.96049951288637,26.49009538727116,-20.52959587438479,13.159433851912503,67.87029764068902,8424.0,0,1.0,11431.0,False,2006,2006,
13667,SAN MARTIN DE LOBA,BOLIVAR,Caribe,2010,10.217842323651452,35.41428419693188,-25.196441873280428,23.42681258549932,68.92749699252605,8424.0,0,1.0,3886.0,False,2006,2006,
13670,SAN PABLO,BOLIVAR,Caribe,2010,11.088141326818269,36.256697471558404,-25.168556144740137,24.40876545888479,65.92718788068991,8424.0,0,1.0,5429.0,False,2006,2006,
13673,SANTA CATALINA,BOLIVAR,Caribe,2010,16.51537335285505,44.37372746565245,-27.8583541127974,34.64412111679119,48.33710127710803,8424.0,0,1.0,3455.0,False,2006,2006,
13683,SANTA ROSA,BOLIVAR,Caribe,2010,11.65440303821505,33.5934075532766,-21.939004515061548,20.1953261248692,91.89803613169876,8424.0,0,1.0,4297.0,False,2006,2006,
13688,SANTA ROSA DEL SUR,BOLIVAR,Caribe,2010,2.6881720430107525,30.912050531287477,-28.223878488276725,18.325358851674643,55.42506525507513,8424.0,0,1.0,6306.0,False,2006,2006,
13744,SIMITI,BOLIVAR,Caribe,2010,6.508739650413983,38.35965376943754,-31.85091411902356,26.91615689096797,62.00044159858689,8424.0,0,1.0,4451.0,False,2006,2006,
13760,SOPLAVIENTO,BOLIVAR,Caribe,2010,22.105608396195475,47.99112379862109,-25.885515402425614,38.601722995361165,53.22622261020052,8424.0,0,1.0,3097.0,False,2006,2006,
13780,TALAIGUA NUEVO,BOLIVAR,Caribe,2010,7.454251883745963,25.924929733768117,-18.470677850022156,12.74247491638796,63.48135315036018,8424.0,0,1.0,3755.0,False,2006,2006,
13810,TIQUISIO,BOLIVAR,Caribe,2010,3.0132939438700146,26.56342767594512,-23.550133732075107,12.413793103448276,86.48026139589695,8424.0,0,1.0,3443.0,False,2006,2006,
13836,TURBACO,BOLIVAR,Caribe,2010,16.771196283391404,45.75276495330266,-28.981568669911255,36.027522935779814,49.62344198413026,8424.0,0,1.0,17709.0,False,2006,2006,
13838,TURBANA,BOLIVAR,Caribe,2010,12.745936698032509,36.735323689702646,-23.989386991670138,25.20949720670391,62.02340606652362,8424.0,0,1.0,4768.0,False,2006,2006,
13873,VILLANUEVA,BOLIVAR,Caribe,2010,7.651670074982958,27.832985599254805,-20.181315524271845,13.845530103385364,86.43400912086608,8424.0,0,1.0,6119.0,False,2006,2006,
13894,ZAMBRANO,BOLIVAR,Caribe,2010,11.150394343214575,28.452135829088785,-17.30174148587421,15.97074062785736,55.92031371901955,8424.0,0,1.0,3745.0,False,2006,2006,
15001,TUNJA,BOYACA,Andina,2010,7.141092167037312,42.08529765164563,-34.94420548460832,33.841451070893555,12.011645894679718,678.0,0,1.0,62016.0,False,2006,2006,
15022,ALMEIDA,BOYACA,Andina,2010,2.375809935205184,20.000631270625792,-17.62482133542061,7.369758576874205,37.31549815498156,678.0,0,1.0,939.0,False,2006,2006,
15047,AQUITANIA,BOYACA,Andina,2010,1.270665391446919,18.28129064475363,-17.01062525330671,5.168869309838473,42.76299428002984,678.0,0,1.0,7407.0,False,2006,2006,
15051,ARCABUCO,BOYACA,Andina,2010,4.298535663675012,31.28858194243618,-26.99004627876117,20.42574759249873,33.25457767277023,678.0,0,1.0,2200.0,False,2006,2006,
15087,BELEN,BOYACA,Andina,2010,5.011587485515643,27.351402168612474,-22.33981468309683,15.909090909090908,31.05612124082406,678.0,0,1.0,3544.0,False,2006,2006,
15090,BERBEO,BOYACA,Andina,2010,4.139715394566624,21.546895812553014,-17.40718041798639,8.815028901734104,36.121883656509695,678.0,0,1.0,807.0,False,2006,2006,
15092,BETEITIVA,BOYACA,Andina,2010,4.462242562929062,25.316266821509412,-20.85402425858035,11.98501872659176,64.02183039462636,678.0,0,1.0,910.0,False,2006,2006,
15097,BOAVITA,BOYACA,Andina,2010,3.4194831013916502,23.093498205144993,-19.67401510375334,10.146650812524772,52.884465868449695,678.0,0,1.0,2568.0,False,2006,2006,
15104,BOYACA,BOYACA,Andina,2010,3.225806451612903,25.817234461728575,-22.59142801011567,13.372093023255813,51.0057590895039,678.0,0,1.0,1825.0,False,2006,2006,
15106,BRICENO,BOYACA,Andina,2010,1.3157894736842104,21.778474316564285,-20.462684842880076,9.281437125748502,35.01696192989069,678.0,0,1.0,1008.0,False,2006,2006,
15109,BUENAVISTA,BOYACA,Andina,2010,2.3086789226165028,20.036505020107597,-17.727826097491096,7.064439140811456,45.04254210800486,678.0,0,1.0,2378.0,False,2006,2006,
15114,BUSBANZA,BOYACA,Andina,2010,7.216494845360824,32.87231741262125,-25.655822567260426,21.01063829787234,57.96766743648961,678.0,0,0.79,395.0,False,2006,2006,
15131,CALDAS,BOYACA,Andina,2010,6.370192307692308,26.41805146045271,-20.047859152760402,14.612452350698856,39.04320987654321,678.0,0,1.0,1683.0,False,2006,2006,
15135,CAMPOHERMOSO,BOYACA,Andina,2010,1.664254703328509,18.493922837993217,-16.829668134664708,5.031446540880504,44.050698396275216,678.0,0,1.0,1408.0,False,2006,2006,
15162,CERINZA,BOYACA,Andina,2010,10.232809962100704,35.934008097165076,-25.701198135064374,25.7566765578635,26.018559808720767,678.0,0,1.0,1920.0,False,2006,2006,
15172,CHINAVITA,BOYACA,Andina,2010,2.7149321266968327,20.60145814525747,-17.886526018560637,8.16591056383668,35.79092159559835,678.0,0,1.0,1573.0,False,2006,2006,
15176,CHIQUINQUIRA,BOYACA,Andina,2010,5.547071284299719,32.56760707847096,-27.020535794171238,22.655842273122644,17.86931806055623,678.0,0,1.0,20715.0,False,2006,2006,
15180,CHISCAS,BOYACA,Andina,2010,1.5463917525773196,17.013743579093774,-15.467351826516454,2.5334608030592736,69.98444790046656,678.0,0,1.0,1969.0,False,2006,2006,
15183,CHITA,BOYACA,Andina,2010,1.0895170789163722,17.3356833004749,-16.24616622155853,2.335586969883221,81.21906240900708,678.0,0,1.0,3448.0,False,2006,2006,
15185,CHITARAQUE,BOYACA,Andina,2010,3.260869565217391,24.1358237007167,-20.87495413549931,11.627906976744184,47.31497153408217,678.0,0,1.0,1961.0,False,2006,2006,
15187,CHIVATA,BOYACA,Andina,2010,4.601899196493791,38.085189288287104,-33.483290091793315,27.555192150449717,49.37099865154748,678.0,0,1.0,1396.0,False,2006,2006,
15189,CIENEGA,BOYACA,Andina,2010,1.4664143803216652,20.85896869563123,-19.392554315309564,8.620689655172415,29.807692307692307,678.0,0,1.0,2161.0,False,2006,2006,
15204,COMBITA,BOYACA,Andina,2010,4.756667583172945,32.339715601396705,-27.58304801822376,21.396648044692736,38.39669374832224,678.0,0,1.0,3725.0,False,2006,2006,
15212,COPER,BOYACA,Andina,2010,1.0372178157413057,21.08216906416089,-20.044951248419586,8.027681660899653,47.03410776075136,678.0,0,1.0,1670.0,False,2006,2006,
15215,CORRALES,BOYACA,Andina,2010,5.487305487305488,30.883480161485853,-25.396174674180365,20.200181983621476,27.94830371567044,678.0,0,1.0,1247.0,False,2006,2006,
15218,COVARACHIA,BOYACA,Andina,2010,1.9417475728155336,20.951546200117235,-19.009798627301702,6.451612903225806,79.64657620700535,678.0,0,1.0,1358.0,False,2006,2006,
15223,CUBARA,BOYACA,Andina,2010,7.781201848998459,40.90461653342034,-33.12341468442188,30.19067796610169,58.4562284279887,678.0,0,1.0,1377.0,False,2006,2006,
15224,CUCAITA,BOYACA,Andina,2010,2.2938623682579045,39.84180503612577,-37.547942667867865,29.82233502538071,42.91216167757763,678.0,0,1.0,1654.0,False,2006,2006,
15226,CUITIVA,BOYACA,Andina,2010,4.655674102812803,23.7492218315614,-19.093547728748597,11.238532110091745,46.19341563786008,678.0,0,1.0,1043.0,False,2006,2006,
15232,CHIQUIZA,BOYACA,Andina,2010,1.5138023152270703,21.893458985581574,-20.379656670354503,8.99556272690601,48.99670954025623,678.0,0,1.0,2360.0,False,2006,2006,
15236,CHIVOR,BOYACA,Andina,2010,0.8663366336633664,18.996282767742898,-18.129946134079532,6.423173803526448,34.15765069551777,678.0,0,1.0,824.0,False,2006,2006,
15238,DUITAMA,BOYACA,Andina,2010,7.155499913659126,34.61189698519117,-27.456397071532045,25.419390806345344,8.99323931403001,678.0,0,1.0,47292.0,False,2006,2006,
15244,EL COCUY,BOYACA,Andina,2010,0.6635071090047393,17.01625920832509,-16.352752099320348,3.0501089324618738,54.66996385771352,678.0,0,1.0,2153.0,False,2006,2006,
15248,EL ESPINO,BOYACA,Andina,2010,1.129518072289157,16.599974567653213,-15.470456495364056,2.916073968705548,51.3531799729364,678.0,0,1.0,1338.0,False,2006,2006,
15272,FIRAVITOBA,BOYACA,Andina,2010,6.166666666666667,35.20674834095615,-29.040081674289485,25.268125268125267,27.59142765365628,678.0,0,1.0,2464.0,False,2006,2006,
15276,FLORESTA,BOYACA,Andina,2010,3.473491773308958,24.96202421992358,-21.488532446614624,12.484921592279855,46.13999356917565,678.0,0,1.0,1681.0,False,2006,2006,
15293,GACHANTIVA,BOYACA,Andina,2010,2.403846153846154,29.994294805987703,-27.59044865214155,17.774086378737543,60.34887621603489,678.0,0,1.0,1483.0,False,2006,2006,
15296,GAMEZA,BOYACA,Andina,2010,2.803308823529412,21.952668716129914,-19.1493598926005,9.289050337311885,44.186524239934265,678.0,0,1.0,2210.0,False,2006,2006,
15299,GARAGOA,BOYACA,Andina,2010,3.801708256573439,30.308446407076605,-26.506738150503168,19.82418371008253,23.062021953401743,678.0,0,1.0,6132.0,False,2006,2006,
15317,GUACAMAYAS,BOYACA,Andina,2010,2.050113895216401,18.657073786372155,-16.606959891155753,4.667444574095683,62.685093780848966,678.0,0,1.0,890.0,False,2006,2006,
15322,GUATEQUE,BOYACA,Andina,2010,3.9418212478920736,24.92856171238904,-20.986740464496968,13.494484862708283,25.95520421607378,678.0,0,1.0,4839.0,False,2006,2006,
15325,GUAYATA,BOYACA,Andina,2010,2.9356943150046595,21.070789946109464,-18.135095631104804,8.132260947274352,48.08274470232089,678.0,0,1.0,2175.0,False,2006,2006,
15332,GUICAN DE LA SIERRA,BOYACA,Andina,2010,3.5734870317002883,21.51434005714803,-17.94085302544774,7.6450892857142865,68.53836991662413,678.0,0,1.0,1763.0,False,2006,2006,
15362,IZA,BOYACA,Andina,2010,3.582395087001024,28.791027334722905,-25.20863224772188,18.201284796573876,23.221153846153847,678.0,0,1.0,989.0,False,2006,2006,
15367,JENESANO,BOYACA,Andina,2010,3.9030955585464335,23.48284385957093,-19.579748301024498,11.13234591495461,41.83065657285544,678.0,0,1.0,2334.0,False,2006,2006,
15368,JERICO,BOYACA,Andina,2010,1.4772727272727273,19.39092959933243,-17.913656872059704,5.038265306122449,74.00400623191632,678.0,0,1.0,1803.0,False,2006,2006,
15377,LABRANZAGRANDE,BOYACA,Andina,2010,2.194586686174104,19.172038340423097,-16.97745165424899,4.852686308492201,70.15098722415796,678.0,0,1.0,1392.0,False,2006,2006,
15380,LA CAPILLA,BOYACA,Andina,2010,1.531393568147014,27.390988444124027,-25.859594875977013,16.28252788104089,25.296442687747035,678.0,0,1.0,1328.0,False,2006,2006,
15401,LA VICTORIA,BOYACA,Andina,2010,2.861230329041488,16.082540535269054,-13.221310206227566,2.515723270440252,44.73524041387705,678.0,0,1.0,716.0,False,2006,2006,
15403,LA UVITA,BOYACA,Andina,2010,0.8468595624558928,17.461022654611625,-16.61416309215573,3.981420039814201,49.63072378138848,678.0,0,1.0,1435.0,False,2006,2006,
15407,VILLA DE LEYVA,BOYACA,Andina,2010,2.9069767441860463,33.4935318103566,-30.586555066170554,23.359161349134,25.86000910344291,678.0,0,1.0,5267.0,False,2006,2006,
15425,MACANAL,BOYACA,Andina,2010,2.0030816640986133,19.62004054320655,-17.616958879107937,7.095115681233934,35.23202111282164,678.0,0,1.0,1989.0,False,2006,2006,
15442,MARIPI,BOYACA,Andina,2010,1.5675097969362308,19.226474486568893,-17.65896468963266,6.004366812227074,47.6345627525088,678.0,0,1.0,2861.0,False,2006,2006,
15455,MIRAFLORES,BOYACA,Andina,2010,5.104808877928484,27.100352523431425,-21.99554364550294,15.867726224045118,25.347038253682317,678.0,0,1.0,4342.0,False,2006,2006,
15464,MONGUA,BOYACA,Andina,2010,1.6835016835016834,19.74317580229409,-18.059674118792408,6.62004662004662,47.14031268553335,678.0,0,1.0,2399.0,False,2006,2006,
15466,MONGUI,BOYACA,Andina,2010,4.505437597099949,27.639252078856686,-23.133814481756737,16.331360946745562,30.144627921260835,678.0,0,1.0,1978.0,False,2006,2006,
15469,MONIQUIRA,BOYACA,Andina,2010,8.449043751637412,32.63962694671947,-24.190583195082056,22.18082819888236,30.87876828488159,678.0,0,1.0,7910.0,False,2006,2006,
15476,MOTAVITA,BOYACA,Andina,2010,4.820261437908497,30.128306420861193,-25.308044982952694,18.45607808340728,50.19071333452641,678.0,0,1.0,2494.0,False,2006,2006,
15480,MUZO,BOYACA,Andina,2010,3.0181086519114686,22.62570744996341,-19.607598798051942,9.727512452387929,45.667011375387794,678.0,0,1.0,3599.0,False,2006,2006,
15491,NOBSA,BOYACA,Andina,2010,8.570075757575758,44.258937884077866,-35.68886212650211,36.316758747697975,13.542088791565106,678.0,0,1.0,6454.0,False,2006,2006,
15494,NUEVO COLON,BOYACA,Andina,2010,2.5961538461538463,29.80497598844093,-27.208822142287083,18.890074706510138,28.48296575889881,678.0,0,1.0,2137.0,False,2006,2006,
15500,OICATA,BOYACA,Andina,2010,3.754266211604096,35.519446389303084,-31.765180177698987,24.512298558100085,51.64438019515721,678.0,0,1.0,1201.0,False,2006,2006,
15507,OTANCHE,BOYACA,Andina,2010,1.5024038461538465,24.81697209564759,-23.314568249493743,12.22695035460993,50.66105180687494,678.0,0,1.0,3409.0,False,2006,2006,
15511,PACHAVITA,BOYACA,Andina,2010,2.9516994633273703,23.85883426811329,-20.907134804785922,11.720226843100187,37.00440528634361,678.0,0,1.0,1146.0,False,2006,2006,
15514,PAEZ,BOYACA,Andina,2010,1.815431164901664,20.896488517120115,-19.08105735221845,8.313908313908314,38.151364764268,678.0,0,1.0,1342.0,False,2006,2006,
15516,PAIPA,BOYACA,Andina,2010,6.581109632991628,34.01673702129058,-27.435627388298954,24.308734663980957,18.073287085278107,678.0,0,1.0,13050.0,False,2006,2006,
15518,PAJARITO,BOYACA,Andina,2010,1.762632197414806,18.133982618414766,-16.37135042099996,5.1004636785162285,41.63090128755365,678.0,0,1.0,860.0,False,2006,2006,
15522,PANQUEBA,BOYACA,Andina,2010,3.2828282828282838,16.09839952380333,-12.815571240975046,2.557544757033248,46.93287037037037,678.0,0,1.0,811.0,False,2006,2006,
15531,PAUNA,BOYACA,Andina,2010,2.228490832157969,44.60712396788779,-42.37863313572982,34.4869459623558,61.74033149171271,678.0,0,1.0,3624.0,False,2006,2006,
15533,PAYA,BOYACA,Andina,2010,3.3057851239669422,23.562034229017264,-20.256249105050323,8.51063829787234,82.41890268321987,678.0,0,1.0,629.0,False,2006,2006,
15537,PAZ DE RIO,BOYACA,Andina,2010,7.512953367875648,42.345273932751425,-34.83232056487578,33.38028169014085,27.60724124360488,678.0,0,1.0,2374.0,False,2006,2006,
15542,PESCA,BOYACA,Andina,2010,2.540156892043332,26.100777788628566,-23.560620896585235,13.636363636363637,50.11800042909247,678.0,0,1.0,2741.0,False,2006,2006,
15550,PISBA,BOYACA,Andina,2010,2.880658436213992,19.752823314601176,-16.872164878387185,4.871060171919771,80.77197998570408,678.0,0,0.986,493.0,False,2006,2006,
15572,PUERTO BOYACA,BOYACA,Andina,2010,8.013652890109075,35.728102588605374,-27.7144496984963,25.175597029901663,39.31081013810352,678.0,0,1.0,14317.0,False,2006,2006,
15580,QUIPAMA,BOYACA,Andina,2010,2.080624187256177,25.761465624073484,-23.680841436817307,13.039167079821516,53.77991642395846,678.0,0,1.0,2386.0,False,2006,2006,
15599,RAMIRIQUI,BOYACA,Andina,2010,1.8958483321334292,23.01840549246129,-21.12255716032786,10.631320032795848,41.50844435120109,678.0,0,1.0,4254.0,False,2006,2006,
15600,RAQUIRA,BOYACA,Andina,2010,3.77992440151197,24.263880795143184,-20.483956393631214,11.092077087794433,60.22283669486011,678.0,0,1.0,2452.0,False,2006,2006,
15621,RONDON,BOYACA,Andina,2010,1.9891500904159127,22.874852099741304,-20.885702009325392,10.412926391382406,41.710296684118674,678.0,0,1.0,1130.0,False,2006,2006,
15632,SABOYA,BOYACA,Andina,2010,4.889165112906567,25.85605115261002,-20.966886039703454,13.4892872759073,49.19111816019032,678.0,0,1.0,5011.0,False,2006,2006,
15638,SACHICA,BOYACA,Andina,2010,1.7113519680547633,23.86983572913422,-22.158483761079456,11.475409836065571,46.08155922534935,678.0,0,1.0,1797.0,False,2006,2006,
15646,SAMACA,BOYACA,Andina,2010,3.0701128087962304,26.131765172532674,-23.061652363736442,14.628588789305788,30.862862372090355,678.0,0,1.0,7168.0,False,2006,2006,
15660,SAN EDUARDO,BOYACA,Andina,2010,3.689064558629776,23.53820315559485,-19.849138596965073,11.095700416088766,30.72289156626506,678.0,0,1.0,813.0,False,2006,2006,
15664,SAN JOSE DE PARE,BOYACA,Andina,2010,3.200371057513915,22.59527769522238,-19.394906637708463,10.0,44.8340694615872,678.0,0,1.0,2192.0,False,2006,2006,
15667,SAN LUIS DE GACENO,BOYACA,Andina,2010,2.17735550277118,19.031799977058355,-16.854444474287174,6.42620232172471,33.52629837909362,678.0,0,1.0,2560.0,False,2006,2006,
15673,SAN MATEO,BOYACA,Andina,2010,0.963000506842372,17.34509062603228,-16.382090119189908,3.6887316826680143,52.08286923591,678.0,0,1.0,1997.0,False,2006,2006,
15676,SAN MIGUEL DE SEMA,BOYACA,Andina,2010,3.074866310160428,19.030926262856635,-15.956059952696208,6.482106684672519,31.43645023815493,678.0,0,1.0,1524.0,False,2006,2006,
15681,SAN PABLO DE BORBUR,BOYACA,Andina,2010,2.1255060728744937,23.96512928454206,-21.839623211667565,11.391465677179962,46.71945701357466,678.0,0,1.0,3021.0,False,2006,2006,
15686,SANTANA,BOYACA,Andina,2010,2.4833209785025945,22.173495402649824,-19.69017442414723,9.678571428571429,42.4609375,678.0,0,1.0,2758.0,False,2006,2006,
15690,SANTA MARIA,BOYACA,Andina,2010,2.3902167871039466,32.480041712446045,-30.0898249253421,21.570926143024614,32.731376975169304,678.0,0,1.0,1858.0,False,2006,2006,
15693,SANTA ROSA DE VITERBO,BOYACA,Andina,2010,4.922737306843268,27.537438474342572,-22.614701167499305,16.966824644549764,17.13535179735389,678.0,0,1.0,4618.0,False,2006,2006,
15696,SANTA SOFIA,BOYACA,Andina,2010,1.6839378238341969,21.297549392621505,-19.61361156878731,8.890420399724327,35.80698835274542,678.0,0,1.0,1578.0,False,2006,2006,
15720,SATIVANORTE,BOYACA,Andina,2010,1.7937219730941705,20.79514329819225,-19.00142132509808,7.285974499089254,60.39939713639789,678.0,0,1.0,1136.0,False,2006,2006,
15723,SATIVASUR,BOYACA,Andina,2010,2.7777777777777777,25.22863597584211,-22.45085819806433,12.73344651952462,46.13545816733068,678.0,0,1.0,590.0,False,2006,2006,
15740,SIACHOQUE,BOYACA,Andina,2010,3.669724770642202,34.49526446221242,-30.825539691570217,23.24324324324325,50.7994757536042,678.0,0,1.0,3258.0,False,2006,2006,
15753,SOATA,BOYACA,Andina,2010,3.005530175522962,25.073089343215585,-22.06755916769262,13.01095378039006,40.11124775815508,678.0,0,1.0,4220.0,False,2006,2006,
15755,SOCOTA,BOYACA,Andina,2010,1.3579049466537343,21.647822358150265,-20.289917411496532,7.60324199150907,72.35216014707385,678.0,0,1.0,3155.0,False,2006,2006,
15757,SOCHA,BOYACA,Andina,2010,3.852889667250438,27.62925821387501,-23.77636854662457,16.472478907191643,29.139975466812047,678.0,0,1.0,2951.0,False,2006,2006,
15759,SOGAMOSO,BOYACA,Andina,2010,6.804163045551857,34.134122809978244,-27.329959764426388,24.762423282518316,11.599927611667212,678.0,0,1.0,48149.0,False,2006,2006,
15761,SOMONDOCO,BOYACA,Andina,2010,1.8613607188703467,25.9912496332117,-24.129888914341354,14.295257181028726,36.90071141354779,678.0,0,1.0,1587.0,False,2006,2006,
15762,SORA,BOYACA,Andina,2010,3.184230477634572,32.44423435101305,-29.26000387337848,20.967741935483872,46.30457201787556,678.0,0,1.0,1382.0,False,2006,2006,
15763,SOTAQUIRA,BOYACA,Andina,2010,2.749266862170088,23.758415630968884,-21.009148768798795,11.69615882606819,37.48408864277438,678.0,0,1.0,2779.0,False,2006,2006,
15764,SORACA,BOYACA,Andina,2010,2.4475524475524475,25.578177966551984,-23.130625518999537,13.30196749358426,46.26042320645144,678.0,0,1.0,2932.0,False,2006,2006,
15774,SUSACON,BOYACA,Andina,2010,2.2428460943542152,25.925553608722556,-23.68270751436834,13.348946135831383,55.95137121854678,678.0,0,1.0,1334.0,False,2006,2006,
15776,SUTAMARCHAN,BOYACA,Andina,2010,1.7221135029354209,22.719607836122925,-20.997494333187504,10.477787091366302,35.38406827880512,678.0,0,1.0,2598.0,False,2006,2006,
15778,SUTATENZA,BOYACA,Andina,2010,2.9548989113530326,21.316703731950966,-18.361804820597932,7.930174563591022,57.70104497955475,678.0,0,1.0,1969.0,False,2006,2006,
15790,TASCO,BOYACA,Andina,2010,3.7597432370472257,30.361438643718163,-26.601695406670938,19.186338523355097,39.48987246811703,678.0,0,1.0,2251.0,False,2006,2006,
15798,TENZA,BOYACA,Andina,2010,2.5231719876416063,23.605000832574998,-21.08182884493339,11.860940695296524,28.23477100933748,678.0,0,1.0,2000.0,False,2006,2006,
15804,TIBANA,BOYACA,Andina,2010,2.838221381267739,24.673978948492465,-21.835757567224725,12.32876712328767,45.89556191081453,678.0,0,1.0,3304.0,False,2006,2006,
15806,TIBASOSA,BOYACA,Andina,2010,6.099677659310688,38.354383059358526,-32.25470540004784,29.463138967377343,16.184554251686013,678.0,0,1.0,4112.0,False,2006,2006,
15808,TINJACA,BOYACA,Andina,2010,6.451612903225806,31.258903699882232,-24.807290796656424,19.639794168096056,48.029298918730376,678.0,0,1.0,1374.0,False,2006,2006,
15810,TIPACOQUE,BOYACA,Andina,2010,2.3521932612841705,20.77730589881971,-18.425112637535538,7.088122605363985,63.1367292225201,678.0,0,1.0,1615.0,False,2006,2006,
15814,TOCA,BOYACA,Andina,2010,4.885454043610268,33.327622352655254,-28.442168309044987,22.128174123337363,44.45335778134311,678.0,0,1.0,3747.0,False,2006,2006,
15816,TOGUI,BOYACA,Andina,2010,2.837684449489217,21.043420477564986,-18.20573602807577,8.238341968911918,43.99685596384359,678.0,0,1.0,1822.0,False,2006,2006,
15820,TOPAGA,BOYACA,Andina,2010,4.880883207437536,27.119075972095942,-22.238192764658407,15.90153027278776,29.40089171006087,678.0,0,1.0,1754.0,False,2006,2006,
15822,TOTA,BOYACA,Andina,2010,2.613565650280025,24.581908404120654,-21.96834275384063,11.604095563139932,60.63520871143376,678.0,0,1.0,1639.0,False,2006,2006,
15832,TUNUNGUA,BOYACA,Andina,2010,4.0,23.491940121611798,-19.491940121611798,12.110091743119266,22.67257758074731,678.0,0,1.0,636.0,False,2006,2006,
15835,TURMEQUE,BOYACA,Andina,2010,4.323094425483505,25.596003337214338,-21.272908911730834,13.897280966767372,32.11255088043506,678.0,0,1.0,2712.0,False,2006,2006,
15837,TUTA,BOYACA,Andina,2010,5.261692650334076,35.03155251825083,-29.76985986791675,24.78152309612984,32.45894821084108,678.0,0,1.0,3662.0,False,2006,2006,
15839,TUTAZA,BOYACA,Andina,2010,4.976958525345622,26.999386201307143,-22.02242767596152,14.74147414741474,46.681922196796336,678.0,0,1.0,1122.0,False,2006,2006,
15842,UMBITA,BOYACA,Andina,2010,2.07223208999408,21.197790577457344,-19.125558487463262,8.289396602226127,47.355061427556095,678.0,0,1.0,3447.0,False,2006,2006,
15861,VENTAQUEMADA,BOYACA,Andina,2010,3.0421377183967118,24.050640239540897,-21.008502521144184,12.341574901308954,28.449293238041705,678.0,0,1.0,5030.0,False,2006,2006,
15879,VIRACACHA,BOYACA,Andina,2010,1.6679302501895377,22.93360666533163,-21.265676415142092,10.575539568345324,38.01775147928994,678.0,0,1.0,1374.0,False,2006,2006,
15897,ZETAQUIRA,BOYACA,Andina,2010,2.5106837606837606,19.819302686725255,-17.308618926041493,7.13899405083829,38.07807807807808,678.0,0,1.0,1909.0,False,2006,2006,
17001,MANIZALES,CALDAS,Andina,2010,4.074556950341517,31.011336211437936,-26.93677926109642,21.089284582726066,10.031094752259762,1468.0,0,1.0,181139.0,False,2006,2006,
17013,AGUADAS,CALDAS,Andina,2010,2.158864249677344,23.23130740243605,-21.07244315275871,11.559798735647012,22.99029562581334,1468.0,0,1.0,8870.0,False,2006,2006,
17042,ANSERMA,CALDAS,Andina,2010,2.1458913139006883,22.296073185346025,-20.150181871445337,10.595170798675603,19.075853764908963,1468.0,0,1.0,14393.0,False,2006,2006,
17050,ARANZAZU,CALDAS,Andina,2010,0.9268015888027236,19.695776097096005,-18.76897450829328,7.597864768683274,20.336646092711668,1468.0,0,1.0,5503.0,False,2006,2006,
17088,BELALCAZAR,CALDAS,Andina,2010,1.8706333107955824,20.357807678576002,-18.48717436778042,8.059626073774634,28.77621449429254,1468.0,0,1.0,4578.0,False,2006,2006,
17174,CHINCHINA,CALDAS,Andina,2010,3.450622083981337,25.083717371760486,-21.63309528777915,13.91749909424978,18.58036305686723,1468.0,0,1.0,21528.0,False,2006,2006,
17272,FILADELFIA,CALDAS,Andina,2010,1.7222097964661147,23.796389975356707,-22.074180178890593,12.072155411655874,26.572280855604884,1468.0,0,1.0,4589.0,False,2006,2006,
17380,LA DORADA,CALDAS,Andina,2010,6.590668881171674,27.413716054438485,-20.82304717326681,16.316048976908537,25.07334404902425,1468.0,0,1.0,27696.0,False,2006,2006,
17388,LA MERCED,CALDAS,Andina,2010,1.6962524654832347,22.113224245511525,-20.41697178002829,10.152931180968563,25.778271918678524,1468.0,0,1.0,2617.0,False,2006,2006,
17433,MANZANARES,CALDAS,Andina,2010,1.4304291287386215,18.574024761850094,-17.143595633111474,6.0606060606060606,28.127068813308053,1468.0,0,1.0,7878.0,False,2006,2006,
17442,MARMATO,CALDAS,Andina,2010,7.314524555903866,26.86496953883041,-19.550444982926546,14.931880108991828,35.98526703499079,1468.0,0,1.0,2056.0,False,2006,2006,
17444,MARQUETALIA,CALDAS,Andina,2010,1.1530398322851152,22.940286294417447,-21.78724646213233,11.115406920549004,26.89804772234273,1468.0,0,1.0,5922.0,False,2006,2006,
17446,MARULANDA,CALDAS,Andina,2010,0.4926108374384236,21.424145274694148,-20.931534437255724,9.410112359550562,21.428571428571427,1468.0,0,1.0,1245.0,False,2006,2006,
17486,NEIRA,CALDAS,Andina,2010,2.5047938638542666,25.92945399273738,-23.42466012888311,14.648868253047011,22.55516998819322,1468.0,0,1.0,8781.0,False,2006,2006,
17495,NORCASIA,CALDAS,Andina,2010,1.08914885034288,20.415979637027885,-19.326830786685004,7.628178407669862,36.66300768386389,1468.0,0,1.0,2563.0,False,2006,2006,
17513,PACORA,CALDAS,Andina,2010,1.6633875871937045,20.146662601969723,-18.48327501477602,7.933943636690002,24.88342123121529,1468.0,0,1.0,5833.0,False,2006,2006,
17524,PALESTINA,CALDAS,Andina,2010,1.6182632567548043,22.544140447720537,-20.925877190965732,10.7089215980775,25.852617226053216,1468.0,0,1.0,7179.0,False,2006,2006,
17541,PENSILVANIA,CALDAS,Andina,2010,0.8907741251325556,18.428037586138156,-17.5372634610056,6.105209266606937,23.60696173777958,1468.0,0,1.0,9726.0,False,2006,2006,
17614,RIOSUCIO,CALDAS,Andina,2010,15.765610651974288,42.7254325873801,-26.95982193540581,33.9381153305204,23.819216281334768,1468.0,0,1.0,18227.0,False,2006,2006,
17616,RISARALDA,CALDAS,Andina,2010,1.2423714036617262,18.19470041998309,-16.952329016321364,5.756207674943567,24.606299212598422,1468.0,0,1.0,4783.0,False,2006,2006,
17653,SALAMINA,CALDAS,Andina,2010,1.935483870967742,23.081354529494497,-21.145870658526754,11.666666666666666,18.84636614408369,1468.0,0,1.0,7518.0,False,2006,2006,
17662,SAMANA,CALDAS,Andina,2010,1.149269875608437,33.48944002813029,-32.34017015252185,22.465353756382203,32.92857142857143,1468.0,0,1.0,7605.0,False,2006,2006,
17665,SAN JOSE,CALDAS,Andina,2010,0.761990138951143,22.582047681843623,-21.820057542892478,10.745715609078276,25.23269588762904,1468.0,0,1.0,2284.0,False,2006,2006,
17777,SUPIA,CALDAS,Andina,2010,8.201178069777978,34.282166399865645,-26.080988330087667,24.203084832904885,24.29828149209832,1468.0,0,1.0,9584.0,False,2006,2006,
17867,VICTORIA,CALDAS,Andina,2010,2.5,23.120479200703,-20.620479200703,11.190002840102244,30.660377358490564,1468.0,0,1.0,4206.0,False,2006,2006,
17873,VILLAMARIA,CALDAS,Andina,2010,3.0372732500392075,26.224897426746626,-23.18762417670742,15.538304912191398,12.499471976948174,1468.0,0,1.0,20056.0,False,2006,2006,
17877,VITERBO,CALDAS,Andina,2010,2.4984481688392304,22.81450268176321,-20.316054512923976,11.262798634812286,20.82487781126102,1468.0,0,1.0,6630.0,False,2006,2006,
18001,FLORENCIA,CAQUETA,Amazonia,2010,7.138830309230994,32.42919141710094,-25.290361107869945,21.395374881012373,26.84625906750204,15818.0,0,1.0,49110.0,False,2006,2006,
18029,ALBANIA,CAQUETA,Amazonia,2010,3.9946737683089215,38.95586292118867,-34.96118915287975,28.169014084507044,35.03004005340454,15818.0,0,1.0,1551.0,False,2006,2006,
18094,BELEN DE LOS ANDAQUIES,CAQUETA,Amazonia,2010,6.735553004209721,41.246675749384636,-34.511122745174916,30.39383561643836,47.828523395909215,15818.0,0,1.0,2692.0,False,2006,2006,
18150,CARTAGENA DEL CHAIRA,CAQUETA,Amazonia,2010,9.680777238029146,58.27368516731153,-48.59290792928238,49.58605664488017,51.56535931549533,15818.0,0,1.0,3118.0,False,2006,2006,
18205,CURILLO,CAQUETA,Amazonia,2010,2.820267686424474,32.21864571276873,-29.39837802634426,20.094086021505376,44.57525971595779,15818.0,0,1.0,2182.0,False,2006,2006,
18247,EL DONCELLO,CAQUETA,Amazonia,2010,7.89144050104384,42.02009165533528,-34.12865115429144,31.723202170963365,42.3380666082725,15818.0,0,1.0,4987.0,False,2006,2006,
18256,EL PAUJIL,CAQUETA,Amazonia,2010,8.776919951239334,42.8390868218119,-34.06216687057256,32.11052882324917,54.2248297255378,15818.0,0,1.0,2544.0,False,2006,2006,
18410,LA MONTANITA,CAQUETA,Amazonia,2010,15.335120643431637,54.18332918781758,-38.84820854438594,44.733502538071065,65.28688785582372,15818.0,0,1.0,1915.0,False,2006,2006,
18460,MILAN,CAQUETA,Amazonia,2010,6.321243523316062,38.97331452659206,-32.652071003276,27.42857142857143,60.76627300192254,15818.0,0,1.0,984.0,False,2006,2006,
18479,MORELIA,CAQUETA,Amazonia,2010,6.551059730250482,34.861383175803226,-28.310323445552743,23.46938775510204,40.27427931710047,15818.0,0,1.0,1067.0,False,2006,2006,
18592,PUERTO RICO,CAQUETA,Amazonia,2010,8.122402720060446,52.18521053190115,-44.0628078118407,43.08960729008462,46.2045619039104,15818.0,0,1.0,5607.0,False,2006,2006,
18610,SAN JOSE DEL FRAGUA,CAQUETA,Amazonia,2010,8.253231687106396,54.26037301799208,-46.00714133088569,45.21384928716905,49.72085033283229,15818.0,0,1.0,3168.0,False,2006,2006,
18753,SAN VICENTE DEL CAGUAN,CAQUETA,Amazonia,2010,11.69936526255049,58.238324841710266,-46.53895957915978,49.77019041365725,53.980632810032034,15818.0,0,1.0,7229.0,False,2006,2006,
18756,SOLANO,CAQUETA,Amazonia,2010,4.459691252144083,61.489094909900814,-57.02940365775673,51.15606936416185,100.0,15818.0,0,1.0,1235.0,False,2006,2006,
18785,SOLITA,CAQUETA,Amazonia,2010,2.373887240356084,45.47460061252955,-43.100713372173466,34.510595358224016,52.87419399094526,15818.0,0,1.0,1423.0,False,2006,2006,
18860,VALPARAISO,CAQUETA,Amazonia,2010,2.2399203583872573,26.57167599834845,-24.331755639961195,13.372093023255813,46.9360976249836,15818.0,0,1.0,2087.0,False,2006,2006,
19001,POPAYAN,CAUCA,Pacifica,2010,9.776491876951225,40.959417299164784,-31.182925422213557,31.205381990658957,18.073664032205595,23033.0,0,1.0,104000.0,False,2006,2006,
19022,ALMAGUER,CAUCA,Pacifica,2010,8.48927430397079,71.13425709648092,-62.644982792510135,62.842735581468645,88.53701079254334,23033.0,0,1.0,2294.0,False,2006,2006,
19050,ARGELIA,CAUCA,Pacifica,2010,5.72972972972973,72.73358863588702,-67.00385890615729,64.0702274975272,100.0,23033.0,0,1.0,2844.0,False,2006,2006,
19075,BALBOA,CAUCA,Pacifica,2010,10.677929391379685,68.98781257811538,-58.309883186735696,61.57645606091789,62.12907855303702,23033.0,0,1.0,4705.0,False,2006,2006,
19100,BOLIVAR,CAUCA,Pacifica,2010,20.63179699637493,51.31276752773056,-30.680970531355626,40.9592483338796,67.00062430441086,23033.0,0,1.0,9966.0,False,2006,2006,
19110,BUENOS AIRES,CAUCA,Pacifica,2010,6.7020440251572335,39.437305190313765,-32.73526116515653,27.66373411534701,57.89289843048058,23033.0,0,1.0,5461.0,False,2006,2006,
19130,CAJIBIO,CAUCA,Pacifica,2010,7.230426302591251,42.47437844970778,-35.24395214711653,30.74343208496367,63.73936047849092,23033.0,0,1.0,7518.0,False,2006,2006,
19137,CALDONO,CAUCA,Pacifica,2010,13.390594198817237,75.10236831717803,-61.71177411836079,68.20693890082899,69.8749758329574,23033.0,0,1.0,7406.0,False,2006,2006,
19142,CALOTO,CAUCA,Pacifica,2010,23.3502538071066,41.40616503276276,-18.055911225656157,30.45559297996809,48.93775213587562,23033.0,0,1.0,7578.0,False,2006,2006,
19212,CORINTO,CAUCA,Pacifica,2010,17.707990792502468,71.5503309784685,-53.84234018596602,64.86231313926044,53.58058589752157,23033.0,0,1.0,6344.0,False,2006,2006,
19256,EL TAMBO,CAUCA,Pacifica,2010,4.561585735306847,41.59301809406642,-37.031432358759574,30.360958056898685,53.44505430339834,23033.0,0,1.0,12083.0,False,2006,2006,
19290,FLORENCIA,CAUCA,Pacifica,2010,6.361149110807114,36.94517536145139,-30.58402625064428,25.25083612040134,46.74093781177253,23033.0,0,1.0,1519.0,False,2006,2006,
19300,GUACHENE,CAUCA,Pacifica,2010,5.057204443707511,47.859694323848146,-42.802489880140634,40.25513295196921,26.23,23033.0,0,1.0,6409.0,False,2006,2006,
19318,GUAPI,CAUCA,Pacifica,2010,3.615746683782627,23.581342502642723,-19.965595818860095,8.23502197547999,87.41806683060142,23033.0,0,1.0,4808.0,False,2006,2006,
19355,INZA,CAUCA,Pacifica,2010,19.101521047046337,63.97918834053034,-44.87766729348401,55.5052790346908,68.44005600176848,23033.0,0,1.0,5824.0,False,2006,2006,
19364,JAMBALO,CAUCA,Pacifica,2010,12.593118126995387,95.16381301015593,-82.57069488316054,91.1966577141152,72.94525200380383,23033.0,0,1.0,2967.0,False,2006,2006,
19392,LA SIERRA,CAUCA,Pacifica,2010,8.218694885361552,35.469842695718235,-27.251147810356684,23.171733771569432,56.913420712571536,23033.0,0,1.0,2955.0,False,2006,2006,
19397,LA VEGA,CAUCA,Pacifica,2010,5.5185100022993785,52.35707496411435,-46.83856496181497,41.94090799903916,70.62445296230344,23033.0,0,1.0,4521.0,False,2006,2006,
19418,LOPEZ DE MICAY,CAUCA,Pacifica,2010,1.8892508143322475,36.37245238531851,-34.48320157098626,24.848484848484848,44.81081081081081,23033.0,0,1.0,1622.0,False,2006,2006,
19450,MERCADERES,CAUCA,Pacifica,2010,12.99952985425482,53.89171577373946,-40.892185919484646,43.88739946380697,69.04991218627839,23033.0,0,1.0,4382.0,False,2006,2006,
19455,MIRANDA,CAUCA,Pacifica,2010,25.22206638616176,57.80785355781883,-32.585787171657074,49.14385870297964,50.28359596977696,23033.0,0,1.0,8942.0,False,2006,2006,
19473,MORALES,CAUCA,Pacifica,2010,7.79269202087994,55.58106632066111,-47.78837429978117,46.00770925110132,62.29279501066798,23033.0,0,1.0,5577.0,False,2006,2006,
19513,PADILLA,CAUCA,Pacifica,2010,16.96194225721785,30.495795507663313,-13.533853250445464,18.986893375841305,22.169940758231697,23033.0,0,1.0,3297.0,False,2006,2006,
19517,PAEZ,CAUCA,Pacifica,2010,6.655405405405405,37.84227087628537,-31.186865470879965,25.51859799713877,64.26510226732202,23033.0,0,1.0,6253.0,False,2006,2006,
19532,PATIA,CAUCA,Pacifica,2010,11.56773211567732,59.4194612367416,-47.85172912106428,51.85497470489039,34.39162556565955,23033.0,0,1.0,6799.0,False,2006,2006,
19533,PIAMONTE,CAUCA,Pacifica,2010,4.258555133079848,43.58840527030834,-39.3298501372285,30.0531914893617,100.0,23033.0,0,1.0,1383.0,False,2006,2006,
19548,PIENDAMO  TUNIA,CAUCA,Pacifica,2010,6.703347088491518,33.47161662969188,-26.76826954120036,21.62948593598448,37.9806409390978,23033.0,0,1.0,11275.0,False,2006,2006,
19573,PUERTO TEJADA,CAUCA,Pacifica,2010,13.841006618663176,30.91037520017331,-17.069368581510133,19.7367310775462,18.045404136907425,23033.0,0,1.0,14571.0,False,2006,2006,
19585,PURACE,CAUCA,Pacifica,2010,5.933046072257209,60.55732994312464,-54.62428387086743,52.35320484087853,50.680340505395804,23033.0,0,1.0,3123.0,False,2006,2006,
19622,ROSAS,CAUCA,Pacifica,2010,5.817422434367542,36.5320643785724,-30.714641944204857,23.89536938847649,65.92924238433852,23033.0,0,1.0,3488.0,False,2006,2006,
19693,SAN SEBASTIAN,CAUCA,Pacifica,2010,1.4344262295081966,34.707391049322524,-33.27296481981433,21.364282330648983,74.95838881491345,23033.0,0,1.0,2988.0,False,2006,2006,
19698,SANTANDER DE QUILICHAO,CAUCA,Pacifica,2010,10.119934950535304,43.496261146759366,-33.37632619622406,33.37870602747884,33.59858295053572,23033.0,0,1.0,30804.0,False,2006,2006,
19701,SANTA ROSA,CAUCA,Pacifica,2010,4.487179487179487,46.09082316954988,-41.60364368237039,33.969465648854964,77.71698113207547,23033.0,0,1.0,1291.0,False,2006,2006,
19743,SILVIA,CAUCA,Pacifica,2010,36.41951091931476,69.2182256130327,-32.79871469371794,62.35227912211593,50.28634647923988,23033.0,0,1.0,8036.0,False,2006,2006,
19760,SOTARA PAISPAMBA,CAUCA,Pacifica,2010,8.52824757106873,50.29495303374341,-41.76670546267468,40.1695599515543,57.27329974811083,23033.0,0,1.0,2920.0,False,2006,2006,
19780,SUAREZ,CAUCA,Pacifica,2010,3.962304562004712,36.107983332806114,-32.1456787708014,23.707201889020077,59.50628058993508,23033.0,0,1.0,4915.0,False,2006,2006,
19785,SUCRE,CAUCA,Pacifica,2010,70.56428155904597,87.79327193114219,-17.22899037209622,82.3490813648294,80.28421456919729,23033.0,0,1.0,1767.0,False,2006,2006,
19807,TIMBIO,CAUCA,Pacifica,2010,7.596263820053374,31.60943668939627,-24.013172869342895,19.55211024978467,36.04089144901906,23033.0,0,1.0,10943.0,False,2006,2006,
19809,TIMBIQUI,CAUCA,Pacifica,2010,1.1033369214208828,26.939240040514058,-25.835903119093174,12.773204655123472,73.18530669635011,23033.0,0,1.0,3779.0,False,2006,2006,
19821,TORIBIO,CAUCA,Pacifica,2010,19.560752093537683,86.48318778298926,-66.92243568945158,81.7952358416154,61.80843837270737,23033.0,0,1.0,6509.0,False,2006,2006,
19824,TOTORO,CAUCA,Pacifica,2010,9.884678747940692,64.59758267230912,-54.712903924368426,56.567874130991584,60.96853126956125,23033.0,0,1.0,3143.0,False,2006,2006,
19845,VILLA RICA,CAUCA,Pacifica,2010,12.191884717481988,28.342107909656903,-16.150223192174913,16.31809338521401,30.658633463802172,23033.0,0,1.0,5540.0,False,2006,2006,
20001,VALLEDUPAR,CESAR,Caribe,2010,22.75672045665528,33.9112789643553,-11.154558507700017,23.414616931926457,32.74492366876188,3788.0,0,1.0,103531.0,False,2006,2006,
20011,AGUACHICA,CESAR,Caribe,2010,11.72757733967116,26.744724872868396,-15.017147533197235,14.756474681097798,41.89823227699261,3788.0,0,1.0,26302.0,False,2006,2006,
20013,AGUSTIN CODAZZI,CESAR,Caribe,2010,23.988110295977737,28.464439304292963,-4.476329008315226,16.37126127551828,51.43758016772889,3788.0,0,1.0,16160.0,False,2006,2006,
20032,ASTREA,CESAR,Caribe,2010,26.16447515043459,27.207908325686553,-1.0434331752519626,14.065510597302506,70.85835945138318,3788.0,0,1.0,4545.0,False,2006,2006,
20045,BECERRIL,CESAR,Caribe,2010,21.456692913385822,32.850288166493485,-11.393595253107662,21.1600777705768,56.51382111461372,3788.0,0,1.0,4148.0,False,2006,2006,
20060,BOSCONIA,CESAR,Caribe,2010,19.935543278084715,24.975220446722318,-5.039677168637603,12.418772563176896,50.1955778891686,3788.0,0,1.0,8819.0,False,2006,2006,
20175,CHIMICHAGUA,CESAR,Caribe,2010,17.112617433701985,26.755762888173297,-9.643145454471313,13.747373949579831,66.63678573827502,3788.0,0,1.0,8538.0,False,2006,2006,
20178,CHIRIGUANA,CESAR,Caribe,2010,21.77484513870186,29.22134840996163,-7.446503271259772,17.159960093116062,53.51509621651457,3788.0,0,1.0,7531.0,False,2006,2006,
20228,CURUMANI,CESAR,Caribe,2010,29.30619127920983,31.524116753693246,-2.2179254744834154,19.98779371376259,47.88839436041536,3788.0,0,1.0,8472.0,False,2006,2006,
20238,EL COPEY,CESAR,Caribe,2010,14.553243574051407,22.08066547298779,-7.527421898936382,9.021263289555971,51.16553701974139,3788.0,0,1.0,8299.0,False,2006,2006,
20250,EL PASO,CESAR,Caribe,2010,39.55584164789186,34.51070927443574,5.04513237345612,22.86216750934271,61.8167219833534,3788.0,0,1.0,6324.0,False,2006,2006,
20295,GAMARRA,CESAR,Caribe,2010,11.009604122745374,27.362852764342158,-16.353248641596785,15.163934426229508,50.523901297571975,3788.0,0,1.0,4334.0,False,2006,2006,
20310,GONZALEZ,CESAR,Caribe,2010,13.765718067504965,24.858111183010433,-11.092393115505468,11.46814404432133,66.3335032740895,3788.0,0,1.0,1561.0,False,2006,2006,
20383,LA GLORIA,CESAR,Caribe,2010,8.939505265735978,24.723974582932406,-15.784469317196429,11.924119241192413,54.77276193803364,3788.0,0,1.0,4139.0,False,2006,2006,
20400,LA JAGUA DE IBIRICO,CESAR,Caribe,2010,29.717615419094574,34.98361760723609,-5.266002188141517,23.66008462623413,55.65174452143157,3788.0,0,1.0,6856.0,False,2006,2006,
20443,MANAURE BALCON DEL CESAR,CESAR,Caribe,2010,17.64937106918239,26.64839798204916,-8.999026912866771,14.014801110083257,55.29189110496433,3788.0,0,1.0,2583.0,False,2006,2006,
20517,PAILITAS,CESAR,Caribe,2010,14.418700868845676,22.04021092949603,-7.621510060650355,8.920521945432977,51.26750677056575,3788.0,0,1.0,4934.0,False,2006,2006,
20550,PELAYA,CESAR,Caribe,2010,8.31819099535635,28.375866477393192,-20.057675482036842,16.063287744703675,55.36114133157698,3788.0,0,1.0,5012.0,False,2006,2006,
20570,PUEBLO BELLO,CESAR,Caribe,2010,15.509409474367294,31.627591736716113,-16.118182262348817,18.4954280964256,83.40220937492316,3788.0,0,1.0,3154.0,False,2006,2006,
20614,RIO DE ORO,CESAR,Caribe,2010,11.606456571867794,32.60377970313557,-20.997323131267777,21.22905027932961,49.65879758845725,3788.0,0,1.0,5297.0,False,2006,2006,
20621,LA PAZ,CESAR,Caribe,2010,14.394661582459486,23.546855863795965,-9.15219428133648,10.773951585407431,49.34445475568093,3788.0,0,1.0,6378.0,False,2006,2006,
20710,SAN ALBERTO,CESAR,Caribe,2010,15.740027722162328,37.12731850512366,-21.387290782961333,27.04530087897228,34.2606005175844,3788.0,0,1.0,6619.0,False,2006,2006,
20750,SAN DIEGO,CESAR,Caribe,2010,15.853423336547737,21.55937455615554,-5.705951219607803,8.806038426349497,40.2880035812976,3788.0,0,1.0,5278.0,False,2006,2006,
20770,SAN MARTIN,CESAR,Caribe,2010,15.20245842371656,25.788794943319573,-10.586336519603012,13.429794171591602,46.860015555386624,3788.0,0,1.0,5656.0,False,2006,2006,
20787,TAMALAMEQUE,CESAR,Caribe,2010,26.134543513080622,33.679165838877594,-7.544622325796972,21.94787379972565,61.288429085039255,3788.0,0,1.0,3811.0,False,2006,2006,
23001,MONTERIA,CORDOBA,Caribe,2010,24.71958096200943,25.20630515713883,-0.4867241951293977,11.95116370972774,44.50831649880488,25907.0,0,1.0,117334.0,False,2006,2006,
23068,AYAPEL,CORDOBA,Caribe,2010,10.666203422218365,21.14850698732002,-10.482303565101654,6.560266327230001,61.54869413444823,25907.0,0,1.0,11690.0,False,2006,2006,
23079,BUENAVISTA,CORDOBA,Caribe,2010,12.461413484971567,24.25737458350556,-11.795961098533992,10.119492158327107,61.34453781512605,25907.0,0,1.0,6315.0,False,2006,2006,
23090,CANALETE,CORDOBA,Caribe,2010,22.85782671134514,22.91261138491641,-0.05478467357126959,7.44205826068467,85.95241388850464,25907.0,0,1.0,4241.0,False,2006,2006,
23162,CERETE,CORDOBA,Caribe,2010,22.67084260971284,30.87189220011532,-8.20104959040248,18.18344119616157,50.429200249051085,25907.0,0,1.0,27029.0,False,2006,2006,
23168,CHIMA,CORDOBA,Caribe,2010,20.51430781129157,29.778259783732583,-9.263951972441014,16.43835616438356,62.87306592359023,25907.0,0,1.0,5239.0,False,2006,2006,
23182,CHINU,CORDOBA,Caribe,2010,9.429453930881753,24.51471265851956,-15.085258727637807,10.78079059131003,53.77808136902609,25907.0,0,1.0,17426.0,False,2006,2006,
23189,CIENAGA DE ORO,CORDOBA,Caribe,2010,35.57411827101565,29.044969540297497,6.529148730718152,15.59092891408635,61.8437315901633,25907.0,0,1.0,15355.0,False,2006,2006,
23300,COTORRA,CORDOBA,Caribe,2010,16.605166051660518,21.854426725724007,-5.249260674063489,7.365939893930465,61.2712146422629,25907.0,0,1.0,4929.0,False,2006,2006,
23350,LA APARTADA,CORDOBA,Caribe,2010,8.091787439613526,20.372820352820504,-12.281032913206978,5.995632320825888,53.64931851423981,25907.0,0,1.0,4259.0,False,2006,2006,
23417,LORICA,CORDOBA,Caribe,2010,16.707192219093933,28.545989113140315,-11.838796894046382,14.89481170921614,64.69855737679036,25907.0,0,1.0,31698.0,False,2006,2006,
23419,LOS CORDOBAS,CORDOBA,Caribe,2010,9.047912811022004,22.07256960583653,-13.024656794814527,6.520010601643254,85.38368513632366,25907.0,0,1.0,4919.0,False,2006,2006,
23464,MOMIL,CORDOBA,Caribe,2010,12.498002237494006,24.878079462360464,-12.380077224866458,10.770089285714286,63.46884634688463,25907.0,0,1.0,6300.0,False,2006,2006,
23466,MONTELIBANO,CORDOBA,Caribe,2010,22.401276836739942,31.674423255671343,-9.2731464189314,19.298345368738275,45.112308946621205,25907.0,0,1.0,19991.0,False,2006,2006,
23500,MONITOS,CORDOBA,Caribe,2010,5.901454186079345,28.03464583846911,-22.133191652389765,13.774761555392518,77.14454826026297,25907.0,0,1.0,7161.0,False,2006,2006,
23555,PLANETA RICA,CORDOBA,Caribe,2010,23.790552077404666,24.71785553102543,-0.927303453620766,10.759316335107872,58.45457918207843,25907.0,0,1.0,19698.0,False,2006,2006,
23570,PUEBLO NUEVO,CORDOBA,Caribe,2010,5.555555555555555,21.23214079837994,-15.676585242824386,6.579963945403039,63.0361637939362,25907.0,0,1.0,9860.0,False,2006,2006,
23574,PUERTO ESCONDIDO,CORDOBA,Caribe,2010,6.122137404580153,21.261325252980306,-15.139187848400153,5.630814427941896,84.59850418737965,25907.0,0,1.0,6608.0,False,2006,2006,
23580,PUERTO LIBERTADOR,CORDOBA,Caribe,2010,11.960965317156798,30.03495541947602,-18.07399010231922,16.62383552842917,64.41104829848867,25907.0,0,1.0,7717.0,False,2006,2006,
23586,PURISIMA DE LA CONCEPCION,CORDOBA,Caribe,2010,7.602012297372834,28.4170515986495,-20.815039301276666,14.629985071443803,67.62757018922058,25907.0,0,1.0,5435.0,False,2006,2006,
23660,SAHAGUN,CORDOBA,Caribe,2010,11.1701136575368,31.57945197093162,-20.40933831339482,18.849923763885865,53.80190013646349,25907.0,0,1.0,32714.0,False,2006,2006,
23670,SAN ANDRES DE SOTAVENTO,CORDOBA,Caribe,2010,6.905944560166639,30.76969571316129,-23.863751152994652,16.666666666666664,82.46786632390746,25907.0,0,1.0,12668.0,False,2006,2006,
23672,SAN ANTERO,CORDOBA,Caribe,2010,10.768854663244102,26.868994923331744,-16.10014026008764,12.92839230983561,65.63915527408591,25907.0,0,1.0,8335.0,False,2006,2006,
23675,SAN BERNARDO DEL VIENTO,CORDOBA,Caribe,2010,13.64168618266979,26.093170157774725,-12.451483975104935,11.818879508825788,70.70707546268893,25907.0,0,1.0,8670.0,False,2006,2006,
23678,SAN CARLOS,CORDOBA,Caribe,2010,15.511042629686695,27.678767677443375,-12.16772504775668,13.82293080054274,66.21581763788818,25907.0,0,1.0,5961.0,False,2006,2006,
23682,SAN JOSE DE URE,CORDOBA,Caribe,2010,9.04480135249366,24.886891902204045,-15.842090549710385,11.73784539908827,72.53260067691215,25907.0,0,1.0,2426.0,False,2006,2006,
23686,SAN PELAYO,CORDOBA,Caribe,2010,17.035843737414417,24.543121768575052,-7.507278031160634,10.377203096689176,63.39524573874493,25907.0,0,1.0,12684.0,False,2006,2006,
23807,TIERRALTA,CORDOBA,Caribe,2010,6.02363074204947,24.768797890547532,-18.745167148498062,10.12402452619844,73.29466900140683,25907.0,0,1.0,18526.0,False,2006,2006,
23815,TUCHIN,CORDOBA,Caribe,2010,7.366156182761675,25.68538293962968,-18.319226756868005,11.73784539908827,92.2631888605609,25907.0,0,1.0,8055.0,False,2006,2006,
23855,VALENCIA,CORDOBA,Caribe,2010,2.923044217687075,19.688973625439182,-16.765929407752107,4.161647136129668,76.17437050095288,25907.0,0,1.0,9590.0,False,2006,2006,
25001,AGUA DE DIOS,CUNDINAMARCA,Andina,2010,5.946305746616375,33.50986286373495,-27.563557117118577,23.632725655847043,20.672235762993974,1323.0,0,1.0,4654.0,False,2006,2006,
25019,ALBAN,CUNDINAMARCA,Andina,2010,2.9995946493717067,24.539557515530475,-21.539962866158767,13.02851524090462,25.78288100208768,1323.0,0,1.0,2521.0,False,2006,2006,
25035,ANAPOIMA,CUNDINAMARCA,Andina,2010,2.1746634449430444,20.948975708506488,-18.774312263563445,8.803912850155625,29.98134494092565,1323.0,0,1.0,5857.0,False,2006,2006,
25040,ANOLAIMA,CUNDINAMARCA,Andina,2010,3.1312217194570136,25.362922967826453,-22.23170124836944,13.941997851772287,26.85895944793363,1323.0,0,1.0,5633.0,False,2006,2006,
25053,ARBELAEZ,CUNDINAMARCA,Andina,2010,3.720050441361917,23.717969442201454,-19.997919000839538,12.178500769399868,25.24590406278978,1323.0,0,1.0,4867.0,False,2006,2006,
25086,BELTRAN,CUNDINAMARCA,Andina,2010,2.912621359223301,20.343951135504106,-17.431329776280805,7.906295754026354,33.85992627698789,1323.0,0,1.0,936.0,False,2006,2006,
25095,BITUIMA,CUNDINAMARCA,Andina,2010,1.4937759336099583,20.44985682305336,-18.956080889443403,8.105369807497468,32.09044030146767,1323.0,0,1.0,1224.0,False,2006,2006,
25099,BOJACA,CUNDINAMARCA,Andina,2010,4.070796460176991,30.350945555487918,-26.280149095310925,19.86100950987564,20.78300034872538,1323.0,0,1.0,3503.0,False,2006,2006,
25120,CABRERA,CUNDINAMARCA,Andina,2010,33.94886363636363,56.827900658112966,-22.879037021749333,49.67479674796749,37.4394006170119,1323.0,0,1.0,1444.0,False,2006,2006,
25123,CACHIPAY,CUNDINAMARCA,Andina,2010,3.2317636195752537,22.82133638661906,-19.589572767043805,11.301095378039005,21.431526685974347,1323.0,0,1.0,4433.0,False,2006,2006,
25126,CAJICA,CUNDINAMARCA,Andina,2010,6.189653420063014,29.584103273871293,-23.39444985380828,19.378158787025782,12.737715709735513,1323.0,0,1.0,20320.0,False,2006,2006,
25148,CAPARRAPI,CUNDINAMARCA,Andina,2010,1.4020805065581186,18.673143975386576,-17.27106346882846,4.93642483171279,53.89662462637603,1323.0,0,1.0,4546.0,False,2006,2006,
25151,CAQUEZA,CUNDINAMARCA,Andina,2010,3.700395559525328,28.074758383223738,-24.37436282369841,16.99558173784978,30.339588117314964,1323.0,0,1.0,7987.0,False,2006,2006,
25154,CARMEN DE CARUPA,CUNDINAMARCA,Andina,2010,3.2246633593196314,25.128288229568355,-21.903624870248724,12.79018834866404,39.18836328077252,1323.0,0,1.0,2903.0,False,2006,2006,
25168,CHAGUANI,CUNDINAMARCA,Andina,2010,3.102310231023102,18.582952143369223,-15.48064191234612,5.401844532279315,44.09368635437882,1323.0,0,1.0,1541.0,False,2006,2006,
25175,CHIA,CUNDINAMARCA,Andina,2010,4.895804260861476,27.80993775632389,-22.914133495462416,17.637311319333556,7.111873970449626,1323.0,0,1.0,43971.0,False,2006,2006,
25178,CHIPAQUE,CUNDINAMARCA,Andina,2010,3.006568974229409,25.519233341961375,-22.512664367731965,13.950538998097652,30.337041831176972,1323.0,0,1.0,4022.0,False,2006,2006,
25181,CHOACHI,CUNDINAMARCA,Andina,2010,2.9682862052804246,22.888728486700288,-19.920442281419863,11.164069660861594,24.31445748172437,1323.0,0,1.0,6514.0,False,2006,2006,
25183,CHOCONTA,CUNDINAMARCA,Andina,2010,3.5393178250321107,24.57878783062581,-21.0394700055937,12.46975318599774,39.975388493926935,1323.0,0,1.0,7229.0,False,2006,2006,
25200,COGUA,CUNDINAMARCA,Andina,2010,7.410236822001528,31.04171912352028,-23.63148230151875,21.07355864811133,13.161124748939969,1323.0,0,1.0,6736.0,False,2006,2006,
25214,COTA,CUNDINAMARCA,Andina,2010,4.369463521449188,29.640931557624583,-25.271468036175396,19.363847944142744,13.881138554067018,1323.0,0,1.0,10261.0,False,2006,2006,
25224,CUCUNUBA,CUNDINAMARCA,Andina,2010,1.9780219780219777,22.52006292649274,-20.542040948470763,9.810526315789474,40.72759538598048,1323.0,0,1.0,2830.0,False,2006,2006,
25245,EL COLEGIO,CUNDINAMARCA,Andina,2010,3.821656050955414,26.40760791853586,-22.585951867580444,15.43369078322248,21.31930183320022,1323.0,0,1.0,8926.0,False,2006,2006,
25258,EL PENON,CUNDINAMARCA,Andina,2010,1.469098277608916,15.965933395520333,-14.496835117911417,2.27803738317757,47.99748374921367,1323.0,0,1.0,1994.0,False,2006,2006,
25260,EL ROSAL,CUNDINAMARCA,Andina,2010,2.325951887844512,19.173211044550346,-16.847259156705835,6.903765690376569,24.682354710172167,1323.0,0,1.0,6441.0,False,2006,2006,
25269,FACATATIVA,CUNDINAMARCA,Andina,2010,6.098379921094602,32.68697501521283,-26.58859509411823,22.980452029771804,13.085553918840526,1323.0,0,1.0,49396.0,False,2006,2006,
25279,FOMEQUE,CUNDINAMARCA,Andina,2010,2.2167487684729066,22.095081085422372,-19.878332316949464,10.09966777408638,30.360860513532263,1323.0,0,1.0,5745.0,False,2006,2006,
25281,FOSCA,CUNDINAMARCA,Andina,2010,2.336937565399372,20.37374474590375,-18.03680718050438,7.766212970376301,38.92385728470693,1323.0,0,1.0,2882.0,False,2006,2006,
25286,FUNZA,CUNDINAMARCA,Andina,2010,5.8264234383637366,31.845704322202387,-26.01928088383865,21.961609782990028,13.410737761547908,1323.0,0,1.0,27997.0,False,2006,2006,
25288,FUQUENE,CUNDINAMARCA,Andina,2010,4.33851098018211,24.712450965812735,-20.373939985630624,13.36603310852238,23.42767295597484,1323.0,0,1.0,1921.0,False,2006,2006,
25290,FUSAGASUGA,CUNDINAMARCA,Andina,2010,6.107451133868198,29.717816260340065,-23.61036512647187,19.32993282604454,17.4402730629109,1323.0,0,1.0,47115.0,False,2006,2006,
25293,GACHALA,CUNDINAMARCA,Andina,2010,2.259164535379369,18.95229988617228,-16.69313535079291,6.293103448275862,33.67311072056239,1323.0,0,1.0,2374.0,False,2006,2006,
25295,GACHANCIPA,CUNDINAMARCA,Andina,2010,5.444261135988687,34.809838879134645,-29.36557774314596,25.0,20.964654776446935,1323.0,0,1.0,4406.0,False,2006,2006,
25297,GACHETA,CUNDINAMARCA,Andina,2010,2.3725286160249737,20.46092372210953,-18.08839510608456,7.834201388888889,38.89328845773114,1323.0,0,1.0,4883.0,False,2006,2006,
25299,GAMA,CUNDINAMARCA,Andina,2010,1.614987080103359,16.621532183996422,-15.006545103893062,4.015296367112811,27.2654370489174,1323.0,0,1.0,1574.0,False,2006,2006,
25307,GIRARDOT,CUNDINAMARCA,Andina,2010,8.008822448229385,37.244687255560216,-29.23586480733083,27.90533380430943,20.09385184110653,1323.0,0,1.0,42046.0,False,2006,2006,
25312,GRANADA,CUNDINAMARCA,Andina,2010,6.262042389210019,30.085769177221337,-23.823726788011317,19.79121357111788,18.251008598617133,1323.0,0,1.0,3186.0,False,2006,2006,
25317,GUACHETA,CUNDINAMARCA,Andina,2010,3.5764705882352943,25.47392863217643,-21.897458043941135,13.546227143960854,32.82252316464718,1323.0,0,1.0,4479.0,False,2006,2006,
25320,GUADUAS,CUNDINAMARCA,Andina,2010,3.3823667197601424,25.38518224948516,-22.00281552972502,13.761878144214643,29.841072270250883,1323.0,0,1.0,10971.0,False,2006,2006,
25322,GUASCA,CUNDINAMARCA,Andina,2010,3.822273961971284,23.550264389094544,-19.72799042712326,12.257200267916948,18.52396708746713,1323.0,0,1.0,5296.0,False,2006,2006,
25324,GUATAQUI,CUNDINAMARCA,Andina,2010,5.544147843942506,27.679413252194408,-22.135265408251904,15.68627450980392,47.11451758340848,1323.0,0,1.0,989.0,False,2006,2006,
25326,GUATAVITA,CUNDINAMARCA,Andina,2010,2.974107767669699,26.212191260671823,-23.238083493002122,15.030800821355236,22.93336275914617,1323.0,0,1.0,2942.0,False,2006,2006,
25328,GUAYABAL DE SIQUIMA,CUNDINAMARCA,Andina,2010,3.169398907103825,21.862108598772014,-18.69270969166819,10.006761325219744,27.601809954751133,1323.0,0,1.0,1853.0,False,2006,2006,
25335,GUAYABETAL,CUNDINAMARCA,Andina,2010,3.595317725752508,21.6943609258473,-18.09904320009479,9.55510616784631,31.68554006968641,1323.0,0,1.0,2431.0,False,2006,2006,
25339,GUTIERREZ,CUNDINAMARCA,Andina,2010,1.2322858903265557,18.27448920407811,-17.042203313751557,5.023132848645076,46.74821002386635,1323.0,0,1.0,1639.0,False,2006,2006,
25368,JERUSALEN,CUNDINAMARCA,Andina,2010,3.95869191049914,25.870028946043245,-21.911337035544104,13.48435814455232,51.139817629179326,1323.0,0,1.0,1173.0,False,2006,2006,
25372,JUNIN,CUNDINAMARCA,Andina,2010,3.29538645895746,18.48568861475483,-15.190302155797372,5.830330822142155,34.107655801173976,1323.0,0,1.0,3368.0,False,2006,2006,
25377,LA CALERA,CUNDINAMARCA,Andina,2010,6.752024513022543,33.53742025752601,-26.785395744503464,23.9446612273856,13.357605018533024,1323.0,0,1.0,9381.0,False,2006,2006,
25386,LA MESA,CUNDINAMARCA,Andina,2010,4.351456670996474,28.98455174366056,-24.633095072664087,18.296892980437285,23.68717573359696,1323.0,0,1.0,10985.0,False,2006,2006,
25394,LA PALMA,CUNDINAMARCA,Andina,2010,1.543784934788395,21.2072912487558,-19.663506313967407,8.480268681780016,42.75273159915027,1323.0,0,1.0,3836.0,False,2006,2006,
25398,LA PENA,CUNDINAMARCA,Andina,2010,0.5266622778143515,17.356517871843124,-16.82985559402877,2.914717524289313,68.48708487084872,1323.0,0,1.0,3074.0,False,2006,2006,
25402,LA VEGA,CUNDINAMARCA,Andina,2010,3.4772577455504288,23.379776907929468,-19.90251916237904,11.719367588932808,24.804992199687987,1323.0,0,1.0,6216.0,False,2006,2006,
25407,LENGUAZAQUE,CUNDINAMARCA,Andina,2010,2.2359517505148574,22.781135098332268,-20.54518334781741,10.65891472868217,32.4075044544597,1323.0,0,1.0,3498.0,False,2006,2006,
25426,MACHETA,CUNDINAMARCA,Andina,2010,3.361344537815126,18.022929365297866,-14.66158482748274,4.766444232602479,45.06670833807288,1323.0,0,1.0,2923.0,False,2006,2006,
25430,MADRID,CUNDINAMARCA,Andina,2010,4.383191844563634,31.069877387158968,-26.686685542595335,21.064573217770118,13.619562862977975,1323.0,0,1.0,29178.0,False,2006,2006,
25436,MANTA,CUNDINAMARCA,Andina,2010,2.2818791946308723,22.003975069159257,-19.722095874528385,9.643201542912246,37.611735044694015,1323.0,0,1.0,2265.0,False,2006,2006,
25438,MEDINA,CUNDINAMARCA,Andina,2010,1.3243167089320935,21.650466091569978,-20.326149382637883,8.995284729778746,42.7605871792164,1323.0,0,1.0,3575.0,False,2006,2006,
25473,MOSQUERA,CUNDINAMARCA,Andina,2010,7.221737315471898,32.847401710425515,-25.625664394953617,23.23457925507456,11.058769391264097,1323.0,0,1.0,27059.0,False,2006,2006,
25483,NARINO,CUNDINAMARCA,Andina,2010,3.206997084548105,26.63127808779121,-23.424281003243102,14.626218851570965,43.93120393120393,1323.0,0,1.0,1042.0,False,2006,2006,
25486,NEMOCON,CUNDINAMARCA,Andina,2010,8.326446280991735,37.3171872324981,-28.990740951506364,28.07505211952745,17.160235495122055,1323.0,0,1.0,5020.0,False,2006,2006,
25488,NILO,CUNDINAMARCA,Andina,2010,4.701015419330576,25.892346293115732,-21.191330873785155,14.75945819710416,24.010767537320444,1323.0,0,1.0,2706.0,False,2006,2006,
25489,NIMAIMA,CUNDINAMARCA,Andina,2010,1.0911424903722722,16.47258071129137,-15.3814382209191,3.785900783289817,28.99703923019985,1323.0,0,1.0,1583.0,False,2006,2006,
25491,NOCAIMA,CUNDINAMARCA,Andina,2010,9.111361079865016,30.690217656897964,-21.578856577032948,19.690455717970764,35.26955201214882,1323.0,0,1.0,2720.0,False,2006,2006,
25506,VENECIA,CUNDINAMARCA,Andina,2010,9.322033898305085,28.66276175698711,-19.340727858682023,17.854463615903978,25.04653017814411,1323.0,0,1.0,1682.0,False,2006,2006,
25513,PACHO,CUNDINAMARCA,Andina,2010,2.153500714431517,19.378787536091494,-17.225286821659978,7.288282434481265,22.218681370085644,1323.0,0,1.0,9975.0,False,2006,2006,
25518,PAIME,CUNDINAMARCA,Andina,2010,1.5222482435597189,23.481788726152462,-21.959540482592743,10.275229357798166,59.71905846621108,1323.0,0,1.0,1733.0,False,2006,2006,
25524,PANDI,CUNDINAMARCA,Andina,2010,8.138903960933261,28.448309986998268,-20.309406026065005,17.17105263157895,35.97920015413793,1323.0,0,1.0,1884.0,False,2006,2006,
25530,PARATEBUENO,CUNDINAMARCA,Andina,2010,1.3801756587202008,21.019827222082057,-19.639651563361856,8.477508650519031,38.88193575302461,1323.0,0,1.0,3220.0,False,2006,2006,
25535,PASCA,CUNDINAMARCA,Andina,2010,16.194209891435467,48.96947820689152,-32.77526831545606,41.14796869176296,26.243949701840723,1323.0,0,1.0,3399.0,False,2006,2006,
25572,PUERTO SALGAR,CUNDINAMARCA,Andina,2010,9.928530036700792,33.349339248118326,-23.420809211417534,22.99978199258775,29.25615498948599,1323.0,0,1.0,5402.0,False,2006,2006,
25580,PULI,CUNDINAMARCA,Andina,2010,1.3321492007104796,17.542586937939735,-16.210437737229256,4.323094425483505,41.701977401129945,1323.0,0,1.0,1140.0,False,2006,2006,
25592,QUEBRADANEGRA,CUNDINAMARCA,Andina,2010,1.5611448395490026,17.72995437928539,-16.16880953973639,4.650047938638543,39.5281549076341,1323.0,0,1.0,2342.0,False,2006,2006,
25594,QUETAME,CUNDINAMARCA,Andina,2010,4.291695743196092,32.93043609810475,-28.638740354908656,22.098214285714285,39.23340604549704,1323.0,0,1.0,2916.0,False,2006,2006,
25596,QUIPILE,CUNDINAMARCA,Andina,2010,2.578150177247825,19.415300343724518,-16.837150166476693,6.464872944693573,42.72496831432193,1323.0,0,1.0,3143.0,False,2006,2006,
25599,APULO,CUNDINAMARCA,Andina,2010,4.701217785329935,25.125200088306332,-20.4239823029764,13.261528105015149,37.59080702681284,1323.0,0,1.0,3586.0,False,2006,2006,
25612,RICAURTE,CUNDINAMARCA,Andina,2010,3.7650910579087378,30.76557680949277,-27.000485751584034,19.720767888307154,36.6271850545565,1323.0,0,1.0,4999.0,False,2006,2006,
25645,SAN ANTONIO DEL TEQUENDAMA,CUNDINAMARCA,Andina,2010,4.827425373134328,28.987567251602172,-24.160141878467844,18.147851614625036,27.60763643267238,1323.0,0,1.0,4351.0,False,2006,2006,
25649,SAN BERNARDO,CUNDINAMARCA,Andina,2010,4.419595314164004,26.583780256049895,-22.164184941885892,15.375302663438257,27.102352878465823,1323.0,0,1.0,3817.0,False,2006,2006,
25653,SAN CAYETANO,CUNDINAMARCA,Andina,2010,1.334106728538283,21.092807469411465,-19.75870074087318,8.621815806662312,37.71161704611792,1323.0,0,1.0,1743.0,False,2006,2006,
25658,SAN FRANCISCO,CUNDINAMARCA,Andina,2010,2.5660569105691056,22.791249350520378,-20.22519243995127,11.227961645530469,22.630082808058336,1323.0,0,1.0,4003.0,False,2006,2006,
25662,SAN JUAN DE RIOSECO,CUNDINAMARCA,Andina,2010,2.893265256503769,21.85835840976283,-18.965093153259062,9.6175799086758,34.145562885720366,1323.0,0,1.0,4175.0,False,2006,2006,
25718,SASAIMA,CUNDINAMARCA,Andina,2010,2.377450980392157,20.248908645905658,-17.8714576655135,8.193163320672816,24.769501709313165,1323.0,0,1.0,4163.0,False,2006,2006,
25736,SESQUILE,CUNDINAMARCA,Andina,2010,4.544349939246659,30.41716644205254,-25.872816502805883,20.01713306681896,16.56305503993202,1323.0,0,1.0,4270.0,False,2006,2006,
25740,SIBATE,CUNDINAMARCA,Andina,2010,6.319038336582196,34.14854804767492,-27.829509711092726,24.31587177482408,16.652921839324918,1323.0,0,1.0,12666.0,False,2006,2006,
25743,SILVANIA,CUNDINAMARCA,Andina,2010,5.165776729169254,24.9948147066607,-19.829037977491446,13.659281894576011,24.62319223070892,1323.0,0,1.0,8169.0,False,2006,2006,
25745,SIMIJACA,CUNDINAMARCA,Andina,2010,3.320947515095216,23.00067618732714,-19.679728672231924,11.355887752425913,22.04943071369064,1323.0,0,1.0,4394.0,False,2006,2006,
25754,SOACHA,CUNDINAMARCA,Andina,2010,9.439414551766196,33.44955002927529,-24.01013547750909,23.72512546941354,16.164114629192074,1323.0,0,1.0,109655.0,False,2006,2006,
25758,SOPO,CUNDINAMARCA,Andina,2010,8.465363709957211,32.82265003362768,-24.357286323670472,23.27660801845976,8.943572022220222,1323.0,0,1.0,8864.0,False,2006,2006,
25769,SUBACHOQUE,CUNDINAMARCA,Andina,2010,2.422432387589182,20.0451792111436,-17.62274682355442,8.40613473112017,14.01702786377709,1323.0,0,1.0,6203.0,False,2006,2006,
25772,SUESCA,CUNDINAMARCA,Andina,2010,6.583242655059848,28.199737937104167,-21.61649528204432,17.20129171151776,23.62289839798787,1323.0,0,1.0,5730.0,False,2006,2006,
25777,SUPATA,CUNDINAMARCA,Andina,2010,1.5165876777251186,19.93395932879963,-18.41737165107451,7.48430709802028,32.952138924184666,1323.0,0,1.0,2142.0,False,2006,2006,
25779,SUSA,CUNDINAMARCA,Andina,2010,4.249404289118348,26.747371077896346,-22.497966788777997,15.017985611510792,30.711074785451576,1323.0,0,1.0,2609.0,False,2006,2006,
25781,SUTATAUSA,CUNDINAMARCA,Andina,2010,4.56950456950457,25.76981522265232,-21.20031065314775,14.220445459737292,29.99564649542882,1323.0,0,1.0,2154.0,False,2006,2006,
25785,TABIO,CUNDINAMARCA,Andina,2010,3.5061357375406965,23.56325226724307,-20.057116529702373,12.429378531073446,12.396891656282696,1323.0,0,1.0,8240.0,False,2006,2006,
25793,TAUSA,CUNDINAMARCA,Andina,2010,3.004427577482606,20.36395401163862,-17.359526434156013,8.16179126038281,25.502645502645503,1323.0,0,1.0,3276.0,False,2006,2006,
25797,TENA,CUNDINAMARCA,Andina,2010,3.511650804069576,26.12609292610903,-22.614442122039456,15.023474178403756,24.17227456258412,1323.0,0,1.0,3079.0,False,2006,2006,
25799,TENJO,CUNDINAMARCA,Andina,2010,3.309724870607464,26.311518920927803,-23.00179405032034,15.503344194820787,16.16643517120599,1323.0,0,1.0,7569.0,False,2006,2006,
25805,TIBACUY,CUNDINAMARCA,Andina,2010,8.93525949705725,27.351369067505242,-18.416109570447993,15.778251599147122,37.46780816357583,1323.0,0,1.0,1890.0,False,2006,2006,
25807,TIBIRITA,CUNDINAMARCA,Andina,2010,2.610441767068273,20.403645970970366,-17.793204203902093,8.031837916063676,34.0499306518724,1323.0,0,1.0,1514.0,False,2006,2006,
25815,TOCAIMA,CUNDINAMARCA,Andina,2010,3.350316504554577,22.65730677034441,-19.306990265789832,10.524523160762945,33.76511161824985,1323.0,0,1.0,6610.0,False,2006,2006,
25817,TOCANCIPA,CUNDINAMARCA,Andina,2010,6.121212121212121,38.02991678703887,-31.90870466582675,28.762541806020064,20.006014208497884,1323.0,0,1.0,12039.0,False,2006,2006,
25823,TOPAIPI,CUNDINAMARCA,Andina,2010,1.4023732470334414,19.581870571485005,-18.179497324451564,5.644599303135889,63.58051777095217,1323.0,0,1.0,1886.0,False,2006,2006,
25839,UBALA,CUNDINAMARCA,Andina,2010,2.897743103928671,23.91805090601011,-21.020307802081437,11.249241964827169,49.474542489581445,1323.0,0,1.0,3675.0,False,2006,2006,
25841,UBAQUE,CUNDINAMARCA,Andina,2010,4.0116467162730505,26.510375184188966,-22.498728467915917,14.946004319654428,32.151378379538514,1323.0,0,1.0,3155.0,False,2006,2006,
25843,VILLA DE SAN DIEGO DE UBATE,CUNDINAMARCA,Andina,2010,3.630317306359984,28.960651594091036,-25.330334287731052,18.264045921029744,20.941541690584227,1323.0,0,1.0,15036.0,False,2006,2006,
25845,UNE,CUNDINAMARCA,Andina,2010,2.867965367965368,26.958084191126954,-24.090118823161585,15.75499508679987,28.166617523234983,1323.0,0,1.0,3762.0,False,2006,2006,
25851,UTICA,CUNDINAMARCA,Andina,2010,1.1428571428571428,17.604879926326554,-16.46202278346941,4.35967302452316,42.70386266094421,1323.0,0,1.0,2298.0,False,2006,2006,
25862,VERGARA,CUNDINAMARCA,Andina,2010,1.1027278003482297,19.786007635860884,-18.683279835512653,6.4238410596026485,52.13523131672599,1323.0,0,1.0,3487.0,False,2006,2006,
25867,VIANI,CUNDINAMARCA,Andina,2010,1.8867924528301887,17.657063630812573,-15.770271177982384,4.915824915824916,30.85829348099673,1323.0,0,1.0,1833.0,False,2006,2006,
25871,VILLAGOMEZ,CUNDINAMARCA,Andina,2010,2.8727770177838576,23.522037440417265,-20.649260422633407,11.095700416088766,42.94777940458761,1323.0,0,1.0,744.0,False,2006,2006,
25873,VILLAPINZON,CUNDINAMARCA,Andina,2010,2.1469529270569407,21.09319006163319,-18.94623713457625,9.068284336599785,25.8513229289097,1323.0,0,1.0,7671.0,False,2006,2006,
25875,VILLETA,CUNDINAMARCA,Andina,2010,2.2762171438894407,21.236434690544744,-18.960217546655304,9.482029598308667,21.33598688151867,1323.0,0,1.0,11260.0,False,2006,2006,
25878,VIOTA,CUNDINAMARCA,Andina,2010,11.261361117268898,29.5396962403135,-18.278335123044602,18.302658486707564,38.459163192836186,1323.0,0,1.0,4594.0,False,2006,2006,
25885,YACOPI,CUNDINAMARCA,Andina,2010,1.1904761904761905,17.11155137650322,-15.921075186027029,2.791103358046228,64.72557316996146,1323.0,0,1.0,4945.0,False,2006,2006,
25898,ZIPACON,CUNDINAMARCA,Andina,2010,5.41871921182266,29.90003655296335,-24.481317341140688,18.953880764904387,30.573407032303816,1323.0,0,1.0,2299.0,False,2006,2006,
25899,ZIPAQUIRA,CUNDINAMARCA,Andina,2010,14.05410522827862,38.61706671696136,-24.56296148868274,29.774555275054304,13.000898082279818,1323.0,0,1.0,43701.0,False,2006,2006,
27001,QUIBDO,CHOCO,Pacifica,2010,4.181051016494054,32.818453966327134,-28.63740294983308,19.072367902984485,89.47171326178322,9954.0,0,1.0,30477.0,False,2006,2006,
27006,ACANDI,CHOCO,Pacifica,2010,1.8658197697499008,17.329489621773643,-15.463669852023742,3.386103781882146,49.246507534924646,9954.0,0,1.0,2577.0,False,2006,2006,
27025,ALTO BAUDO,CHOCO,Pacifica,2010,8.793868495361034,36.47662472419211,-27.68275622883108,23.140138408304495,97.17914532313522,9954.0,0,1.0,2523.0,False,2006,2006,
27050,ATRATO,CHOCO,Pacifica,2010,2.9499626587005228,26.06144318271167,-23.11148052401115,11.90365910143585,80.11331444759206,9954.0,0,1.0,2835.0,False,2006,2006,
27073,BAGADO,CHOCO,Pacifica,2010,0.6045949214026602,20.87346591912738,-20.26887099772472,5.714285714285714,84.48739907022265,9954.0,0,1.0,1683.0,False,2006,2006,
27075,BAHIA SOLANO,CHOCO,Pacifica,2010,4.030226700251889,18.25758685137857,-14.22736015112668,5.351614329942503,30.18695850433197,9954.0,0,1.0,2428.0,False,2006,2006,
27077,BAJO BAUDO,CHOCO,Pacifica,2010,0.9170806266717616,18.085404405718066,-17.168323779046304,2.935420743639922,78.27752999560273,9954.0,0,1.0,2665.0,False,2006,2006,
27099,BOJAYA,CHOCO,Pacifica,2010,2.1174205967276225,22.64581998920903,-20.528399392481408,6.966618287373004,96.03228740336516,9954.0,0,1.0,1056.0,False,2006,2006,
27135,EL CANTON DEL SAN PABLO,CHOCO,Pacifica,2010,1.780185758513932,33.11892272781185,-31.33873696929792,21.329639889196677,52.54928619986404,9954.0,0,1.0,1326.0,False,2006,2006,
27150,CARMEN DEL DARIEN,CHOCO,Pacifica,2010,1.2804097311139564,18.978353895152978,-17.697944164039022,3.3942558746736298,90.67048437127175,9954.0,0,1.0,797.0,False,2006,2006,
27160,CERTEGUI,CHOCO,Pacifica,2010,2.278820375335121,23.03826047504169,-20.759440099706566,8.13347236704901,87.24437251728703,9954.0,0,1.0,1569.0,False,2006,2006,
27205,CONDOTO,CHOCO,Pacifica,2010,2.43531202435312,24.170085951735693,-21.734773927382573,10.435875943000838,62.57658819735569,9954.0,0,1.0,3406.0,False,2006,2006,
27245,EL CARMEN DE ATRATO,CHOCO,Pacifica,2010,2.67639902676399,20.063329684279367,-17.38693065751538,7.291082445316882,31.698699830412664,9954.0,0,1.0,2139.0,False,2006,2006,
27250,EL LITORAL DEL SAN JUAN,CHOCO,Pacifica,2010,6.659939455095863,23.351479582182876,-16.691540127087013,8.84861407249467,77.55016722408027,9954.0,0,1.0,1021.0,False,2006,2006,
27361,ISTMINA,CHOCO,Pacifica,2010,3.4420289855072466,34.73530942162484,-31.293280436117595,21.356018283392583,88.07690101682397,9954.0,0,1.0,5772.0,False,2006,2006,
27372,JURADO,CHOCO,Pacifica,2010,2.331002331002331,17.62245426501841,-15.291451934016077,1.8134715025906731,86.21060171919771,9954.0,0,0.89,445.0,False,2006,2006,
27413,LLORO,CHOCO,Pacifica,2010,1.5160022459292533,21.593298634409983,-20.07729638848073,7.13375796178344,71.77898909811695,9954.0,0,1.0,1821.0,False,2006,2006,
27425,MEDIO ATRATO,CHOCO,Pacifica,2010,1.161751563896336,23.83457409235775,-22.672822528461417,8.536585365853659,100.0,9954.0,0,1.0,1142.0,False,2006,2006,
27430,MEDIO BAUDO,CHOCO,Pacifica,2010,1.3530927835051547,22.94852776673676,-21.595434983231605,7.412687099073414,100.0,9954.0,0,1.0,1568.0,False,2006,2006,
27450,MEDIO SAN JUAN,CHOCO,Pacifica,2010,3.486682808716707,31.02819621627615,-27.541513407559442,18.603213844252164,58.202400702644674,9954.0,0,1.0,2145.0,False,2006,2006,
27491,NOVITA,CHOCO,Pacifica,2010,1.6739446870451238,28.140895042739672,-26.466950355694546,14.84375,66.18780658724597,9954.0,0,1.0,1448.0,False,2006,2006,
27495,NUQUI,CHOCO,Pacifica,2010,1.361031518624642,17.862367905031057,-16.501336386406415,4.212168486739469,45.242255758538526,9954.0,0,1.0,1414.0,False,2006,2006,
27580,RIO IRO,CHOCO,Pacifica,2010,1.1904761904761905,26.367197586046565,-25.176721395570375,12.10762331838565,82.68309377138947,9954.0,0,1.0,1130.0,False,2006,2006,
27600,RIO QUITO,CHOCO,Pacifica,2010,1.4238253440911248,23.15988996205458,-21.736064617963457,7.70135214579659,98.81364310430054,9954.0,0,1.0,2167.0,False,2006,2006,
27615,RIOSUCIO,CHOCO,Pacifica,2010,2.802491103202847,19.063086215963693,-16.260595112760846,3.6373810856183546,85.21347651204842,9954.0,0,1.0,2319.0,False,2006,2006,
27660,SAN JOSE DEL PALMAR,CHOCO,Pacifica,2010,5.268022181146026,35.765619657177744,-30.497597476031718,24.5,42.02101050525263,9954.0,0,1.0,1123.0,False,2006,2006,
27745,SIPI,CHOCO,Pacifica,2010,0.8944543828264758,18.182577898572102,-17.288123515745628,3.880597014925373,47.47191011235955,9954.0,0,1.0,584.0,False,2006,2006,
27787,TADO,CHOCO,Pacifica,2010,1.597222222222222,21.30784466292109,-19.71062244069887,6.096311475409836,86.86077713658587,9954.0,0,1.0,4441.0,False,2006,2006,
27800,UNGUIA,CHOCO,Pacifica,2010,1.7820980153908466,17.688823290165946,-15.906725274775098,3.282704556589907,60.62607696726021,9954.0,0,1.0,2516.0,False,2006,2006,
27810,UNION PANAMERICANA,CHOCO,Pacifica,2010,1.82370820668693,22.240793622497318,-20.417085415810387,8.744247205785667,53.39423249149203,9954.0,0,1.0,2036.0,False,2006,2006,
41001,NEIVA,HUILA,Andina,2010,8.126895966179944,36.21145794956823,-28.084561983388284,26.51746572772972,17.700865928443115,9224.0,0,1.0,115923.0,False,2006,2006,
41006,ACEVEDO,HUILA,Andina,2010,1.7155877228253589,19.98032358059638,-18.264735857771022,5.76992426974396,64.09976675946129,9224.0,0,1.0,7579.0,False,2006,2006,
41013,AGRADO,HUILA,Andina,2010,2.85140562248996,23.976121546629372,-21.124715924139412,11.15702479338843,44.92048421552338,9224.0,0,1.0,2540.0,False,2006,2006,
41016,AIPE,HUILA,Andina,2010,7.346173512868587,42.779056910001245,-35.432883397132656,33.089133089133085,38.01140714055135,9224.0,0,1.0,6036.0,False,2006,2006,
41020,ALGECIRAS,HUILA,Andina,2010,5.518140343254399,46.847077615269924,-41.32893727201552,37.06896551724138,49.2015568659482,9224.0,0,1.0,4780.0,False,2006,2006,
41026,ALTAMIRA,HUILA,Andina,2010,4.273504273504273,27.21063458249744,-22.93713030899317,15.555555555555555,23.5817575083426,9224.0,0,1.0,1317.0,False,2006,2006,
41078,BARAYA,HUILA,Andina,2010,10.137795275590552,44.776469957337156,-34.63867468174661,32.40291262135923,100.0,9224.0,0,1.0,2100.0,False,2006,2006,
41132,CAMPOALEGRE,HUILA,Andina,2010,9.501542135110936,35.47728055845094,-25.975738423340005,25.076886680861133,26.67393188485106,9224.0,0,1.0,10531.0,False,2006,2006,
41206,COLOMBIA,HUILA,Andina,2010,1.7747440273037545,21.849350067021962,-20.07460603971821,7.82312925170068,64.77178912607619,9224.0,0,1.0,2959.0,False,2006,2006,
41244,ELIAS,HUILA,Andina,2010,3.6764705882352944,17.655397139527647,-13.978926551292354,4.592240696753761,33.27311050888287,9224.0,0,1.0,1375.0,False,2006,2006,
41298,GARZON,HUILA,Andina,2010,3.5233762462491534,23.16860108466082,-19.645224838411668,10.897017200087088,30.930200397470596,9224.0,0,1.0,21172.0,False,2006,2006,
41306,GIGANTE,HUILA,Andina,2010,4.555426506646019,27.397861565807425,-22.842435059161406,15.704272363150867,30.703565680045124,9224.0,0,1.0,7952.0,False,2006,2006,
41319,GUADALUPE,HUILA,Andina,2010,2.0496649586125346,18.399413141263853,-16.349748182651318,5.107913669064748,36.93913260842395,9224.0,0,1.0,5172.0,False,2006,2006,
41349,HOBO,HUILA,Andina,2010,8.364312267657994,33.07524380383732,-24.710931536179324,22.10005497526113,32.6759769817231,9224.0,0,1.0,2219.0,False,2006,2006,
41357,IQUIRA,HUILA,Andina,2010,5.10556621880998,47.19771307825053,-42.09214685944055,37.54062838569881,44.289185905224784,9224.0,0,1.0,2725.0,False,2006,2006,
41359,ISNOS,HUILA,Andina,2010,2.6094747452122298,23.23701874918497,-20.62754400397274,10.235245563351215,46.62566349313337,9224.0,0,1.0,9115.0,False,2006,2006,
41378,LA ARGENTINA,HUILA,Andina,2010,7.553014057660233,33.61492011463953,-26.061906056979296,21.76047120418848,44.67209601371624,9224.0,0,1.0,4360.0,False,2006,2006,
41396,LA PLATA,HUILA,Andina,2010,5.467823481680294,26.185388891315213,-20.71756540963492,13.702970297029704,44.51320914003213,9224.0,0,1.0,16378.0,False,2006,2006,
41483,NATAGA,HUILA,Andina,2010,2.5244719216898504,25.025310743570596,-22.500838821880745,12.244897959183673,42.27642276422765,9224.0,0,1.0,2012.0,False,2006,2006,
41503,OPORAPA,HUILA,Andina,2010,1.2672486623486343,18.088676245873206,-16.82142758352457,4.068522483940043,53.29833597464342,9224.0,0,1.0,3591.0,False,2006,2006,
41518,PAICOL,HUILA,Andina,2010,3.5114503816793894,23.05751232036439,-19.546061938685,10.369955156950672,38.44070419810408,9224.0,0,1.0,2000.0,False,2006,2006,
41524,PALERMO,HUILA,Andina,2010,7.461959829580037,38.09525203500793,-30.633292205427892,28.06855025474757,30.216836041180784,9224.0,0,1.0,8421.0,False,2006,2006,
41530,PALESTINA,HUILA,Andina,2010,2.356902356902357,24.08679505401713,-21.729892697114774,11.241217798594848,44.97467861316712,9224.0,0,1.0,3337.0,False,2006,2006,
41548,PITAL,HUILA,Andina,2010,3.036386449184442,24.062996582975202,-21.02661013379076,11.32246376811594,44.85455114169534,9224.0,0,1.0,4042.0,False,2006,2006,
41551,PITALITO,HUILA,Andina,2010,4.813339235649992,24.78073641795804,-19.967397182308048,12.489086146682189,37.08127014465886,9224.0,0,1.0,34544.0,False,2006,2006,
41615,RIVERA,HUILA,Andina,2010,6.443679291687161,36.97212693623135,-30.528447644544187,26.594845796366705,32.322259579295526,9224.0,0,1.0,6280.0,False,2006,2006,
41660,SALADOBLANCO,HUILA,Andina,2010,1.2564249000571102,17.053941863503272,-15.797516963446162,3.08641975308642,49.438860154191474,9224.0,0,1.0,3545.0,False,2006,2006,
41668,SAN AGUSTIN,HUILA,Andina,2010,3.9818911410638953,21.873838225020485,-17.89194708395659,8.927943760984183,42.489522352161295,9224.0,0,1.0,9855.0,False,2006,2006,
41676,SANTA MARIA,HUILA,Andina,2010,1.8164204407846936,19.69344502118649,-17.877024580401798,6.417736289381564,42.015153006002166,9224.0,0,1.0,4178.0,False,2006,2006,
41770,SUAZA,HUILA,Andina,2010,3.2547169811320757,24.679812711377576,-21.4250957302455,11.99616122840691,45.68506874870448,9224.0,0,1.0,4318.0,False,2006,2006,
41791,TARQUI,HUILA,Andina,2010,2.5758129338692,24.454016771376537,-21.878203837507336,11.87393110188126,40.84790539690527,9224.0,0,1.0,5579.0,False,2006,2006,
41797,TESALIA,HUILA,Andina,2010,3.060937938781241,22.76278795594335,-19.70185001716211,10.425614994142911,29.531267733514927,9224.0,0,1.0,3658.0,False,2006,2006,
41799,TELLO,HUILA,Andina,2010,9.037981702245633,45.17269916771794,-36.134717465472306,34.89583333333333,53.44817296183491,9224.0,0,1.0,3760.0,False,2006,2006,
41801,TERUEL,HUILA,Andina,2010,3.2719836400818,27.011326166097152,-23.739342526015353,15.065821550463188,34.449269289103555,9224.0,0,1.0,2504.0,False,2006,2006,
41807,TIMANA,HUILA,Andina,2010,2.656733202136632,18.252988005117768,-15.596254802981136,5.296092796092796,31.453885205266825,9224.0,0,1.0,7257.0,False,2006,2006,
41872,VILLAVIEJA,HUILA,Andina,2010,10.265011741026502,41.096217382198745,-30.831205641172243,31.03290676416819,39.99726327312534,9224.0,0,1.0,3049.0,False,2006,2006,
41885,YAGUARA,HUILA,Andina,2010,10.74600355239787,44.45789866824387,-33.711895115846005,35.54455445544554,21.84358685609902,9224.0,0,1.0,3529.0,False,2006,2006,
44001,RIOHACHA,LA GUAJIRA,Caribe,2010,19.459791282995702,63.717111623212276,-44.25732034021657,56.898433237196976,49.10155966280009,6358.0,0,1.0,34974.0,False,2006,2006,
44035,ALBANIA,LA GUAJIRA,Caribe,2010,32.0762802656953,60.19296854947369,-28.116688283778387,52.33555767397522,60.95464722041836,6358.0,0,1.0,4743.0,False,2006,2006,
44078,BARRANCAS,LA GUAJIRA,Caribe,2010,18.659987476518477,66.59852893260579,-47.93854145608731,60.0180777342573,54.14677376923584,6358.0,0,1.0,8066.0,False,2006,2006,
44090,DIBULLA,LA GUAJIRA,Caribe,2010,14.701216287678475,47.21725619787621,-32.51603991019773,37.13480266529985,66.52344871210947,6358.0,0,1.0,5803.0,False,2006,2006,
44098,DISTRACCION,LA GUAJIRA,Caribe,2010,16.462456801759345,52.34257783484419,-35.88012103308485,43.2241250930752,62.87636185786685,6358.0,0,1.0,3221.0,False,2006,2006,
44110,EL MOLINO,LA GUAJIRA,Caribe,2010,8.845577211394302,35.82796678590691,-26.98238957451261,24.482282558674644,56.48777051997309,6358.0,0,1.0,2700.0,False,2006,2006,
44279,FONSECA,LA GUAJIRA,Caribe,2010,25.40355125100888,62.15368695973713,-36.75013570872825,55.39794125031384,43.37180956567791,6358.0,0,1.0,10074.0,False,2006,2006,
44378,HATONUEVO,LA GUAJIRA,Caribe,2010,22.086444897035527,67.31075795120786,-45.224313054172335,60.62815479528884,58.68959169749818,6358.0,0,1.0,4496.0,False,2006,2006,
44420,LA JAGUA DEL PILAR,LA GUAJIRA,Caribe,2010,14.960629921259844,30.096660901943338,-15.136030980683493,17.455310199789693,66.75432006010519,6358.0,0,1.0,1286.0,False,2006,2006,
44430,MAICAO,LA GUAJIRA,Caribe,2010,20.77674973884495,47.0018251652898,-26.225075426444853,36.77628323361375,68.35980683074416,6358.0,0,1.0,27417.0,False,2006,2006,
44560,MANAURE,LA GUAJIRA,Caribe,2010,7.420281094151428,45.12143021487136,-37.70114912071993,34.12256267409471,79.74842529397225,6358.0,0,1.0,6802.0,False,2006,2006,
44650,SAN JUAN DEL CESAR,LA GUAJIRA,Caribe,2010,8.23079862437906,36.229715805546896,-27.998917181167833,25.47994677817905,44.78799357915374,6358.0,0,1.0,13250.0,False,2006,2006,
44847,URIBIA,LA GUAJIRA,Caribe,2010,10.474343149356374,46.832999037072554,-36.35865588771618,35.32934131736527,96.0471069423815,6358.0,0,1.0,5906.0,False,2006,2006,
44855,URUMITA,LA GUAJIRA,Caribe,2010,22.401847575057737,47.17133988138926,-24.76949230633152,37.21468739662587,62.98046375800463,6358.0,0,1.0,3498.0,False,2006,2006,
44874,VILLANUEVA,LA GUAJIRA,Caribe,2010,12.998522895125554,39.56889384445746,-26.57037094933191,29.154179154179158,47.57145347905109,6358.0,0,1.0,7537.0,False,2006,2006,
47001,SANTA MARTA,MAGDALENA,Caribe,2010,24.63459580447825,47.69995611786839,-23.06536031339014,39.37708565072303,29.02846336383024,5380.0,0,1.0,121568.0,False,2006,2006,
47030,ALGARROBO,MAGDALENA,Caribe,2010,11.726027397260276,25.30466062995283,-13.578633232692555,12.005910602142594,64.64507677729003,5380.0,0,1.0,3714.0,False,2006,2006,
47053,ARACATACA,MAGDALENA,Caribe,2010,21.604289318755256,35.33895515044533,-13.734665831690073,23.74138155327176,61.398938064812384,5380.0,0,1.0,9696.0,False,2006,2006,
47058,ARIGUANI,MAGDALENA,Caribe,2010,11.58787255909558,26.447037455731493,-14.859164896635914,13.592233009708735,59.21649251924993,5380.0,0,1.0,7922.0,False,2006,2006,
47161,CERRO DE SAN ANTONIO,MAGDALENA,Caribe,2010,4.482880338863396,23.32030073414548,-18.837420395282084,9.875403784033224,63.72889771598808,5380.0,0,1.0,2862.0,False,2006,2006,
47170,CHIVOLO,MAGDALENA,Caribe,2010,7.55110554860242,25.480722939288896,-17.929617390686474,11.94331983805668,72.25111321274954,5380.0,0,1.0,4824.0,False,2006,2006,
47189,CIENAGA,MAGDALENA,Caribe,2010,28.93315084281804,42.79421509126308,-13.861064248445036,33.122662874598404,43.81378337440545,5380.0,0,1.0,28396.0,False,2006,2006,
47205,CONCORDIA,MAGDALENA,Caribe,2010,7.510659232535258,20.210785314405342,-12.700126081870085,6.369220821209182,62.602365787079165,5380.0,0,1.0,3075.0,False,2006,2006,
47245,EL BANCO,MAGDALENA,Caribe,2010,9.249040307101728,26.463255145704153,-17.214214838602423,13.45736434108527,63.646590257669104,5380.0,0,1.0,16868.0,False,2006,2006,
47258,EL PINON,MAGDALENA,Caribe,2010,5.977348993288591,20.777865045180526,-14.800516051891936,7.035398230088495,61.63306935445164,5380.0,0,1.0,4822.0,False,2006,2006,
47268,EL RETEN,MAGDALENA,Caribe,2010,26.060606060606062,34.82778633641433,-8.767180275808265,23.27906312482148,59.21975030458025,5380.0,0,1.0,4351.0,False,2006,2006,
47288,FUNDACION,MAGDALENA,Caribe,2010,10.150891632373114,23.653841241439544,-13.50294960906643,11.036931818181818,44.13585382563947,5380.0,0,1.0,19257.0,False,2006,2006,
47318,GUAMAL,MAGDALENA,Caribe,2010,10.953744161518758,32.13680534239175,-21.183061180872997,19.96141027889844,63.88406885101041,5380.0,0,1.0,6694.0,False,2006,2006,
47460,NUEVA GRANADA,MAGDALENA,Caribe,2010,7.372924006039256,19.71680336317237,-12.343879357133115,4.841228526808954,83.00338303470744,5380.0,0,1.0,4030.0,False,2006,2006,
47541,PEDRAZA,MAGDALENA,Caribe,2010,4.965430546825895,25.76323580515916,-20.797805258333263,12.45704467353952,68.58232676414494,5380.0,0,1.0,3197.0,False,2006,2006,
47545,PIJINO DEL CARMEN,MAGDALENA,Caribe,2010,11.947886876390212,25.49243748379928,-13.544550607409066,11.456908344733243,83.15523465703971,5380.0,0,1.0,3182.0,False,2006,2006,
47551,PIVIJAY,MAGDALENA,Caribe,2010,27.94164287979702,23.341198761744366,4.600444118052653,10.53784042698782,47.55603995795115,5380.0,0,1.0,9666.0,False,2006,2006,
47555,PLATO,MAGDALENA,Caribe,2010,14.89713066813459,27.344470002825908,-12.447339334691318,14.461954074741106,63.60975155903866,5380.0,0,1.0,14616.0,False,2006,2006,
47570,PUEBLOVIEJO,MAGDALENA,Caribe,2010,12.62199089134678,25.54426242726855,-12.92227153592177,12.693498452012385,57.75762154586176,5380.0,0,1.0,6304.0,False,2006,2006,
47605,REMOLINO,MAGDALENA,Caribe,2010,8.358098068350667,27.487089047459058,-19.12899097910839,14.763231197771589,61.70534027727521,5380.0,0,1.0,2728.0,False,2006,2006,
47660,SABANAS DE SAN ANGEL,MAGDALENA,Caribe,2010,1.890464275785377,17.990334863105943,-16.099870587320567,3.3660589060308554,71.05446927374301,5380.0,0,1.0,3628.0,False,2006,2006,
47675,SALAMINA,MAGDALENA,Caribe,2010,5.015895443306253,28.755431950961494,-23.73953650765524,16.527001862197395,53.50898494414764,5380.0,0,1.0,2870.0,False,2006,2006,
47692,SAN SEBASTIAN DE BUENAVISTA,MAGDALENA,Caribe,2010,18.303811057434245,35.296275564454966,-16.99246450702072,23.507972665148063,66.34690462911323,5380.0,0,1.0,5626.0,False,2006,2006,
47703,SAN ZENON,MAGDALENA,Caribe,2010,9.877675840978592,28.139591042529183,-18.261915201550593,14.924797531816427,73.73414104469083,5380.0,0,1.0,3305.0,False,2006,2006,
47707,SANTA ANA,MAGDALENA,Caribe,2010,4.22627857260319,24.0002075759462,-19.773929003343007,10.501367365542388,66.48910027385023,5380.0,0,1.0,6127.0,False,2006,2006,
47720,SANTA BARBARA DE PINTO,MAGDALENA,Caribe,2010,4.004967401428128,27.264778624403633,-23.259811222975504,13.627006998764925,80.24544372195255,5380.0,0,1.0,3237.0,False,2006,2006,
47745,SITIONUEVO,MAGDALENA,Caribe,2010,16.473988439306357,32.094052148667835,-15.620063709361478,19.75775927327782,66.88610572311438,5380.0,0,1.0,5616.0,False,2006,2006,
47798,TENERIFE,MAGDALENA,Caribe,2010,10.775862068965516,34.28784417581369,-23.511982106848173,22.27307398932113,68.1613774848785,5380.0,0,1.0,3749.0,False,2006,2006,
47960,ZAPAYAN,MAGDALENA,Caribe,2010,1.7632241813602016,19.0591595045084,-17.2959353231482,4.33127082341742,77.75800711743773,5380.0,0,1.0,2820.0,False,2006,2006,
47980,ZONA BANANERA,MAGDALENA,Caribe,2010,33.32837264677431,33.761962711272886,-0.4335900644985742,22.713601425866106,44.22478703947561,5380.0,0,1.0,13759.0,False,2006,2006,
50001,VILLAVICENCIO,META,Orinoquia,2010,5.006784429423261,32.244231306692676,-27.237446877269413,22.049623495205893,17.071026274830228,7961.0,0,1.0,163809.0,False,2006,2006,
50006,ACACIAS,META,Orinoquia,2010,3.799244047850992,28.829527564411066,-25.030283516560075,17.827371531075233,22.679785504404908,7961.0,0,1.0,26225.0,False,2006,2006,
50110,BARRANCA DE UPIA,META,Orinoquia,2010,1.8210197710718004,30.234498918530047,-28.413479147458247,18.64244741873805,40.21397105097545,7961.0,0,1.0,1981.0,False,2006,2006,
50124,CABUYARO,META,Orinoquia,2010,2.313624678663239,25.320343097758926,-23.006718419095687,12.812160694896852,43.998837547224646,7961.0,0,1.0,1591.0,False,2006,2006,
50150,CASTILLA LA NUEVA,META,Orinoquia,2010,2.533560219323124,29.628523015912023,-27.0949627965889,18.74258600237248,23.417099536712065,7961.0,0,1.0,5399.0,False,2006,2006,
50223,CUBARRAL,META,Orinoquia,2010,1.4382402707275803,19.076037988007265,-17.637797717279685,6.229508196721312,31.16779593463531,7961.0,0,1.0,2403.0,False,2006,2006,
50226,CUMARAL,META,Orinoquia,2010,2.790758047767393,28.24776187511535,-25.457003827347958,17.189374464438732,23.30039532658297,7961.0,0,1.0,7816.0,False,2006,2006,
50245,EL CALVARIO,META,Orinoquia,2010,1.005586592178771,18.324126716964344,-17.31854012478557,5.862457722660654,20.18970189701897,7961.0,0,1.0,905.0,False,2006,2006,
50251,EL CASTILLO,META,Orinoquia,2010,7.700770077007702,30.02373877314252,-22.322968696134815,18.181818181818183,41.35120449193986,7961.0,0,1.0,1872.0,False,2006,2006,
50270,EL DORADO,META,Orinoquia,2010,1.3793103448275863,19.033990081640933,-17.654679736813346,5.926544240400668,35.984848484848484,7961.0,0,1.0,1317.0,False,2006,2006,
50287,FUENTE DE ORO,META,Orinoquia,2010,5.202702702702703,30.0662440588857,-24.863541356183,18.441814595660748,39.085559076505206,7961.0,0,1.0,4559.0,False,2006,2006,
50313,GRANADA,META,Orinoquia,2010,4.954425169067921,30.629430976332316,-25.675005807264395,19.565527065527068,27.62748117189881,7961.0,0,1.0,20990.0,False,2006,2006,
50318,GUAMAL,META,Orinoquia,2010,1.837641357027464,23.852049712569684,-22.01440835554222,12.376896459941443,19.42389598744676,7961.0,0,1.0,5013.0,False,2006,2006,
50325,MAPIRIPAN,META,Orinoquia,2010,4.713560551124003,27.62137906070165,-22.907818509577645,12.74685816876122,100.0,7961.0,0,1.0,1432.0,False,2006,2006,
50330,MESETAS,META,Orinoquia,2010,6.120384420839656,28.660456225427346,-22.54007180458769,13.561076604554865,100.0,7961.0,0,1.0,2085.0,False,2006,2006,
50350,LA MACARENA,META,Orinoquia,2010,2.6181353767560664,49.61928652843164,-47.00115115167557,37.84021071115013,100.0,7961.0,0,1.0,1642.0,False,2006,2006,
50370,URIBE,META,Orinoquia,2010,37.68613974799542,81.75328950604877,-44.067149758053354,77.18446601941747,50.47158103747829,7961.0,0,1.0,928.0,False,2006,2006,
50400,LEJANIAS,META,Orinoquia,2010,3.3014196104324856,26.12896845347108,-22.827548843038596,13.92174704276615,38.394241417497234,7961.0,0,1.0,3096.0,False,2006,2006,
50450,PUERTO CONCORDIA,META,Orinoquia,2010,3.30188679245283,43.317074074496674,-40.01518728204384,30.48919226393629,100.0,7961.0,0,1.0,1788.0,False,2006,2006,
50568,PUERTO GAITAN,META,Orinoquia,2010,1.65337482979965,26.089558207175585,-24.436183377375936,12.634892086330934,65.46900894928737,7961.0,0,1.0,5352.0,False,2006,2006,
50573,PUERTO LOPEZ,META,Orinoquia,2010,4.033811256152365,29.144312811415553,-25.110501555263188,17.793964620187307,32.79528400985313,7961.0,0,1.0,9555.0,False,2006,2006,
50577,PUERTO LLERAS,META,Orinoquia,2010,2.0976353928299005,31.48971339736248,-29.39207800453258,19.02786010669828,59.8427461885128,7961.0,0,1.0,2709.0,False,2006,2006,
50590,PUERTO RICO,META,Orinoquia,2010,2.9001074113856067,46.41445457982288,-43.514347168437276,34.31855500821018,100.0,7961.0,0,1.0,2903.0,False,2006,2006,
50606,RESTREPO,META,Orinoquia,2010,3.6765827612509536,27.78332357011924,-24.106740808868288,16.962236595034426,17.542279595717,7961.0,0,1.0,6637.0,False,2006,2006,
50680,SAN CARLOS DE GUAROA,META,Orinoquia,2010,2.427921092564492,23.556880927050578,-21.128959834486086,11.034217608612073,39.03265557609365,7961.0,0,1.0,3355.0,False,2006,2006,
50683,SAN JUAN DE ARAMA,META,Orinoquia,2010,3.795233892321271,28.619683080893754,-24.824449188572483,16.70362158167036,39.38269772963348,7961.0,0,1.0,2339.0,False,2006,2006,
50686,SAN JUANITO,META,Orinoquia,2010,1.0115606936416186,18.59076546045313,-17.57920476681151,5.607476635514018,29.749866950505588,7961.0,0,1.0,698.0,False,2006,2006,
50689,SAN MARTIN,META,Orinoquia,2010,3.4448076439527284,24.161551319307577,-20.71674367535485,12.289156626506024,26.98631014344074,7961.0,0,1.0,8123.0,False,2006,2006,
50711,VISTAHERMOSA,META,Orinoquia,2010,1.7191977077363898,23.046974729469113,-21.32777702173272,9.60698689956332,53.86249681312144,7961.0,0,1.0,3955.0,False,2006,2006,
52001,PASTO,NARINO,Pacifica,2010,22.091219360843933,49.77042517171857,-27.679205810874638,41.02182539682539,16.195297183044673,33340.0,0,1.0,139306.0,False,2006,2006,
52019,ALBAN,NARINO,Pacifica,2010,3.074476543864299,21.78667023627746,-18.71219369241316,7.67319900634833,45.53114499870768,33340.0,0,1.0,3840.0,False,2006,2006,
52022,ALDANA,NARINO,Pacifica,2010,9.814612868047982,71.2996709431384,-61.485058075090414,64.95595557257757,36.81180811808118,33340.0,0,1.0,2828.0,False,2006,2006,
52036,ANCUYA,NARINO,Pacifica,2010,17.741347905282332,58.04862182461585,-40.30727391933352,49.31224209078404,46.14177031759449,33340.0,0,1.0,2790.0,False,2006,2006,
52051,ARBOLEDA,NARINO,Pacifica,2010,7.393292682926829,41.097944912246874,-33.70465222932005,27.94348508634223,81.83284063423811,33340.0,0,1.0,2684.0,False,2006,2006,
52079,BARBACOAS,NARINO,Pacifica,2010,5.705190989226249,47.114085682076364,-41.40889469285011,35.32338308457712,73.86848282474296,33340.0,0,1.0,4236.0,False,2006,2006,
52083,BELEN,NARINO,Pacifica,2010,4.526404023470243,29.722507144764357,-25.196103121294115,17.410714285714285,28.338762214983717,33340.0,0,1.0,2465.0,False,2006,2006,
52110,BUESACO,NARINO,Pacifica,2010,8.635057471264368,34.21146471359586,-25.57640724233149,21.268714307763545,58.64350309376487,33340.0,0,1.0,7137.0,False,2006,2006,
52203,COLON,NARINO,Pacifica,2010,20.26378896882494,34.8592576928292,-14.595468724004263,21.80392156862745,57.41315136476427,33340.0,0,1.0,2676.0,False,2006,2006,
52207,CONSACA,NARINO,Pacifica,2010,17.90139731083575,55.77034252912216,-37.86894521828641,46.02949517867272,57.64324960753532,33340.0,0,1.0,3887.0,False,2006,2006,
52210,CONTADERO,NARINO,Pacifica,2010,10.823529411764705,57.256847015027944,-46.43331760326324,47.3490813648294,65.44660340412712,33340.0,0,1.0,2163.0,False,2006,2006,
52215,CORDOBA,NARINO,Pacifica,2010,21.87028657616893,80.91150741733887,-59.04122084116994,74.3091655266758,71.94324766008022,33340.0,0,1.0,4123.0,False,2006,2006,
52224,CUASPUD CARLOSAMA,NARINO,Pacifica,2010,10.975609756097562,65.65096678890231,-54.67535703280475,57.40310077519379,56.58741951461119,33340.0,0,1.0,2919.0,False,2006,2006,
52227,CUMBAL,NARINO,Pacifica,2010,23.202921231090244,66.02574875214289,-42.822827521052645,58.70876652547812,40.34258185386743,33340.0,0,1.0,9744.0,False,2006,2006,
52233,CUMBITARA,NARINO,Pacifica,2010,10.558687852383391,88.9996150845716,-78.44092723218822,82.20963172804532,100.0,33340.0,0,1.0,2013.0,False,2006,2006,
52240,CHACHAGUI,NARINO,Pacifica,2010,15.223529411764703,55.51286207108214,-40.28933265931744,46.327529923830255,47.20491665263513,33340.0,0,1.0,4331.0,False,2006,2006,
52250,EL CHARCO,NARINO,Pacifica,2010,6.980433632998413,61.4621996343821,-54.48176600138369,51.706851277154456,80.99606314260596,33340.0,0,1.0,3893.0,False,2006,2006,
52254,EL PENOL,NARINO,Pacifica,2010,10.908353609083536,86.61799532060675,-75.70964171152322,81.80058083252662,54.36805764034824,33340.0,0,1.0,2528.0,False,2006,2006,
52256,EL ROSARIO,NARINO,Pacifica,2010,11.538461538461538,86.68349868476415,-75.14503714630261,80.63042485153038,81.01764758577443,33340.0,0,1.0,2377.0,False,2006,2006,
52258,EL TABLON DE GOMEZ,NARINO,Pacifica,2010,7.535501603298213,35.008239706929984,-27.47273810363177,22.53944402704733,50.2167943344414,33340.0,0,1.0,4441.0,False,2006,2006,
52260,EL TAMBO,NARINO,Pacifica,2010,15.391522988505743,55.20895062525129,-39.81742763674555,45.98261606953572,45.34301270417423,33340.0,0,1.0,5710.0,False,2006,2006,
52287,FUNES,NARINO,Pacifica,2010,8.686257562662057,53.99386437149225,-45.307606808830194,43.7137330754352,64.73140805027681,33340.0,0,1.0,2352.0,False,2006,2006,
52317,GUACHUCAL,NARINO,Pacifica,2010,11.120689655172416,68.5571234988005,-57.43643384362808,61.637448713166734,39.891696750902526,33340.0,0,1.0,5931.0,False,2006,2006,
52320,GUAITARILLA,NARINO,Pacifica,2010,28.217821782178216,71.64885126336317,-43.43102948118495,64.46436998584237,54.28549044186776,33340.0,0,1.0,4374.0,False,2006,2006,
52323,GUALMATAN,NARINO,Pacifica,2010,7.483552631578948,43.88020504588697,-36.39665241430802,32.27931488801054,47.43635077793494,33340.0,0,1.0,2592.0,False,2006,2006,
52352,ILES,NARINO,Pacifica,2010,25.76435495898583,65.88986438754893,-40.12550942856309,57.658349328214975,60.18565615462869,33340.0,0,1.0,2729.0,False,2006,2006,
52354,IMUES,NARINO,Pacifica,2010,18.396946564885496,72.80016916490372,-54.403222600018225,65.7510729613734,55.425824175824175,33340.0,0,1.0,2686.0,False,2006,2006,
52356,IPIALES,NARINO,Pacifica,2010,16.190820383086376,54.60570284383486,-38.41488246074849,45.86528341602767,30.66060094257188,33340.0,0,1.0,34495.0,False,2006,2006,
52378,LA CRUZ,NARINO,Pacifica,2010,8.61805201427843,30.112021547107876,-21.493969532829446,15.950920245398772,71.66790118991344,33340.0,0,1.0,5991.0,False,2006,2006,
52381,LA FLORIDA,NARINO,Pacifica,2010,19.50947603121516,68.82442797132117,-49.31495194010601,61.69198689305928,46.20974253162286,33340.0,0,1.0,3650.0,False,2006,2006,
52385,LA LLANADA,NARINO,Pacifica,2010,8.074534161490684,50.80415241621472,-42.72961825472404,41.1660777385159,37.11934156378601,33340.0,0,1.0,1346.0,False,2006,2006,
52390,LA TOLA,NARINO,Pacifica,2010,5.207646671061305,29.770642531585658,-24.562995860524353,14.754098360655735,91.45957297864894,33340.0,0,1.0,1567.0,False,2006,2006,
52399,LA UNION,NARINO,Pacifica,2010,10.280054644808745,44.159200144391676,-33.87914549958293,33.50047007207772,38.03918588695856,33340.0,0,1.0,9054.0,False,2006,2006,
52405,LEIVA,NARINO,Pacifica,2010,8.663269306154449,70.2148508726238,-61.55158156646935,62.5053809728799,64.26215644820296,33340.0,0,1.0,2598.0,False,2006,2006,
52411,LINARES,NARINO,Pacifica,2010,14.69748117372111,75.98712467635521,-61.2896435026341,69.61550484526414,53.94439617723719,33340.0,0,1.0,3922.0,False,2006,2006,
52418,LOS ANDES,NARINO,Pacifica,2010,16.924564796905223,74.55269604423553,-57.62813124733031,66.98901098901099,68.49361129791527,33340.0,0,1.0,3189.0,False,2006,2006,
52427,MAGUI,NARINO,Pacifica,2010,2.384020618556701,40.183227719862515,-37.79920710130581,27.091633466135452,82.52476321307208,33340.0,0,1.0,1601.0,False,2006,2006,
52435,MALLAMA,NARINO,Pacifica,2010,22.78215223097113,84.28034976775506,-61.49819753678393,79.51244813278008,46.05804111245465,33340.0,0,1.0,1988.0,False,2006,2006,
52473,MOSQUERA,NARINO,Pacifica,2010,9.446254071661238,23.833140001394696,-14.386885929733458,8.26330532212885,84.3173587130464,33340.0,0,1.0,1582.0,False,2006,2006,
52480,NARINO,NARINO,Pacifica,2010,17.276544691061787,39.08706775680214,-21.810523065740355,27.51824817518248,40.21377672209026,33340.0,0,1.0,1708.0,False,2006,2006,
52490,OLAYA HERRERA,NARINO,Pacifica,2010,13.833875258646172,22.95717570273638,-9.123300444090207,8.083560399636694,65.55720844806939,33340.0,0,1.0,3526.0,False,2006,2006,
52506,OSPINA,NARINO,Pacifica,2010,8.186274509803921,69.4681469080678,-61.28187239826387,61.46369353916524,59.18863111866878,33340.0,0,1.0,2120.0,False,2006,2006,
52520,FRANCISCO PIZARRO,NARINO,Pacifica,2010,8.598726114649681,34.34532637981974,-25.74660026517006,20.95959595959596,71.31360100152017,33340.0,0,1.0,1922.0,False,2006,2006,
52540,POLICARPA,NARINO,Pacifica,2010,8.869179600886918,87.2891058058507,-78.41992620496377,82.97957549058872,46.559538524927895,33340.0,0,1.0,3656.0,False,2006,2006,
52560,POTOSI,NARINO,Pacifica,2010,12.18155197657394,57.96669427940529,-45.785142302831346,49.13086257789439,42.604958170235626,33340.0,0,1.0,3498.0,False,2006,2006,
52565,PROVIDENCIA,NARINO,Pacifica,2010,14.699932569116656,86.69516437190165,-71.995231802785,81.2457221081451,64.53180965376087,33340.0,0,1.0,1516.0,False,2006,2006,
52573,PUERRES,NARINO,Pacifica,2010,20.331106593087423,62.801311891919795,-42.47020529883237,54.61628359953254,46.14862572107228,33340.0,0,1.0,3531.0,False,2006,2006,
52585,PUPIALES,NARINO,Pacifica,2010,11.937557392102846,47.09973133956515,-35.16217394746231,36.74604554145663,40.94317070520482,33340.0,0,1.0,6796.0,False,2006,2006,
52612,RICAURTE,NARINO,Pacifica,2010,28.64349775784753,81.88736234842646,-53.24386459057894,75.80645161290323,65.90536105032822,33340.0,0,1.0,1863.0,False,2006,2006,
52621,ROBERTO PAYAN,NARINO,Pacifica,2010,1.5834348355663823,34.59651775242864,-33.01308291686226,21.04962920707359,72.92028230938331,33340.0,0,1.0,1672.0,False,2006,2006,
52678,SAMANIEGO,NARINO,Pacifica,2010,24.73446465633012,77.96312545866283,-53.22866080233271,71.69112198013931,58.03036919979282,33340.0,0,1.0,8350.0,False,2006,2006,
52683,SANDONA,NARINO,Pacifica,2010,18.677859391395597,64.12190260286592,-45.444043211470316,56.46734130634775,42.317122668310674,33340.0,0,1.0,6811.0,False,2006,2006,
52685,SAN BERNARDO,NARINO,Pacifica,2010,3.3231603933536795,26.192557875281157,-22.86939748192748,12.123493975903614,57.35486988334368,33340.0,0,1.0,2988.0,False,2006,2006,
52687,SAN LORENZO,NARINO,Pacifica,2010,14.709279938390452,51.54617990170628,-36.83689996331583,41.21199919468492,57.30758770737013,33340.0,0,1.0,5339.0,False,2006,2006,
52693,SAN PABLO,NARINO,Pacifica,2010,13.041080783016268,42.33313495233145,-29.29205416931518,31.69968717413973,33.33556642325986,33340.0,0,1.0,3730.0,False,2006,2006,
52694,SAN PEDRO DE CARTAGO,NARINO,Pacifica,2010,7.623509369676321,32.102643329168316,-24.479133959491996,18.813468733297704,57.00441784238278,33340.0,0,1.0,2398.0,False,2006,2006,
52696,SANTA BARBARA,NARINO,Pacifica,2010,6.396396396396396,48.10728181879219,-41.71088542239579,35.4256233877902,100.0,33340.0,0,1.0,1133.0,False,2006,2006,
52699,SANTACRUZ,NARINO,Pacifica,2010,17.10691823899371,82.88023061057663,-65.77331237158292,76.8716577540107,67.98079203225042,33340.0,0,1.0,1623.0,False,2006,2006,
52720,SAPUYES,NARINO,Pacifica,2010,13.246116107931316,75.38575618928009,-62.13964008134877,69.75019516003123,36.21628983928085,33340.0,0,1.0,2501.0,False,2006,2006,
52786,TAMINANGO,NARINO,Pacifica,2010,20.434623813002197,61.54779971544549,-41.113175902443295,52.95624332977587,55.110982992216776,33340.0,0,1.0,5569.0,False,2006,2006,
52788,TANGUA,NARINO,Pacifica,2010,20.623569794050344,60.01665454108469,-39.39308474703435,51.11510791366906,54.378703790800486,33340.0,0,1.0,3591.0,False,2006,2006,
52835,SAN ANDRES DE TUMACO,NARINO,Pacifica,2010,9.008501773548788,34.326183242657564,-25.317681469108777,21.838462572234917,48.70276600129439,33340.0,0,1.0,36710.0,False,2006,2006,
52838,TUQUERRES,NARINO,Pacifica,2010,38.206058693594194,67.67019013700954,-29.464131443415347,60.48118985126859,41.31845367087657,33340.0,0,1.0,13156.0,False,2006,2006,
52885,YACUANQUER,NARINO,Pacifica,2010,33.157740708223585,74.90375687650024,-41.746016168276654,67.54530477759472,63.39464214314275,33340.0,0,1.0,3552.0,False,2006,2006,
54001,SAN JOSE DE CUCUTA,NORTE DE SANTANDER,Andina,2010,4.6303585486295,31.33855422026079,-26.708195671631287,20.700156459544036,23.2414203863024,6270.0,0,1.0,243293.0,False,2006,2006,
54003,ABREGO,NORTE DE SANTANDER,Andina,2010,2.732673267326733,22.554345298627215,-19.821672031300483,9.542341220423411,48.44077535050034,6270.0,0,1.0,7722.0,False,2006,2006,
54051,ARBOLEDAS,NORTE DE SANTANDER,Andina,2010,2.955665024630542,20.85857885755011,-17.90291383291957,7.297830374753452,52.010285179990646,6270.0,0,1.0,3151.0,False,2006,2006,
54099,BOCHALEMA,NORTE DE SANTANDER,Andina,2010,2.205110255512776,20.879392002874106,-18.67428174736133,8.34485938220378,29.305604880900777,6270.0,0,1.0,2940.0,False,2006,2006,
54109,BUCARASICA,NORTE DE SANTANDER,Andina,2010,1.782421634910879,22.92023709314474,-21.13781545823386,8.903544929925804,64.32540564569904,6270.0,0,1.0,1677.0,False,2006,2006,
54125,CACOTA,NORTE DE SANTANDER,Andina,2010,0.74487895716946,19.207657871735883,-18.462778914566425,5.424063116370808,52.79578606158834,6270.0,0,1.0,1093.0,False,2006,2006,
54128,CACHIRA,NORTE DE SANTANDER,Andina,2010,1.8340857787810383,18.2683753275404,-16.434289548759363,4.608567208271787,49.19867235656709,6270.0,0,1.0,3579.0,False,2006,2006,
54172,CHINACOTA,NORTE DE SANTANDER,Andina,2010,4.243138575517764,26.625715379397057,-22.382576803879292,15.284516982796648,22.92011024121702,6270.0,0,1.0,6076.0,False,2006,2006,
54174,CHITAGA,NORTE DE SANTANDER,Andina,2010,0.7734806629834254,18.551728674524067,-17.778248011540644,4.7589032461393,52.5859366837321,6270.0,0,1.0,3703.0,False,2006,2006,
54206,CONVENCION,NORTE DE SANTANDER,Andina,2010,17.24137931034483,52.961406820677624,-35.7200275103328,44.47351209941138,45.0983691818772,6270.0,0,1.0,3618.0,False,2006,2006,
54223,CUCUTILLA,NORTE DE SANTANDER,Andina,2010,2.0555355210962856,22.143701868772993,-20.088166347676708,8.388607101053452,58.61030828516378,6270.0,0,1.0,2865.0,False,2006,2006,
54239,DURANIA,NORTE DE SANTANDER,Andina,2010,3.683424589347934,29.45066703861594,-25.767242449268007,18.083670715249664,34.10516160154366,6270.0,0,1.0,2046.0,False,2006,2006,
54245,EL CARMEN,NORTE DE SANTANDER,Andina,2010,5.132978723404255,21.6707657172261,-16.537786993821847,7.710678949164109,66.5266946610678,6270.0,0,1.0,3825.0,False,2006,2006,
54250,EL TARRA,NORTE DE SANTANDER,Andina,2010,41.81256436663234,91.17721344295313,-49.364649076320795,87.24362181090545,73.11435523114356,6270.0,0,1.0,2028.0,False,2006,2006,
54261,EL ZULIA,NORTE DE SANTANDER,Andina,2010,3.346185623795097,27.2476164674037,-23.9014308436086,15.140459686245896,42.93038750323348,6270.0,0,1.0,7423.0,False,2006,2006,
54313,GRAMALOTE,NORTE DE SANTANDER,Andina,2010,3.396946564885496,22.941059340418576,-19.54411277553308,10.620220900594733,32.89902280130293,6270.0,0,1.0,2655.0,False,2006,2006,
54344,HACARI,NORTE DE SANTANDER,Andina,2010,18.22620016273393,78.7005129364359,-60.47431277370197,72.7344365642238,79.18433524569718,6270.0,0,1.0,1258.0,False,2006,2006,
54347,HERRAN,NORTE DE SANTANDER,Andina,2010,1.82882223847842,19.973159072567082,-18.144336834088662,7.090464547677261,38.1085263461217,6270.0,0,1.0,1396.0,False,2006,2006,
54377,LABATECA,NORTE DE SANTANDER,Andina,2010,1.1220196353436185,20.19870248830147,-19.076682852957852,7.087912087912088,42.94148289633617,6270.0,0,1.0,2180.0,False,2006,2006,
54385,LA ESPERANZA,NORTE DE SANTANDER,Andina,2010,4.378109452736319,24.48397063048585,-20.10586117774953,11.135775064742878,60.73574267492374,6270.0,0,1.0,3074.0,False,2006,2006,
54398,LA PLAYA,NORTE DE SANTANDER,Andina,2010,5.402363534046145,26.044567135020802,-20.642203600974657,13.343002175489485,50.831889081455806,6270.0,0,1.0,1831.0,False,2006,2006,
54405,LOS PATIOS,NORTE DE SANTANDER,Andina,2010,4.188235294117646,30.131760027633845,-25.9435247335162,19.559021242269427,18.7347186957294,6270.0,0,1.0,28267.0,False,2006,2006,
54418,LOURDES,NORTE DE SANTANDER,Andina,2010,0.5445881552076242,18.317518431647358,-17.772930276439734,5.158730158730158,35.18518518518518,6270.0,0,1.0,1494.0,False,2006,2006,
54480,MUTISCUA,NORTE DE SANTANDER,Andina,2010,1.384083044982699,21.223162083915835,-19.839079038933136,8.366533864541832,37.40557436832509,6270.0,0,1.0,1501.0,False,2006,2006,
54498,OCANA,NORTE DE SANTANDER,Andina,2010,8.309676514912558,30.27975050467509,-21.970073989762533,19.408434525763045,26.161510989888097,6270.0,0,1.0,29146.0,False,2006,2006,
54518,PAMPLONA,NORTE DE SANTANDER,Andina,2010,5.907407407407407,32.671249221582144,-26.763841814174736,22.61048304213772,15.04693966921416,6270.0,0,1.0,22131.0,False,2006,2006,
54520,PAMPLONITA,NORTE DE SANTANDER,Andina,2010,1.1390602752728998,20.8778418407333,-19.7387815654604,7.639257294429708,44.80174392759416,6270.0,0,1.0,2156.0,False,2006,2006,
54553,PUERTO SANTANDER,NORTE DE SANTANDER,Andina,2010,1.80247840781074,24.730118957343738,-22.927640549533,12.302006335797254,43.35934242558599,6270.0,0,1.0,2719.0,False,2006,2006,
54599,RAGONVALIA,NORTE DE SANTANDER,Andina,2010,1.7808958445763627,19.445607128986154,-17.66471128440979,6.177156177156177,44.18098860676095,6270.0,0,1.0,1884.0,False,2006,2006,
54660,SALAZAR,NORTE DE SANTANDER,Andina,2010,2.3224043715847,24.56319848664751,-22.240794115062812,11.960916442048518,43.58723958333333,6270.0,0,1.0,3744.0,False,2006,2006,
54670,SAN CALIXTO,NORTE DE SANTANDER,Andina,2010,72.78669043374926,89.11475720486976,-16.328066771120504,84.74820143884892,73.89253486464314,6270.0,0,1.0,1715.0,False,2006,2006,
54673,SAN CAYETANO,NORTE DE SANTANDER,Andina,2010,4.203625144620131,33.16815177221169,-28.964526627591557,22.058823529411764,38.27694148681943,6270.0,0,1.0,2649.0,False,2006,2006,
54680,SANTIAGO,NORTE DE SANTANDER,Andina,2010,3.243616287094548,26.401040600793266,-23.15742431369872,14.50676982591876,35.55977229601518,6270.0,0,1.0,1462.0,False,2006,2006,
54720,SARDINATA,NORTE DE SANTANDER,Andina,2010,2.79376904842533,28.0675078745763,-25.27373882615097,15.355506871141204,53.29684649465728,6270.0,0,1.0,6125.0,False,2006,2006,
54743,SILOS,NORTE DE SANTANDER,Andina,2010,0.5212858384013901,16.3510567422575,-15.829770903856112,2.7335984095427435,41.32841328413284,6270.0,0,1.0,2326.0,False,2006,2006,
54800,TEORAMA,NORTE DE SANTANDER,Andina,2010,35.246317927882174,63.83365924796368,-28.587341320081507,56.51636812847437,56.53291164261712,6270.0,0,1.0,2006.0,False,2006,2006,
54810,TIBU,NORTE DE SANTANDER,Andina,2010,8.738113595476742,36.87738856242541,-28.13927496694867,25.457540263543198,56.76290236222238,6270.0,0,1.0,8107.0,False,2006,2006,
54820,TOLEDO,NORTE DE SANTANDER,Andina,2010,1.8463810930576072,21.466320146565145,-19.619939053507537,8.480715959940337,41.677528675703854,6270.0,0,1.0,5537.0,False,2006,2006,
54871,VILLA CARO,NORTE DE SANTANDER,Andina,2010,1.9164955509924708,16.991133927713538,-15.074638376721067,2.80970625798212,56.06393606393606,6270.0,0,1.0,1498.0,False,2006,2006,
54874,VILLA DEL ROSARIO,NORTE DE SANTANDER,Andina,2010,2.5980874701167207,25.345277527568744,-22.747190057452023,13.847988386561594,22.84954321183312,6270.0,0,1.0,29085.0,False,2006,2006,
63001,ARMENIA,QUINDIO,Andina,2010,5.119171165200101,30.254700343407904,-25.135529178207804,20.12073643216835,13.21272717072241,859.0,0,1.0,118840.0,False,2006,2006,
63111,BUENAVISTA,QUINDIO,Andina,2010,5.333333333333334,27.960442508232475,-22.62710917489914,17.24137931034483,22.44542913416605,859.0,0,1.0,1221.0,False,2006,2006,
63130,CALARCA,QUINDIO,Andina,2010,4.76869342077126,26.89090073664364,-22.12220731587238,16.13868698254752,14.458713205818333,859.0,0,1.0,29353.0,False,2006,2006,
63190,CIRCASIA,QUINDIO,Andina,2010,2.7681317591030856,25.441553526792475,-22.67342176768939,14.359808807078206,17.229686844384403,859.0,0,1.0,10435.0,False,2006,2006,
63212,CORDOBA,QUINDIO,Andina,2010,7.438449449973808,42.12151346226236,-34.68306401228855,33.26271186440678,24.816491632035618,859.0,0,1.0,1964.0,False,2006,2006,
63272,FILANDIA,QUINDIO,Andina,2010,3.1014430325220763,26.306274142554976,-23.2048311100329,15.377489578508568,18.809557673558373,859.0,0,1.0,4818.0,False,2006,2006,
63302,GENOVA,QUINDIO,Andina,2010,3.8461538461538463,28.055882439528034,-24.209728593374187,17.036753445635526,25.424753721064008,859.0,0,1.0,3172.0,False,2006,2006,
63401,LA TEBAIDA,QUINDIO,Andina,2010,7.622093930410361,32.87618166582305,-25.254087735412686,22.68970698722765,22.38145821183962,859.0,0,1.0,13563.0,False,2006,2006,
63470,MONTENEGRO,QUINDIO,Andina,2010,4.719162246702027,25.834671178530137,-21.11550893182811,14.63139700909296,22.85504534134412,859.0,0,1.0,15515.0,False,2006,2006,
63548,PIJAO,QUINDIO,Andina,2010,8.636363636363637,30.21491080915485,-21.578547172791215,19.548872180451127,23.855787160504832,859.0,0,1.0,2702.0,False,2006,2006,
63594,QUIMBAYA,QUINDIO,Andina,2010,5.679993884259614,29.15305992632326,-23.473066042063646,18.40769436281058,22.09505357117957,859.0,0,1.0,13628.0,False,2006,2006,
63690,SALENTO,QUINDIO,Andina,2010,3.005259203606311,24.124287570412257,-21.119028366805946,12.781065088757396,20.860413373179117,859.0,0,1.0,2735.0,False,2006,2006,
66001,PEREIRA,RISARALDA,Andina,2010,4.119262030985168,27.81733831528462,-23.69807628429945,17.33080540779548,13.36563370366553,1126.0,0,1.0,191363.0,False,2006,2006,
66045,APIA,RISARALDA,Andina,2010,2.526357668589616,22.12142127230085,-19.595063603711235,10.345554150863885,24.33581621914017,1126.0,0,1.0,5227.0,False,2006,2006,
66075,BALBOA,RISARALDA,Andina,2010,2.245451025938831,23.006967438777693,-20.761516412838862,11.12087912087912,28.010557571758493,1126.0,0,1.0,2665.0,False,2006,2006,
66088,BELEN DE UMBRIA,RISARALDA,Andina,2010,3.3318325078793336,24.311963997920667,-20.980131490041334,12.816901408450704,24.07263107475572,1126.0,0,1.0,9241.0,False,2006,2006,
66170,DOSQUEBRADAS,RISARALDA,Andina,2010,4.253839466821211,26.776424578456584,-22.522585111635372,16.109253065774805,13.28470038663908,1126.0,0,1.0,72003.0,False,2006,2006,
66318,GUATICA,RISARALDA,Andina,2010,2.5591397849462365,26.419212111220354,-23.860072326274118,15.21969295923769,25.68795172733904,1126.0,0,1.0,4833.0,False,2006,2006,
66383,LA CELIA,RISARALDA,Andina,2010,3.650137741046832,25.627994272701002,-21.97785653165417,14.374514374514376,24.2713750151167,1126.0,0,1.0,3001.0,False,2006,2006,
66400,LA VIRGINIA,RISARALDA,Andina,2010,6.091113203447527,31.18910399516418,-25.097990791716654,20.60801721818671,23.7012987536852,1126.0,0,1.0,14495.0,False,2006,2006,
66440,MARSELLA,RISARALDA,Andina,2010,2.684271619268717,26.471511864870735,-23.787240245602018,15.124007132436375,28.197726924159166,1126.0,0,1.0,7157.0,False,2006,2006,
66456,MISTRATO,RISARALDA,Andina,2010,4.34918648310388,41.381394324987994,-37.032207841884116,31.48837209302325,45.01488693972801,1126.0,0,1.0,3353.0,False,2006,2006,
66572,PUEBLO RICO,RISARALDA,Andina,2010,2.7225901398086827,39.250969942708316,-36.528379802899636,28.67557715674362,52.91228070175439,1126.0,0,1.0,2810.0,False,2006,2006,
66594,QUINCHIA,RISARALDA,Andina,2010,8.057538394981615,34.11800008365515,-26.060461688673534,23.589743589743588,33.47291564384281,1126.0,0,1.0,9796.0,False,2006,2006,
66682,SANTA ROSA DE CABAL,RISARALDA,Andina,2010,5.169617282672465,24.813349550246805,-19.64373226757434,13.641938674579624,19.24668408703149,1126.0,0,1.0,29996.0,False,2006,2006,
66687,SANTUARIO,RISARALDA,Andina,2010,1.713367838657862,26.586916957631054,-24.87354911897319,15.425759520753102,23.59435698221223,1126.0,0,1.0,5768.0,False,2006,2006,
68001,BUCARAMANGA,SANTANDER,Andina,2010,5.655853083671599,27.121838340117428,-21.46598525644583,16.549227612373688,11.55109415367951,3565.0,0,1.0,249166.0,False,2006,2006,
68013,AGUADA,SANTANDER,Andina,2010,0.4291845493562232,17.002317686566858,-16.573133137210636,3.4074074074074074,41.02422907488987,3565.0,0,1.0,717.0,False,2006,2006,
68020,ALBANIA,SANTANDER,Andina,2010,2.2525192649673977,20.547098741211506,-18.29457947624411,7.717678100263853,41.31455399061033,3565.0,0,1.0,1724.0,False,2006,2006,
68051,ARATOCA,SANTANDER,Andina,2010,2.910762160091919,18.52167295799712,-15.6109107979052,4.932228915662651,49.19926512726568,3565.0,0,1.0,2705.0,False,2006,2006,
68077,BARBOSA,SANTANDER,Andina,2010,9.591652453095216,28.251852271906696,-18.660199818811478,17.523364485981308,18.799134100625867,3565.0,0,1.0,10325.0,False,2006,2006,
68079,BARICHARA,SANTANDER,Andina,2010,2.226086956521739,21.50954887477427,-19.28346191825253,9.100642398286936,30.989956958393112,3565.0,0,1.0,2969.0,False,2006,2006,
68081,BARRANCABERMEJA,SANTANDER,Andina,2010,23.79869547004967,46.345706277258266,-22.547010807208597,38.27021907284304,22.326224195734422,3565.0,0,1.0,68659.0,False,2006,2006,
68092,BETULIA,SANTANDER,Andina,2010,3.494623655913978,17.80660018135392,-14.311976525439944,4.05982905982906,43.21225651330881,3565.0,0,1.0,1553.0,False,2006,2006,
68101,BOLIVAR,SANTANDER,Andina,2010,5.277044854881266,32.00760236910733,-26.730557514226064,20.04867660480681,56.21444712849685,3565.0,0,1.0,3905.0,False,2006,2006,
68121,CABRERA,SANTANDER,Andina,2010,1.9971469329529243,19.181910498526793,-17.18476356557387,6.129807692307692,40.128068303094985,3565.0,0,1.0,717.0,False,2006,2006,
68132,CALIFORNIA,SANTANDER,Andina,2010,0.6389776357827476,18.99302037461225,-18.354042738829502,6.521739130434782,26.640493550196297,3565.0,0,1.0,960.0,False,2006,2006,
68147,CAPITANEJO,SANTANDER,Andina,2010,1.4895330112721417,16.57901353297593,-15.08948052170379,2.82274802822748,46.26664419349402,3565.0,0,1.0,2513.0,False,2006,2006,
68152,CARCASI,SANTANDER,Andina,2010,0.9803921568627452,20.67465588719666,-19.694263730333915,6.585500830105147,66.70609107037257,3565.0,0,1.0,1773.0,False,2006,2006,
68160,CEPITA,SANTANDER,Andina,2010,1.5197568389057752,18.155788952590424,-16.63603211368465,4.624277456647398,47.89959016393443,3565.0,0,1.0,994.0,False,2006,2006,
68162,CERRITO,SANTANDER,Andina,2010,0.9421841541755888,20.83817868350571,-19.89599452933012,7.813222376329172,46.14635729352588,3565.0,0,1.0,2391.0,False,2006,2006,
68167,CHARALA,SANTANDER,Andina,2010,6.840539922214596,26.545466125975807,-19.70492620376121,15.259259259259258,24.082963499683,3565.0,0,1.0,4488.0,False,2006,2006,
68169,CHARTA,SANTANDER,Andina,2010,0.7530120481927711,17.441350612068643,-16.68833856387587,4.558910597986975,32.35101506221349,3565.0,0,1.0,2004.0,False,2006,2006,
68176,CHIMA,SANTANDER,Andina,2010,0.7901668129938543,15.680627651059101,-14.890460838065247,1.885014137606032,43.94124847001224,3565.0,0,1.0,1171.0,False,2006,2006,
68179,CHIPATA,SANTANDER,Andina,2010,1.5894955079474775,19.786763107907074,-18.197267599959595,6.525679758308158,41.45359371854238,3565.0,0,1.0,1509.0,False,2006,2006,
68190,CIMITARRA,SANTANDER,Andina,2010,6.813289658399626,20.772806273001482,-13.959516614601856,7.619885613726353,45.738897406713335,3565.0,0,1.0,11314.0,False,2006,2006,
68207,CONCEPCION,SANTANDER,Andina,2010,1.093815734118637,18.033834534097444,-16.94001879997881,4.831560283687943,39.20781713488047,3565.0,0,1.0,2406.0,False,2006,2006,
68209,CONFINES,SANTANDER,Andina,2010,1.7723880597014925,18.158990516207105,-16.386602456505614,5.424769703172978,30.12583271650629,3565.0,0,1.0,1100.0,False,2006,2006,
68211,CONTRATACION,SANTANDER,Andina,2010,4.863013698630137,17.476940252591046,-12.613926553960908,4.580152671755725,29.87254381306426,3565.0,0,1.0,1520.0,False,2006,2006,
68217,COROMORO,SANTANDER,Andina,2010,1.3666352497643732,17.96343376588511,-16.596798516120735,4.568296025582458,43.00212800785726,3565.0,0,1.0,2196.0,False,2006,2006,
68229,CURITI,SANTANDER,Andina,2010,2.852776362710137,22.22061631930861,-19.367839956598473,9.54994511525796,40.20873872280205,3565.0,0,1.0,4041.0,False,2006,2006,
68235,EL CARMEN DE CHUCURI,SANTANDER,Andina,2010,1.5048908954100828,16.640812587313512,-15.135921691903429,2.609076956807717,51.07993150306579,3565.0,0,1.0,5425.0,False,2006,2006,
68245,EL GUACAMAYO,SANTANDER,Andina,2010,2.035928143712575,17.892454301845206,-15.856526158132631,4.525862068965517,36.16170590848512,3565.0,0,1.0,866.0,False,2006,2006,
68250,EL PENON,SANTANDER,Andina,2010,2.514890800794176,26.331581673619844,-23.816690872825667,13.111888111888112,67.34056239661827,3565.0,0,1.0,1540.0,False,2006,2006,
68255,EL PLAYON,SANTANDER,Andina,2010,2.1514448428601565,19.720192252895007,-17.568747410034852,6.516697588126159,44.92469406965798,3565.0,0,1.0,4848.0,False,2006,2006,
68264,ENCINO,SANTANDER,Andina,2010,0.7383966244725738,16.156312647180258,-15.417916022707685,2.834799608993157,35.347091932457786,3565.0,0,1.0,961.0,False,2006,2006,
68266,ENCISO,SANTANDER,Andina,2010,2.467532467532468,18.67303142897915,-16.205498961446683,5.429594272076373,40.87496764172923,3565.0,0,1.0,1587.0,False,2006,2006,
68271,FLORIAN,SANTANDER,Andina,2010,1.835253947930004,26.689531061423324,-24.85427711349332,14.241486068111456,53.853642706474126,3565.0,0,1.0,2378.0,False,2006,2006,
68276,FLORIDABLANCA,SANTANDER,Andina,2010,6.1017778321344,26.550225493578555,-20.448447661444156,15.99100357621815,9.428273117230662,3565.0,0,1.0,91902.0,False,2006,2006,
68296,GALAN,SANTANDER,Andina,2010,2.276064610866373,17.713846504088046,-15.437781893221674,4.289318755256518,42.8472462764115,3565.0,0,1.0,1383.0,False,2006,2006,
68298,GAMBITA,SANTANDER,Andina,2010,0.7772020725388601,17.098701513349443,-16.321499440810584,3.141993957703928,53.65790158812808,3565.0,0,1.0,1587.0,False,2006,2006,
68307,GIRON,SANTANDER,Andina,2010,7.091563898286587,27.22364161851779,-20.1320777202312,16.50604821413252,15.370610747204708,3565.0,0,1.0,46938.0,False,2006,2006,
68318,GUACA,SANTANDER,Andina,2010,0.8449669360764144,16.740143273349837,-15.895176337273423,3.150211294660008,44.70546611755527,3565.0,0,1.0,2755.0,False,2006,2006,
68320,GUADALUPE,SANTANDER,Andina,2010,1.8578727357176037,17.272241783224125,-15.414369047506522,4.268012849931161,32.07794641184186,3565.0,0,1.0,2208.0,False,2006,2006,
68322,GUAPOTA,SANTANDER,Andina,2010,0.5154639175257731,18.175808480266078,-17.660344562740306,5.794392523364486,21.670428893905196,3565.0,0,1.0,991.0,False,2006,2006,
68324,GUAVATA,SANTANDER,Andina,2010,2.265951103160406,18.17289304172063,-15.906941938560225,5.248769819573537,36.27015657863987,3565.0,0,1.0,1712.0,False,2006,2006,
68327,GUEPSA,SANTANDER,Andina,2010,8.383961117861482,27.244439015826668,-18.860477897965186,15.550755939524835,36.97726379101773,3565.0,0,1.0,1706.0,False,2006,2006,
68344,HATO,SANTANDER,Andina,2010,3.022974607013301,20.155716812433138,-17.132742205419838,6.880189798339265,45.085470085470085,3565.0,0,1.0,877.0,False,2006,2006,
68368,JESUS MARIA,SANTANDER,Andina,2010,5.903527717782577,22.52477204034395,-16.621244322561374,9.748667174409748,43.71681415929204,3565.0,0,1.0,1424.0,False,2006,2006,
68370,JORDAN,SANTANDER,Andina,2010,1.0183299389002036,19.550707725061088,-18.532377786160882,5.61122244488978,60.81200353045013,3565.0,0,0.996,498.0,False,2006,2006,
68377,LA BELLEZA,SANTANDER,Andina,2010,0.6213592233009709,24.687221411402394,-24.065862188101423,12.699135184342284,34.017294445258685,3565.0,0,1.0,2608.0,False,2006,2006,
68385,LANDAZURI,SANTANDER,Andina,2010,5.129507364144235,22.328758092599656,-17.19925072845542,9.241587142139627,48.87206545843848,3565.0,0,1.0,4137.0,False,2006,2006,
68397,LA PAZ,SANTANDER,Andina,2010,1.321079839172889,21.725531844788467,-20.40445200561558,8.969359331476323,39.07686649503494,3565.0,0,1.0,1778.0,False,2006,2006,
68406,LEBRIJA,SANTANDER,Andina,2010,2.250524639988422,18.819756905416273,-16.56923226542785,6.323835997220292,25.99176497849671,3565.0,0,1.0,14253.0,False,2006,2006,
68418,LOS SANTOS,SANTANDER,Andina,2010,2.2393630256282657,24.21162429910978,-21.972261273481514,11.72128727487452,40.43590614755824,3565.0,0,1.0,4186.0,False,2006,2006,
68425,MACARAVITA,SANTANDER,Andina,2010,1.0546500479386385,16.46217555512912,-15.407525507190483,1.7258883248730963,69.272030651341,3565.0,0,1.0,1054.0,False,2006,2006,
68432,MALAGA,SANTANDER,Andina,2010,3.440335906812949,22.564388566199227,-19.12405265938628,10.83524684270953,21.240084665971075,3565.0,0,1.0,7533.0,False,2006,2006,
68444,MATANZA,SANTANDER,Andina,2010,1.5861027190332326,18.48408900155683,-16.897986282523597,5.868205868205869,30.39094286219706,3565.0,0,1.0,2690.0,False,2006,2006,
68464,MOGOTES,SANTANDER,Andina,2010,3.018046048537648,22.73301793014719,-19.714971881609543,9.692396982008123,49.41843971631206,3565.0,0,1.0,3369.0,False,2006,2006,
68468,MOLAGAVITA,SANTANDER,Andina,2010,0.547945205479452,20.379981581987806,-19.832036376508356,6.910569105691057,49.00360599734295,3565.0,0,1.0,1860.0,False,2006,2006,
68498,OCAMONTE,SANTANDER,Andina,2010,1.3457556935817805,17.0957964992855,-15.750040805703717,4.435058078141499,24.789829813409884,3565.0,0,1.0,1972.0,False,2006,2006,
68500,OIBA,SANTANDER,Andina,2010,1.6295913088463527,18.89990338256398,-17.270312073717626,5.748945147679325,39.60336809766561,3565.0,0,1.0,4007.0,False,2006,2006,
68502,ONZAGA,SANTANDER,Andina,2010,1.351351351351351,19.542659589072496,-18.191308237721145,5.818181818181818,53.78442458508116,3565.0,0,1.0,2075.0,False,2006,2006,
68522,PALMAR,SANTANDER,Andina,2010,1.9230769230769231,17.103364383763523,-15.1802874606866,3.453453453453453,46.39278557114229,3565.0,0,1.0,577.0,False,2006,2006,
68524,PALMAS DEL SOCORRO,SANTANDER,Andina,2010,1.875,21.33635575000312,-19.46135575000312,9.127382146439318,29.14741705165897,3565.0,0,1.0,1145.0,False,2006,2006,
68533,PARAMO,SANTANDER,Andina,2010,1.1928429423459244,18.2243950736604,-17.031552131314477,5.697823303457106,25.638210266264068,3565.0,0,1.0,1545.0,False,2006,2006,
68547,PIEDECUESTA,SANTANDER,Andina,2010,6.158714192912973,27.583165485803733,-21.42445129289076,16.904010010129298,14.355655842753338,3565.0,0,1.0,48979.0,False,2006,2006,
68549,PINCHOTE,SANTANDER,Andina,2010,4.1454545454545455,21.169951629625338,-17.024497084170793,9.218436873747494,22.616076108533655,3565.0,0,1.0,1409.0,False,2006,2006,
68572,PUENTE NACIONAL,SANTANDER,Andina,2010,5.020007275372863,24.343427666873893,-19.32342039150103,12.31203007518797,35.0680632079525,3565.0,0,1.0,5637.0,False,2006,2006,
68573,PUERTO PARRA,SANTANDER,Andina,2010,2.713178294573644,18.23413073262088,-15.520952438047235,4.623179227359088,50.905859989759165,3565.0,0,1.0,1882.0,False,2006,2006,
68575,PUERTO WILCHES,SANTANDER,Andina,2010,14.054821448072513,30.87507689578768,-16.820255447715166,19.24798567591764,48.97686518602381,3565.0,0,1.0,9411.0,False,2006,2006,
68615,RIONEGRO,SANTANDER,Andina,2010,2.8725500362957583,18.937259849822233,-16.064709813526473,5.84512285927029,39.30604712497657,3565.0,0,1.0,9939.0,False,2006,2006,
68655,SABANA DE TORRES,SANTANDER,Andina,2010,8.577878103837472,27.62616555408129,-19.04828745024382,16.242095754290876,33.22290837610502,3565.0,0,1.0,7754.0,False,2006,2006,
68669,SAN ANDRES,SANTANDER,Andina,2010,1.3982102908277405,18.45997064743367,-17.06176035660593,5.499720826353992,35.49723756906077,3565.0,0,1.0,3653.0,False,2006,2006,
68673,SAN BENITO,SANTANDER,Andina,2010,1.859099804305284,18.614380491252284,-16.755280686947,5.7537399309551205,35.30176899063476,3565.0,0,1.0,1039.0,False,2006,2006,
68679,SAN GIL,SANTANDER,Andina,2010,5.765256173175242,27.62666248988443,-21.86140631670919,17.115264797507788,11.14000280737875,3565.0,0,1.0,18877.0,False,2006,2006,
68682,SAN JOAQUIN,SANTANDER,Andina,2010,1.0893246187363834,19.825482887742922,-18.736158269006538,6.479690522243714,41.47887323943662,3565.0,0,1.0,970.0,False,2006,2006,
68684,SAN JOSE DE MIRANDA,SANTANDER,Andina,2010,2.075098814229249,21.891886409771317,-19.816787595542067,8.311954848640328,56.79560346649757,3565.0,0,1.0,2075.0,False,2006,2006,
68686,SAN MIGUEL,SANTANDER,Andina,2010,1.8584070796460177,17.969440424528955,-16.111033344882937,3.648269410664172,61.95987654320988,3565.0,0,1.0,1150.0,False,2006,2006,
68689,SAN VICENTE DE CHUCURI,SANTANDER,Andina,2010,4.56140350877193,20.59682437198972,-16.035420863217787,8.200146244646401,29.14765515510801,3565.0,0,1.0,11165.0,False,2006,2006,
68705,SANTA BARBARA,SANTANDER,Andina,2010,2.054794520547945,20.225841778889073,-18.17104725834113,7.431551499348108,39.05109489051095,3565.0,0,1.0,901.0,False,2006,2006,
68720,SANTA HELENA DEL OPON,SANTANDER,Andina,2010,1.7747440273037545,19.552926462410404,-17.77818243510665,5.43154761904762,56.907742234585065,3565.0,0,1.0,1518.0,False,2006,2006,
68745,SIMACOTA,SANTANDER,Andina,2010,4.332273449920509,19.33155334818151,-14.999279898261003,5.941794664510914,48.17627720000637,3565.0,0,1.0,2598.0,False,2006,2006,
68755,SOCORRO,SANTANDER,Andina,2010,4.246996367700475,22.642441698820257,-18.39544533111978,11.238771673281803,15.065497986333396,3565.0,0,1.0,10987.0,False,2006,2006,
68770,SUAITA,SANTANDER,Andina,2010,2.9567854435178167,16.555118419144573,-13.598332975626757,3.3936651583710407,35.08967473908197,3565.0,0,1.0,4043.0,False,2006,2006,
68773,SUCRE,SANTANDER,Andina,2010,2.187698161065314,22.733166689560356,-20.545468528495043,10.003449465332874,42.97715053763441,3565.0,0,1.0,3196.0,False,2006,2006,
68780,SURATA,SANTANDER,Andina,2010,1.710526315789474,19.268442147081476,-17.557915831292004,5.9760956175298805,44.075429214748105,3565.0,0,1.0,1552.0,False,2006,2006,
68820,TONA,SANTANDER,Andina,2010,2.4310595065312044,18.401671515052293,-15.970612008521089,5.957767722473605,24.10472464640385,3565.0,0,1.0,2839.0,False,2006,2006,
68855,VALLE DE SAN JOSE,SANTANDER,Andina,2010,3.645320197044335,18.939693823734043,-15.294373626689708,6.385118149824032,29.35471100554236,3565.0,0,1.0,2078.0,False,2006,2006,
68861,VELEZ,SANTANDER,Andina,2010,7.131716999858216,25.221754765972946,-18.09003776611473,13.355962219598585,34.046681882243654,3565.0,0,1.0,7283.0,False,2006,2006,
68867,VETAS,SANTANDER,Andina,2010,0.7322175732217573,15.423154425130189,-14.690936851908432,2.6785714285714284,20.80335731414868,3565.0,0,1.0,966.0,False,2006,2006,
68872,VILLANUEVA,SANTANDER,Andina,2010,2.563249001331558,24.858948748453457,-22.2956997471219,12.8083812098682,34.40258975868158,3565.0,0,1.0,3068.0,False,2006,2006,
68895,ZAPATOCA,SANTANDER,Andina,2010,3.146633102580239,18.670237360355806,-15.523604257775567,6.527331189710611,18.10926992319905,3565.0,0,1.0,3259.0,False,2006,2006,
70001,SINCELEJO,SUCRE,Caribe,2010,32.88115999065317,35.418251030555574,-2.537091039902407,24.74544272848256,42.01980660304136,3944.0,0,1.0,82883.0,False,2006,2006,
70110,BUENAVISTA,SUCRE,Caribe,2010,31.824164253750983,21.509601389475698,10.314562864275285,8.14299900695134,57.14608263716414,3944.0,0,1.0,3830.0,False,2006,2006,
70124,CAIMITO,SUCRE,Caribe,2010,15.463917525773196,29.208483282168423,-13.744565756395227,16.4966584593739,68.05746179888371,3944.0,0,1.0,3149.0,False,2006,2006,
70204,COLOSO,SUCRE,Caribe,2010,10.046237915090376,41.54934148728672,-31.50310357219634,30.0,81.50650228002027,3944.0,0,1.0,2410.0,False,2006,2006,
70215,COROZAL,SUCRE,Caribe,2010,30.83949543279687,38.40498886748047,-7.565493434683599,28.107515085024687,44.84469283053316,3944.0,0,1.0,20979.0,False,2006,2006,
70221,COVENAS,SUCRE,Caribe,2010,19.696176008381357,34.65431869113647,-14.95814268275511,23.27919566898685,56.20223920383863,3944.0,0,1.0,3895.0,False,2006,2006,
70230,CHALAN,SUCRE,Caribe,2010,9.371069182389936,49.507554811781304,-40.136485629391366,39.60674157303371,71.03359173126616,3944.0,0,1.0,1608.0,False,2006,2006,
70233,EL ROBLE,SUCRE,Caribe,2010,47.08722240102993,30.927769277125172,16.15945312390476,18.30188679245283,71.58132351194013,3944.0,0,1.0,3134.0,False,2006,2006,
70235,GALERAS,SUCRE,Caribe,2010,8.633215070113195,29.607674560014754,-20.97445948990156,17.49056978360135,53.10766590704311,3944.0,0,1.0,6005.0,False,2006,2006,
70265,GUARANDA,SUCRE,Caribe,2010,4.642776650890241,22.090861873025997,-17.448085222135756,7.891671520093185,76.94455524531313,3944.0,0,1.0,4490.0,False,2006,2006,
70400,LA UNION,SUCRE,Caribe,2010,24.527203956939196,30.675129523168103,-6.147925566228906,18.495575221238937,61.45164428877214,3944.0,0,1.0,3477.0,False,2006,2006,
70418,LOS PALMITOS,SUCRE,Caribe,2010,37.87779667669764,31.713111811965646,6.164684864731996,19.99341238471673,54.679694642433866,3944.0,0,1.0,7731.0,False,2006,2006,
70429,MAJAGUAL,SUCRE,Caribe,2010,5.517115804806992,20.900200353044152,-15.38308454823716,6.6657884336714535,73.96081400446741,3944.0,0,1.0,11071.0,False,2006,2006,
70473,MORROA,SUCRE,Caribe,2010,24.059616749467708,36.45873890522091,-12.399122155753204,25.106182161396884,61.47696691467469,3944.0,0,1.0,5711.0,False,2006,2006,
70508,OVEJAS,SUCRE,Caribe,2010,18.075735041757238,52.833845798188975,-34.75811075643173,44.22592825676527,55.50179614053052,3944.0,0,1.0,8884.0,False,2006,2006,
70523,PALMITO,SUCRE,Caribe,2010,10.067991631799163,32.07418250157096,-22.006190869771796,19.55128205128205,73.36727528089888,3944.0,0,1.0,3882.0,False,2006,2006,
70670,SAMPUES,SUCRE,Caribe,2010,28.469079939668173,29.411730175864584,-0.9426502361964104,16.561751928362444,70.74839596128552,3944.0,0,1.0,13470.0,False,2006,2006,
70678,SAN BENITO ABAD,SUCRE,Caribe,2010,15.828076866656888,26.4535983851794,-10.625521518522513,13.36433481601294,67.05502420779314,3944.0,0,1.0,6879.0,False,2006,2006,
70702,SAN JUAN DE BETULIA,SUCRE,Caribe,2010,46.89683518290177,28.287796101710207,18.60903908119156,15.972830850131464,55.51468680334274,3944.0,0,1.0,4912.0,False,2006,2006,
70708,SAN MARCOS,SUCRE,Caribe,2010,9.516790566521404,20.938832769222913,-11.422042202701508,7.438308703952486,58.12355307986541,3944.0,0,1.0,15906.0,False,2006,2006,
70713,SAN ONOFRE,SUCRE,Caribe,2010,20.64810291483472,33.56323595919939,-12.91513304436467,21.64389067524116,65.10306430728565,3944.0,0,1.0,12525.0,False,2006,2006,
70717,SAN PEDRO,SUCRE,Caribe,2010,34.05300774270399,27.91337448565903,6.139633257044959,15.4703375942314,57.27237527383671,3944.0,0,1.0,6800.0,False,2006,2006,
70742,SAN LUIS DE SINCE,SUCRE,Caribe,2010,27.2126570497906,23.88558862215715,3.3270684276334492,11.091652072387625,51.17587964573376,3944.0,0,1.0,10917.0,False,2006,2006,
70771,SUCRE,SUCRE,Caribe,2010,6.574850299401197,25.03336878208799,-18.45851848268679,11.150822015725518,80.30407813765883,3944.0,0,1.0,8449.0,False,2006,2006,
70820,SANTIAGO DE TOLU,SUCRE,Caribe,2010,27.12957900492072,35.06974496821284,-7.940165963292117,24.128722125784485,47.46003707733838,3944.0,0,1.0,9326.0,False,2006,2006,
70823,SAN JOSE DE TOLUVIEJO,SUCRE,Caribe,2010,13.86861313868613,31.643736786243597,-17.775123647557464,19.81234211476001,55.84911798819545,3944.0,0,1.0,7735.0,False,2006,2006,
73001,IBAGUE,TOLIMA,Andina,2010,5.298381481462928,29.669423798935014,-24.371042317472085,18.82684037439919,16.23215556419683,12649.0,0,1.0,205061.0,False,2006,2006,
73024,ALPUJARRA,TOLIMA,Andina,2010,2.055555555555556,17.321679362664867,-15.266123807109311,3.727926749509483,39.308553157474016,12649.0,0,1.0,1821.0,False,2006,2006,
73026,ALVARADO,TOLIMA,Andina,2010,11.26326600479288,36.08785981234241,-24.824593807549526,24.85366951823503,45.81582880433655,12649.0,0,1.0,3005.0,False,2006,2006,
73030,AMBALEMA,TOLIMA,Andina,2010,7.474623192863734,28.849535004056442,-21.374911811192707,17.120343839541547,34.387238700060365,12649.0,0,1.0,3345.0,False,2006,2006,
73043,ANZOATEGUI,TOLIMA,Andina,2010,3.775933609958506,29.41228562383707,-25.636352013878565,14.479359211337032,100.0,12649.0,0,1.0,2484.0,False,2006,2006,
73055,ARMERO,TOLIMA,Andina,2010,11.29560847716845,36.64551149841821,-25.34990302124976,26.131164209456024,32.63332300932734,12649.0,0,1.0,4740.0,False,2006,2006,
73067,ATACO,TOLIMA,Andina,2010,2.4001401541695864,24.745498828154187,-22.3453586739846,10.78270388615216,66.42829779083131,12649.0,0,1.0,5846.0,False,2006,2006,
73124,CAJAMARCA,TOLIMA,Andina,2010,2.8871758934828318,21.843516155764533,-18.9563402622817,9.311452015697467,28.341171297742942,12649.0,0,1.0,7318.0,False,2006,2006,
73148,CARMEN DE APICALA,TOLIMA,Andina,2010,3.16288877174486,25.436106437400593,-22.273217665655732,13.392563343205005,28.69004782788834,12649.0,0,1.0,3904.0,False,2006,2006,
73152,CASABIANCA,TOLIMA,Andina,2010,2.9491833030853,23.704070735850387,-20.754887432765088,11.249351995852772,32.54773269689738,12649.0,0,1.0,2261.0,False,2006,2006,
73168,CHAPARRAL,TOLIMA,Andina,2010,4.848112918073029,33.39581589070628,-28.547702972633253,21.606281335729825,47.64749787226534,12649.0,0,1.0,13414.0,False,2006,2006,
73200,COELLO,TOLIMA,Andina,2010,5.959086866291136,37.589303077545765,-31.630216211254627,26.688815060908084,45.76899322937669,12649.0,0,1.0,3465.0,False,2006,2006,
73217,COYAIMA,TOLIMA,Andina,2010,14.751085867023054,48.26383566131861,-33.51274979429556,37.69430051813472,71.74077680406793,12649.0,0,1.0,6167.0,False,2006,2006,
73226,CUNDAY,TOLIMA,Andina,2010,2.738095238095238,21.06624842622478,-18.328153188129544,7.855459544383346,40.53700843530949,12649.0,0,1.0,3396.0,False,2006,2006,
73236,DOLORES,TOLIMA,Andina,2010,8.086077600260841,26.966577441732465,-18.880499841471625,14.516896715849596,45.32335649385356,12649.0,0,1.0,3112.0,False,2006,2006,
73268,ESPINAL,TOLIMA,Andina,2010,5.8900431064942405,35.00800242098029,-29.11795931448605,24.347372084928644,27.927722326709358,12649.0,0,1.0,29230.0,False,2006,2006,
73270,FALAN,TOLIMA,Andina,2010,5.034588777863182,29.446936036163216,-24.412347258300034,17.607332368547997,35.84833397165837,12649.0,0,1.0,2699.0,False,2006,2006,
73275,FLANDES,TOLIMA,Andina,2010,6.039017974572556,39.45230349771048,-33.41328552313792,29.89558003146903,21.40235600330423,12649.0,0,1.0,9399.0,False,2006,2006,
73283,FRESNO,TOLIMA,Andina,2010,3.624442218377197,25.740650734619038,-22.11620851624184,13.750835747715623,28.201392160606915,12649.0,0,1.0,11374.0,False,2006,2006,
73319,GUAMO,TOLIMA,Andina,2010,4.855259864853592,29.984272421124963,-25.12901255627137,18.46659576525186,33.941540911695725,12649.0,0,1.0,12271.0,False,2006,2006,
73347,HERVEO,TOLIMA,Andina,2010,4.051927616050354,25.709383807782167,-21.657456191731814,13.95112016293279,23.425263874702075,12649.0,0,1.0,2632.0,False,2006,2006,
73349,HONDA,TOLIMA,Andina,2010,6.990881458966565,30.27053330955372,-23.279651850587154,19.363543314413327,18.82771423986949,12649.0,0,1.0,11599.0,False,2006,2006,
73352,ICONONZO,TOLIMA,Andina,2010,7.884558167212139,35.78156854683024,-27.897010379618102,25.11174319382365,34.752637518479695,12649.0,0,1.0,3431.0,False,2006,2006,
73408,LERIDA,TOLIMA,Andina,2010,12.789212207239176,44.56121694526712,-31.772004738027945,35.55404486743712,27.345413300717382,12649.0,0,1.0,7269.0,False,2006,2006,
73411,LIBANO,TOLIMA,Andina,2010,6.968145620022753,34.36119818869899,-27.39305256867624,23.65987396677306,29.83397477502734,12649.0,0,1.0,14524.0,False,2006,2006,
73443,SAN SEBASTIAN DE MARIQUITA,TOLIMA,Andina,2010,6.203546986533225,33.852930041603244,-27.649383055070018,23.30266343825666,23.502565979694207,12649.0,0,1.0,14077.0,False,2006,2006,
73449,MELGAR,TOLIMA,Andina,2010,3.477769708706528,27.277725696476132,-23.799955987769604,16.108899171419345,16.57528708463519,12649.0,0,1.0,12730.0,False,2006,2006,
73461,MURILLO,TOLIMA,Andina,2010,4.949784791965567,26.984989398503796,-22.03520460653823,14.654377880184333,39.61499493414387,12649.0,0,1.0,1439.0,False,2006,2006,
73483,NATAGAIMA,TOLIMA,Andina,2010,9.932170542635658,48.99279890440023,-39.06062836176457,39.7121742512641,47.04027192116035,12649.0,0,1.0,6366.0,False,2006,2006,
73504,ORTEGA,TOLIMA,Andina,2010,3.909006499535748,30.96653597625484,-27.05752947671909,18.05734536082474,64.03787556108908,12649.0,0,1.0,11098.0,False,2006,2006,
73520,PALOCABILDO,TOLIMA,Andina,2010,6.78851174934726,34.450349234813984,-27.661837485466723,23.16099201345103,37.996179155168754,12649.0,0,1.0,3137.0,False,2006,2006,
73547,PIEDRAS,TOLIMA,Andina,2010,10.858369098712446,26.19782211312955,-15.339453014417105,14.155712841253791,33.5073065167335,12649.0,0,1.0,2399.0,False,2006,2006,
73555,PLANADAS,TOLIMA,Andina,2010,5.500658761528326,36.21314142029864,-30.712482658770313,24.24182749113824,60.16724893663565,12649.0,0,1.0,6398.0,False,2006,2006,
73563,PRADO,TOLIMA,Andina,2010,2.92515055921996,27.750570356143932,-24.82541979692397,15.545529122231338,40.32690186332674,12649.0,0,1.0,3548.0,False,2006,2006,
73585,PURIFICACION,TOLIMA,Andina,2010,6.387932779914962,38.49248304430181,-32.104550264386845,28.2182336859622,33.44272808073917,12649.0,0,1.0,10171.0,False,2006,2006,
73616,RIOBLANCO,TOLIMA,Andina,2010,4.357682619647355,38.334544165498606,-33.97686154585125,25.90385379419945,65.94609769792251,12649.0,0,1.0,4221.0,False,2006,2006,
73622,RONCESVALLES,TOLIMA,Andina,2010,1.9732654360280075,20.800852244017523,-18.827586807989515,7.641509433962264,35.51183727909304,12649.0,0,1.0,1623.0,False,2006,2006,
73624,ROVIRA,TOLIMA,Andina,2010,2.815793613339625,23.507252695709663,-20.691459082370038,10.273421793325292,45.96051998074145,12649.0,0,1.0,6518.0,False,2006,2006,
73671,SALDANA,TOLIMA,Andina,2010,3.2125336287387243,32.351302255432316,-29.13876862669359,21.14197530864197,31.65239543331185,12649.0,0,1.0,6519.0,False,2006,2006,
73675,SAN ANTONIO,TOLIMA,Andina,2010,1.8509615384615383,20.777813106561293,-18.926851568099757,6.918052256532066,51.32950293960449,12649.0,0,1.0,4285.0,False,2006,2006,
73678,SAN LUIS,TOLIMA,Andina,2010,2.6669053159119387,22.717588814543696,-20.050683498631756,9.477911646586346,47.9532598987794,12649.0,0,1.0,5698.0,False,2006,2006,
73686,SANTA ISABEL,TOLIMA,Andina,2010,2.246256239600666,21.714023609972447,-19.46776737037178,9.125269978401729,29.089494163424124,12649.0,0,1.0,2451.0,False,2006,2006,
73770,SUAREZ,TOLIMA,Andina,2010,4.056246619794483,28.396509503440594,-24.340262883646112,15.762603701340142,51.946692165555206,12649.0,0,1.0,1882.0,False,2006,2006,
73854,VALLE DE SAN JUAN,TOLIMA,Andina,2010,2.346805736636245,25.424928086734038,-23.078122350097793,12.584880036215482,48.73593214809982,12649.0,0,1.0,2345.0,False,2006,2006,
73861,VENADILLO,TOLIMA,Andina,2010,6.66136408828793,29.19659450835635,-22.53523042006842,17.565872020075282,34.91768622706469,12649.0,0,1.0,5132.0,False,2006,2006,
73870,VILLAHERMOSA,TOLIMA,Andina,2010,3.130041949015812,23.08341577982282,-19.953373830807006,10.78024877497173,28.36068596717684,12649.0,0,1.0,3212.0,False,2006,2006,
73873,VILLARRICA,TOLIMA,Andina,2010,2.8665028665028665,18.705208098366064,-15.838705231863198,5.461970393057682,35.46099290780142,12649.0,0,1.0,2467.0,False,2006,2006,
76001,CALI,VALLE DEL CAUCA,Pacifica,2010,9.68739625554912,34.86874921072978,-25.181352955180664,24.98474535569894,11.00675025775361,14348.0,0,1.0,666313.0,False,2006,2006,
76020,ALCALA,VALLE DEL CAUCA,Pacifica,2010,11.779059449866905,30.63844005226359,-18.859380602396683,19.518716577540108,25.558117066156427,14348.0,0,1.0,4732.0,False,2006,2006,
76036,ANDALUCIA,VALLE DEL CAUCA,Pacifica,2010,8.270487682252387,48.030681151220804,-39.76019346896842,39.62672887852025,18.44340461421671,14348.0,0,1.0,8233.0,False,2006,2006,
76041,ANSERMANUEVO,VALLE DEL CAUCA,Pacifica,2010,3.4957934435741223,30.595572320376014,-27.099778876801892,19.19715118161217,30.974740776918413,14348.0,0,1.0,7087.0,False,2006,2006,
76054,ARGELIA,VALLE DEL CAUCA,Pacifica,2010,2.556818181818182,24.399787568434363,-21.84296938661618,12.171331636980492,29.604481412323885,14348.0,0,1.0,2529.0,False,2006,2006,
76100,BOLIVAR,VALLE DEL CAUCA,Pacifica,2010,4.207238655153408,29.766153264186322,-25.558914609032914,18.25752722613709,30.36921828509602,14348.0,0,1.0,5579.0,False,2006,2006,
76109,BUENAVENTURA,VALLE DEL CAUCA,Pacifica,2010,7.650740828777434,28.167535493571556,-20.516794664794123,16.105358399517442,35.850986690326586,14348.0,0,1.0,66190.0,False,2006,2006,
76111,GUADALAJARA DE BUGA,VALLE DEL CAUCA,Pacifica,2010,8.88431580810763,37.80809262802478,-28.92377681991715,28.26145991744514,11.555302540477,14348.0,0,1.0,47006.0,False,2006,2006,
76113,BUGALAGRANDE,VALLE DEL CAUCA,Pacifica,2010,16.53756301487766,55.609849353949116,-39.072286339071454,48.38040529759056,21.310541430759407,14348.0,0,1.0,8422.0,False,2006,2006,
76122,CAICEDONIA,VALLE DEL CAUCA,Pacifica,2010,4.374259771022503,23.486855613081467,-19.112595842058965,11.662011173184355,15.935034778908785,14348.0,0,1.0,13082.0,False,2006,2006,
76126,CALIMA,VALLE DEL CAUCA,Pacifica,2010,7.461003570757377,35.231861564593345,-27.770857993835968,24.91077801570307,19.116914200463462,14348.0,0,1.0,5541.0,False,2006,2006,
76130,CANDELARIA,VALLE DEL CAUCA,Pacifica,2010,19.327795723734813,43.47372290480138,-24.145927181066565,34.65124395472902,14.507694193573432,14348.0,0,1.0,27475.0,False,2006,2006,
76147,CARTAGO,VALLE DEL CAUCA,Pacifica,2010,5.326295585412668,30.398655498340307,-25.072359912927638,19.584113227865952,15.689753877149194,14348.0,0,1.0,49799.0,False,2006,2006,
76233,DAGUA,VALLE DEL CAUCA,Pacifica,2010,4.947304241790785,31.936381623320614,-26.989077381529828,20.94155844155844,24.983451665224194,14348.0,0,1.0,11797.0,False,2006,2006,
76243,EL AGUILA,VALLE DEL CAUCA,Pacifica,2010,1.9966722129783692,23.796896270776486,-21.80022405779812,11.484325015994882,27.27371745997168,14348.0,0,1.0,3710.0,False,2006,2006,
76246,EL CAIRO,VALLE DEL CAUCA,Pacifica,2010,3.0327214684756583,24.40139999171131,-21.36867852323565,12.019443216968623,29.435931601154785,14348.0,0,1.0,2583.0,False,2006,2006,
76248,EL CERRITO,VALLE DEL CAUCA,Pacifica,2010,19.59342560553633,44.578430330129564,-24.985004724593235,35.765781607174254,18.68503879896189,14348.0,0,1.0,21638.0,False,2006,2006,
76250,EL DOVIO,VALLE DEL CAUCA,Pacifica,2010,3.3279220779220777,26.820416743191,-23.49249466526892,15.069637883008358,23.91304347826087,14348.0,0,1.0,3837.0,False,2006,2006,
76275,FLORIDA,VALLE DEL CAUCA,Pacifica,2010,19.65727304244465,53.331396367246754,-33.6741233248021,45.71915645914888,21.62511734953484,14348.0,0,1.0,21040.0,False,2006,2006,
76306,GINEBRA,VALLE DEL CAUCA,Pacifica,2010,7.437227074235809,33.154866847455565,-25.71763977321976,22.5635593220339,18.10307727765693,14348.0,0,1.0,7647.0,False,2006,2006,
76318,GUACARI,VALLE DEL CAUCA,Pacifica,2010,15.881933297663634,51.347516364442725,-35.46558306677909,43.41811216345642,21.42453063442492,14348.0,0,1.0,11717.0,False,2006,2006,
76364,JAMUNDI,VALLE DEL CAUCA,Pacifica,2010,8.68493464801651,35.42813232745788,-26.743197679441373,25.3891864747238,15.626128388038127,14348.0,0,1.0,36399.0,False,2006,2006,
76377,LA CUMBRE,VALLE DEL CAUCA,Pacifica,2010,4.866769434045364,32.31043561134218,-27.443666177296816,21.48148148148148,22.68681624327832,14348.0,0,1.0,4641.0,False,2006,2006,
76400,LA UNION,VALLE DEL CAUCA,Pacifica,2010,3.722124177763517,23.59069553733874,-19.86857135957522,11.604984191928583,18.40750255051441,14348.0,0,1.0,12960.0,False,2006,2006,
76403,LA VICTORIA,VALLE DEL CAUCA,Pacifica,2010,5.862006189695976,31.056015734422267,-25.194009544726292,20.2489134729356,18.73607101105245,14348.0,0,1.0,5657.0,False,2006,2006,
76497,OBANDO,VALLE DEL CAUCA,Pacifica,2010,7.179930795847751,30.30733998661576,-23.127409190768006,18.80083662561004,30.669376120288423,14348.0,0,1.0,4797.0,False,2006,2006,
76520,PALMIRA,VALLE DEL CAUCA,Pacifica,2010,11.414466866391573,40.96431297032172,-29.54984610393015,31.83384167047405,12.748904683848089,14348.0,0,1.0,109885.0,False,2006,2006,
76563,PRADERA,VALLE DEL CAUCA,Pacifica,2010,14.041033710585246,43.233188161864454,-29.192154451279208,33.86807881006152,23.80073275063805,14348.0,0,1.0,17284.0,False,2006,2006,
76606,RESTREPO,VALLE DEL CAUCA,Pacifica,2010,5.0395256916996045,32.75629477327807,-27.716769081578466,22.088621687820083,20.83834970180201,14348.0,0,1.0,5261.0,False,2006,2006,
76616,RIOFRIO,VALLE DEL CAUCA,Pacifica,2010,10.0,44.27031644335136,-34.27031644335136,35.073800738007385,26.405077814190992,14348.0,0,1.0,6767.0,False,2006,2006,
76622,ROLDANILLO,VALLE DEL CAUCA,Pacifica,2010,6.602695910440941,28.981881209392313,-22.37918529895137,17.8503046127067,18.418865097099467,14348.0,0,1.0,13444.0,False,2006,2006,
76670,SAN PEDRO,VALLE DEL CAUCA,Pacifica,2010,6.867811301883648,36.436369164078044,-29.568557862194396,26.47327130085751,16.524976487755573,14348.0,0,1.0,6392.0,False,2006,2006,
76736,SEVILLA,VALLE DEL CAUCA,Pacifica,2010,6.451612903225806,30.958311902007356,-24.506698998781552,20.05349697112737,18.233188719691352,14348.0,0,1.0,15780.0,False,2006,2006,
76823,TORO,VALLE DEL CAUCA,Pacifica,2010,2.953348382242288,24.05281950579038,-21.099471123548092,11.725329302526452,29.901960059486104,14348.0,0,1.0,5475.0,False,2006,2006,
76828,TRUJILLO,VALLE DEL CAUCA,Pacifica,2010,4.931549471064094,29.676097971929725,-24.74454850086563,18.39173587198704,22.791802463680053,14348.0,0,1.0,6622.0,False,2006,2006,
76834,TULUA,VALLE DEL CAUCA,Pacifica,2010,8.663284697900144,35.8857580717187,-27.222473373818552,25.835496430889037,15.74558784705311,14348.0,0,1.0,66378.0,False,2006,2006,
76845,ULLOA,VALLE DEL CAUCA,Pacifica,2010,3.632478632478633,26.092783182713998,-22.460304550235364,14.313099041533548,23.40347328322629,14348.0,0,1.0,1938.0,False,2006,2006,
76863,VERSALLES,VALLE DEL CAUCA,Pacifica,2010,1.6801680168016802,22.4128588193273,-20.73269080252562,10.2803738317757,18.953181875235344,14348.0,0,1.0,3395.0,False,2006,2006,
76869,VIJES,VALLE DEL CAUCA,Pacifica,2010,7.493014986029972,40.83520946951387,-33.3421944834839,31.3631221719457,21.145420404756937,14348.0,0,1.0,4060.0,False,2006,2006,
76890,YOTOCO,VALLE DEL CAUCA,Pacifica,2010,7.320671215194542,37.15025693904519,-29.82958572385065,26.82817406908928,26.58787020564216,14348.0,0,1.0,5616.0,False,2006,2006,
76892,YUMBO,VALLE DEL CAUCA,Pacifica,2010,19.21549558311046,53.77490150297609,-34.55940591986563,46.36021216081175,17.945036009273803,14348.0,0,1.0,38465.0,False,2006,2006,
76895,ZARZAL,VALLE DEL CAUCA,Pacifica,2010,12.848011363636363,46.18610341759192,-33.33809205395556,37.699203187250994,17.338316284511414,14348.0,0,1.0,14643.0,False,2006,2006,
81001,ARAUCA,ARAUCA,Orinoquia,2010,2.911978821972204,27.108301530556954,-24.19632270858475,15.391665058846227,33.72850381868,7031.0,0,1.0,26419.0,False,2006,2006,
81065,ARAUQUITA,ARAUCA,Orinoquia,2010,17.776861208496598,70.00318513880711,-52.226323930310514,64.29618768328446,41.482435981139965,7031.0,0,1.0,5111.0,False,2006,2006,
81220,CRAVO NORTE,ARAUCA,Orinoquia,2010,2.3508137432188065,21.04492601826751,-18.694112275048703,7.479224376731302,53.9057239057239,7031.0,0,1.0,1125.0,False,2006,2006,
81300,FORTUL,ARAUCA,Orinoquia,2010,28.272656855151045,78.69656948135028,-50.42391262619924,71.57172995780591,100.0,7031.0,0,1.0,2754.0,False,2006,2006,
81591,PUERTO RONDON,ARAUCA,Orinoquia,2010,0.3593890386343217,18.463662068744604,-18.10427303011028,5.2935514918190565,36.10210696920584,7031.0,0,1.0,1149.0,False,2006,2006,
81736,SARAVENA,ARAUCA,Orinoquia,2010,12.907538825465393,43.127131099433356,-30.21959227396796,33.66461046378798,34.14998311250411,7031.0,0,1.0,10221.0,False,2006,2006,
81794,TAME,ARAUCA,Orinoquia,2010,6.813406703351676,35.62510440287054,-28.811697699518867,22.042808862185503,100.0,7031.0,0,1.0,10310.0,False,2006,2006,
85001,YOPAL,CASANARE,Orinoquia,2010,3.2653577146709365,24.149971949552928,-20.88461423488199,12.62892639474918,24.47202894705192,893.0,0,1.0,48425.0,False,2006,2006,
85010,AGUAZUL,CASANARE,Orinoquia,2010,2.3887855814618795,20.52055586043657,-18.13177027897469,8.432906387002493,26.691420994266213,893.0,0,1.0,14352.0,False,2006,2006,
85015,CHAMEZA,CASANARE,Orinoquia,2010,0.92485549132948,16.562600928125118,-15.637745436795639,3.059581320450886,46.3519313304721,893.0,0,1.0,868.0,False,2006,2006,
85125,HATO COROZAL,CASANARE,Orinoquia,2010,1.351702625422407,18.3891031551266,-17.037400529704193,4.577742699289661,57.309198687414,893.0,0,1.0,3898.0,False,2006,2006,
85136,LA SALINA,CASANARE,Orinoquia,2010,14.285714285714285,26.906348188412213,-12.620633902697929,13.385826771653544,51.14638447971781,893.0,0,0.828,414.0,False,2006,2006,
85139,MANI,CASANARE,Orinoquia,2010,3.157670151482825,21.76233828564354,-18.604668134160715,9.425493716337522,35.241485472387915,893.0,0,1.0,4791.0,False,2006,2006,
85162,MONTERREY,CASANARE,Orinoquia,2010,2.42492072374557,19.366655523345802,-16.941734799600233,7.102803738317758,27.238639407195787,893.0,0,1.0,5438.0,False,2006,2006,
85225,NUNCHIA,CASANARE,Orinoquia,2010,1.6551724137931034,19.129603657274096,-17.474431243480993,5.0,64.02020463670509,893.0,0,1.0,3686.0,False,2006,2006,
85230,OROCUE,CASANARE,Orinoquia,2010,1.6427718040621269,24.97629936023099,-23.33352755616886,11.846828879138412,62.83222591362127,893.0,0,1.0,3411.0,False,2006,2006,
85250,PAZ DE ARIPORO,CASANARE,Orinoquia,2010,1.9385813932421416,19.196509505968326,-17.257928112726184,6.138875540605478,43.56106644305586,893.0,0,1.0,11193.0,False,2006,2006,
85263,PORE,CASANARE,Orinoquia,2010,1.1730205278592376,20.635902930827044,-19.462882402967807,7.069722086786934,55.48543037464751,893.0,0,1.0,3117.0,False,2006,2006,
85279,RECETOR,CASANARE,Orinoquia,2010,2.857142857142857,19.591843193966724,-16.734700336823867,6.390328151986183,46.28999319264806,893.0,0,1.0,834.0,False,2006,2006,
85300,SABANALARGA,CASANARE,Orinoquia,2010,1.6069221260815822,19.854423376091123,-18.24750125000954,7.725947521865889,26.63972645321728,893.0,0,1.0,1638.0,False,2006,2006,
85315,SACAMA,CASANARE,Orinoquia,2010,7.9422382671480145,47.70408350354238,-39.761845236394365,38.196286472148536,37.70279039584685,893.0,0,1.0,581.0,False,2006,2006,
85325,SAN LUIS DE PALENQUE,CASANARE,Orinoquia,2010,0.9418096199125462,17.760988098293534,-16.819178478380987,3.9707895937927886,53.44911267361386,893.0,0,1.0,3018.0,False,2006,2006,
85400,TAMARA,CASANARE,Orinoquia,2010,0.7731958762886598,22.554365601086978,-21.781169724798318,8.482676224611708,72.41883116883116,893.0,0,1.0,2396.0,False,2006,2006,
85410,TAURAMENA,CASANARE,Orinoquia,2010,2.822470684483229,18.052860199703453,-15.230389515220224,5.303847536857246,33.73249441851025,893.0,0,1.0,7468.0,False,2006,2006,
85430,TRINIDAD,CASANARE,Orinoquia,2010,1.859229747675963,19.743445506443805,-17.884215758767844,6.189111747851003,54.91930336463937,893.0,0,1.0,4602.0,False,2006,2006,
85440,VILLANUEVA,CASANARE,Orinoquia,2010,2.9946053066167564,23.53075912646635,-20.536153819849595,11.560338201383551,31.92269527296055,893.0,0,1.0,9343.0,False,2006,2006,
86001,MOCOA,PUTUMAYO,Amazonia,2010,14.208785291176245,31.919012119406766,-17.71022682823052,21.049989961855047,27.91273758860397,9526.0,0,1.0,13309.0,False,2006,2006,
86219,COLON,PUTUMAYO,Amazonia,2010,14.022517911975434,27.883262959759087,-13.860745047783652,16.84813753581662,19.6522153406384,9526.0,0,1.0,1981.0,False,2006,2006,
86320,ORITO,PUTUMAYO,Amazonia,2010,51.17852712304048,68.46373158642702,-17.285204463386535,62.02270381836945,51.11089508247505,9526.0,0,1.0,9128.0,False,2006,2006,
86568,PUERTO ASIS,PUTUMAYO,Amazonia,2010,21.78812922614576,48.964005321107436,-27.175876094961676,40.357894736842105,30.700816931484454,9526.0,0,1.0,13931.0,False,2006,2006,
86569,PUERTO CAICEDO,PUTUMAYO,Amazonia,2010,41.37812821391841,40.45830602941335,0.9198221845050583,29.864016736401677,41.37605141290993,9526.0,0,1.0,3026.0,False,2006,2006,
86571,PUERTO GUZMAN,PUTUMAYO,Amazonia,2010,9.12863070539419,31.74924056724712,-22.62060986185293,17.32817037754114,100.0,9526.0,0,1.0,2257.0,False,2006,2006,
86573,PUERTO LEGUIZAMO,PUTUMAYO,Amazonia,2010,8.276450511945391,32.29019399708528,-24.01374348513989,21.05055292259084,37.82451197424029,9526.0,0,1.0,3626.0,False,2006,2006,
86749,SIBUNDOY,PUTUMAYO,Amazonia,2010,20.649405772495754,37.17916362606313,-16.529757853567375,27.37744441467988,20.660941972417383,9526.0,0,1.0,4816.0,False,2006,2006,
86755,SAN FRANCISCO,PUTUMAYO,Amazonia,2010,13.745210727969347,28.791173669361235,-15.045962941391888,17.620927936821325,24.819734345351044,9526.0,0,1.0,2129.0,False,2006,2006,
86757,SAN MIGUEL,PUTUMAYO,Amazonia,2010,46.56040268456376,77.22264244108916,-30.662239756525402,72.47345654738497,40.62315513283043,9526.0,0,1.0,3666.0,False,2006,2006,
86760,SANTIAGO,PUTUMAYO,Amazonia,2010,8.40258541089566,36.57618538582574,-28.173599974930077,25.92969943963321,39.98284734133791,9526.0,0,1.0,2207.0,False,2006,2006,
86865,VALLE DEL GUAMUEZ,PUTUMAYO,Amazonia,2010,52.73873000484731,75.24135179479033,-22.50262178994302,70.40079308879761,39.16499787608471,9526.0,0,1.0,8424.0,False,2006,2006,
86885,VILLAGARZON,PUTUMAYO,Amazonia,2010,14.688128772635814,32.898950160225525,-18.21082138758971,21.77522349936143,35.6778256546238,9526.0,0,1.0,4606.0,False,2006,2006,
88001,SAN ANDRES,ARCHIPIELAGO DE SAN ANDRES PROVIDENCIA Y SANTA CATALINA,Caribe,2010,4.860986547085202,25.634858178037284,-20.773871630952083,13.634676072025243,42.45279515963128,9.0,0,1.0,11399.0,False,2006,2006,
88564,PROVIDENCIA,ARCHIPIELAGO DE SAN ANDRES PROVIDENCIA Y SANTA CATALINA,Caribe,2010,2.447163515016685,18.492272819956128,-16.045109304939444,6.25,19.69938130708696,9.0,0,1.0,921.0,False,2006,2006,
91001,LETICIA,AMAZONAS,Amazonia,2010,8.612111854520501,42.78346849902529,-34.17135664450479,33.59089485225018,37.64687141057095,107.0,0,1.0,11981.0,False,2006,2006,
91263,EL ENCANTO,AMAZONAS,Amazonia,2010,2.631578947368421,49.77601580239869,-47.14443685503027,38.88888888888889,100.0,107.0,0,0.46,230.0,False,2006,2006,
91405,LA CHORRERA,AMAZONAS,Amazonia,2010,20.62780269058296,66.59203990314117,-45.96423721255821,60.36866359447005,52.88603848051308,107.0,0,0.91,455.0,False,2006,2006,
91407,LA PEDRERA,AMAZONAS,Amazonia,2010,1.530612244897959,29.203391003955183,-27.672778759057223,16.853932584269664,58.80370682392586,107.0,0,0.402,201.0,False,2006,2006,
91430,LA VICTORIA,AMAZONAS,Amazonia,2010,33.33333333333333,81.16498974792299,-47.83165641458966,75.0,100.0,107.0,1,0.012,6.0,False,2006,2006,
91460,MIRITI  PARANA,AMAZONAS,Amazonia,2010,0.0,46.651321563477715,-46.651321563477715,35.294117647058826,100.0,107.0,1,0.036,18.0,False,2006,2006,
91530,PUERTO ALEGRIA,AMAZONAS,Amazonia,2010,8.695652173913043,48.56874757372467,-39.87309539981163,37.5,100.0,107.0,0,0.094,47.0,False,2006,2006,
91536,PUERTO ARICA,AMAZONAS,Amazonia,2010,1.7857142857142856,47.41763614986462,-45.631921864150335,37.5,71.55621742367833,107.0,0,0.224,112.0,False,2006,2006,
91540,PUERTO NARINO,AMAZONAS,Amazonia,2010,11.325611325611328,32.95591266203006,-21.630301336418732,21.390778533635675,58.34800469483567,107.0,0,1.0,1593.0,False,2006,2006,
91669,PUERTO SANTANDER,AMAZONAS,Amazonia,2010,7.262569832402235,40.64530699772634,-33.3827371653241,28.235294117647054,100.0,107.0,0,0.366,183.0,False,2006,2006,
91798,TARAPACA,AMAZONAS,Amazonia,2010,15.107913669064748,49.85340292367759,-34.74548925461284,40.83969465648856,57.91441628583299,107.0,0,0.57,285.0,False,2006,2006,
94001,INIRIDA,GUAINIA,Amazonia,2010,5.017667844522968,42.3824121336274,-37.36474428910443,32.07823960880196,57.52557544757033,360.0,0,1.0,5816.0,False,2006,2006,
94343,BARRANCOMINAS,GUAINIA,Amazonia,2010,0.967741935483871,27.855232700255158,-26.887490764771286,13.178294573643411,100.0,360.0,0,0.64,320.0,False,2006,2006,
94663,MAPIRIPANA,GUAINIA,Amazonia,2010,1.5384615384615383,28.39975955863587,-26.86129802017433,14.285714285714285,100.0,360.0,0,0.13,65.0,False,2006,2006,
94883,SAN FELIPE,GUAINIA,Amazonia,2010,1.0101010101010102,67.55572709907418,-66.54562608897317,58.333333333333336,100.0,360.0,0,0.2,100.0,False,2006,2006,
94884,PUERTO COLOMBIA,GUAINIA,Amazonia,2010,0.0,54.58585770713101,-54.58585770713101,43.75,97.7948226270374,360.0,0,0.21,105.0,False,2006,2006,
94885,LA GUADALUPE,GUAINIA,Amazonia,2010,0.0,53.885996432356364,-53.885996432356364,44.65632272518663,100.0,360.0,0,0.066,33.0,False,2006,2006,
94886,CACAHUAL,GUAINIA,Amazonia,2010,0.0,29.905975732505237,-29.905975732505237,15.625,100.0,360.0,0,0.088,44.0,False,2006,2006,
94887,PANA PANA,GUAINIA,Amazonia,2010,0.0,85.52079346389768,-85.52079346389768,80.0,100.0,360.0,0,0.112,56.0,False,2006,2006,
94888,MORICHAL,GUAINIA,Amazonia,2010,0.0,102.90545595680344,-102.90545595680344,100.0,100.0,360.0,0,0.112,56.0,False,2006,2006,
95001,SAN JOSE DEL GUAVIARE,GUAVIARE,Amazonia,2010,4.537481888202547,31.73327974157526,-27.195797853372714,20.22622107969152,42.40458834245432,3719.0,0,1.0,13540.0,False,2006,2006,
95015,CALAMAR,GUAVIARE,Amazonia,2010,8.548850574712644,45.48805559667676,-36.93920502196411,36.612702366127024,28.51985559566787,3719.0,0,1.0,1450.0,False,2006,2006,
95025,EL RETORNO,GUAVIARE,Amazonia,2010,2.023121387283237,35.705568313156675,-33.682446925873435,21.611909650924023,100.0,3719.0,0,1.0,3217.0,False,2006,2006,
95200,MIRAFLORES,GUAVIARE,Amazonia,2010,2.861230329041488,39.882687905020234,-37.021457575978744,29.126213592233007,44.39308082314346,3719.0,0,1.0,723.0,False,2006,2006,
97001,MITU,VAUPES,Amazonia,2010,5.573951434878588,32.167267102545644,-26.593315667667056,20.76101468624833,51.77952943986624,297.0,0,1.0,3679.0,False,2006,2006,
97161,CARURU,VAUPES,Amazonia,2010,1.4792899408284024,30.032210769682713,-28.55292082885431,16.06425702811245,100.0,297.0,0,0.684,342.0,False,2006,2006,
97511,PACOA,VAUPES,Amazonia,2010,17.613636363636363,40.14508255007124,-22.531446186434874,27.55102040816326,100.0,297.0,0,0.37,185.0,False,2006,2006,
97666,TARAIRA,VAUPES,Amazonia,2010,8.064516129032258,23.180784898784854,-15.116268769752596,8.854166666666668,82.06896551724138,297.0,0,0.502,251.0,False,2006,2006,
97777,PAPUNAHUA,VAUPES,Amazonia,2010,0.0,15.979743492894613,-15.979743492894613,0.0,100.0,297.0,0,0.08,40.0,False,2006,2006,
97889,YAVARATE,VAUPES,Amazonia,2010,0.0,20.383637737239297,-20.383637737239297,5.957446808510639,78.51790174854288,297.0,0,0.71,355.0,False,2006,2006,
99001,PUERTO CARRENO,VICHADA,Orinoquia,2010,3.8004196782466777,39.30320023838265,-35.502780560135974,29.066985645933013,45.61940542528909,1146.0,0,1.0,4375.0,False,2006,2006,
99524,LA PRIMAVERA,VICHADA,Orinoquia,2010,0.8376545672118069,19.245734492955336,-18.40807992574353,3.516249334043687,100.0,1146.0,0,1.0,2529.0,False,2006,2006,
99624,SANTA ROSALIA,VICHADA,Orinoquia,2010,1.262135922330097,21.710436586232362,-20.448300663902266,8.184143222506394,58.43789209535759,1146.0,0,1.0,1037.0,False,2006,2006,
99773,CUMARIBO,VICHADA,Orinoquia,2010,3.1866464339908958,40.8876038861159,-37.700957452125,28.98120672601385,82.43017924135057,1146.0,0,1.0,2024.0,False,2006,2006,
05001,MEDELLIN,ANTIOQUIA,Andina,2014,17.54147589271048,16.42547536402706,1.1160005286834185,4.026877647784978,5.230398664972173,38257.0,0,1.0,698722.0,True,2006,2010,8.418632069900829
05002,ABEJORRAL,ANTIOQUIA,Andina,2014,7.0509977827051,15.55151511589262,-8.50051733318752,1.0268948655256724,13.958914243441644,38257.0,0,1.0,4787.0,True,2006,2010,-1.1978857919701102
05004,ABRIAQUI,ANTIOQUIA,Andina,2014,2.26928895612708,15.606287653196157,-13.336998697069077,1.2642225031605565,11.630079402148528,38257.0,0,1.0,693.0,True,2006,2010,-6.034367155851667
05021,ALEJANDRIA,ANTIOQUIA,Andina,2014,3.7475345167652856,15.440256531034938,-11.692722014269652,0.7323943661971831,12.676424464192367,38257.0,0,1.0,1690.0,True,2006,2010,-4.390090473052242
05030,AMAGA,ANTIOQUIA,Andina,2014,12.310261080752884,16.12480279970837,-3.8145417189554855,2.3533715400560906,9.66388129051598,38257.0,0,1.0,7380.0,True,2006,2010,3.4880898222619248
05031,AMALFI,ANTIOQUIA,Andina,2014,16.46412037037037,16.737497076507225,-0.2733767061368546,1.3404077073443172,22.377240454793704,38257.0,0,1.0,3864.0,True,2006,2010,7.029254835080556
05034,ANDES,ANTIOQUIA,Andina,2014,8.89331814730448,15.82623996325604,-6.932921815951559,1.9929401382556255,12.288330137467254,38257.0,0,1.0,11348.0,True,2006,2010,0.3697097252658512
05036,ANGELOPOLIS,ANTIOQUIA,Andina,2014,9.811320754716984,15.528727292206366,-5.717406537489381,0.999000999000999,13.026132056652704,38257.0,0,1.0,1726.0,True,2006,2010,1.5852250037280289
05038,ANGOSTURA,ANTIOQUIA,Andina,2014,9.358178053830228,17.492771624626847,-8.13459357079662,2.881205673758865,20.52380952380953,38257.0,0,1.0,2733.0,True,2006,2010,-0.8319620295792092
05040,ANORI,ANTIOQUIA,Andina,2014,9.903244166192374,16.652854309424136,-6.749610143231761,1.1250827266710788,27.996131795261448,38257.0,0,1.0,1890.0,True,2006,2010,0.5530213979856491
05042,SANTA FE DE ANTIOQUIA,ANTIOQUIA,Andina,2014,12.233794497124205,17.536703741105267,-5.302909243981063,5.086206896551724,14.129582861621529,38257.0,0,1.0,7241.0,True,2006,2010,1.9997222972363478
05044,ANZA,ANTIOQUIA,Andina,2014,5.425400739827373,15.79787474060847,-10.372474000781096,0.9870918754745632,16.332602568117757,38257.0,0,1.0,1749.0,True,2006,2010,-3.069842459563686
05045,APARTADO,ANTIOQUIA,Andina,2014,7.813123435743045,19.602225733790707,-11.789102298047663,10.991514511176412,14.6740097512367,38257.0,0,1.0,30358.0,True,2006,2010,-4.486470756830252
05051,ARBOLETES,ANTIOQUIA,Andina,2014,2.2808174027686223,19.191614114551747,-16.910796711783124,5.122201082979657,62.48715704554968,38257.0,0,1.0,7859.0,True,2006,2010,-9.608165170565714
05055,ARGELIA,ANTIOQUIA,Andina,2014,1.062473438164046,15.215891739520547,-14.153418301356501,0.2235469448584202,17.13946234962127,38257.0,0,1.0,2488.0,True,2006,2010,-6.850786760139091
05059,ARMENIA,ANTIOQUIA,Andina,2014,4.784688995215311,15.810273621274261,-11.02558462605895,1.0131108462455305,8.357348703170029,38257.0,0,1.0,1385.0,True,2006,2010,-3.7229530848415404
05079,BARBOSA,ANTIOQUIA,Andina,2014,16.719292706030945,16.378513288485813,0.3407794175451322,3.523917350693462,7.012393267743888,38257.0,0,1.0,14185.0,True,2006,2010,7.6434109587625425
05086,BELMIRA,ANTIOQUIA,Andina,2014,7.462686567164178,16.127803933419266,-8.665117366255087,1.7977528089887642,13.385679566274067,38257.0,0,1.0,1714.0,True,2006,2010,-1.3624858250376768
05088,BELLO,ANTIOQUIA,Andina,2014,20.58340103153162,16.886961823610747,3.6964392079208714,4.898458274711433,5.575304609973621,38257.0,0,1.0,119622.0,True,2006,2010,10.999070749138282
05091,BETANIA,ANTIOQUIA,Andina,2014,3.1210459721636443,15.486149157681803,-12.365103185518159,0.8641548565502939,16.21841890790546,38257.0,0,1.0,2516.0,True,2006,2010,-5.062471644300748
05093,BETULIA,ANTIOQUIA,Andina,2014,2.3350011913271387,15.581089713719454,-13.246088522392315,0.8165019338203695,17.180967549273344,38257.0,0,1.0,4464.0,True,2006,2010,-5.943456981174904
05101,CIUDAD BOLIVAR,ANTIOQUIA,Andina,2014,7.299472661670831,15.878536507065729,-8.579063845394899,1.6450704225352113,11.847006843974704,38257.0,0,1.0,7741.0,True,2006,2010,-1.2764323041774883
05107,BRICENO,ANTIOQUIA,Andina,2014,6.418918918918918,16.307746247200335,-9.888827328281415,1.1473962930273611,25.66431214261689,38257.0,0,1.0,985.0,True,2006,2010,-2.586195787064005
05113,BURITICA,ANTIOQUIA,Andina,2014,5.833333333333333,16.052506786118066,-10.219173452784734,0.7214206437291898,29.139522258414768,38257.0,0,1.0,1587.0,True,2006,2010,-2.9165419115673235
05120,CACERES,ANTIOQUIA,Andina,2014,8.493555884217198,18.948916999947798,-10.4553611157306,5.280898876404494,49.83154670750383,38257.0,0,1.0,5047.0,True,2006,2010,-3.15272957451319
05125,CAICEDO,ANTIOQUIA,Andina,2014,4.757233938205002,15.578936223502165,-10.821702285297164,0.4616805170821791,18.617248752672843,38257.0,0,1.0,2219.0,True,2006,2010,-3.5190707440797535
05129,CALDAS,ANTIOQUIA,Andina,2014,18.93218645466788,16.733634543126545,2.198551911541337,4.186849911756975,5.473141066986087,38257.0,0,1.0,27029.0,True,2006,2010,9.501183452758747
05134,CAMPAMENTO,ANTIOQUIA,Andina,2014,13.618677042801556,16.70344590514798,-3.084768862346424,2.346368715083799,24.641988651715756,38257.0,0,1.0,1390.0,True,2006,2010,4.217862678870986
05138,CANASGORDAS,ANTIOQUIA,Andina,2014,3.640602582496413,15.937525700722201,-12.296923118225788,0.9844134536505332,22.79162365432827,38257.0,0,1.0,5912.0,True,2006,2010,-4.994291577008378
05142,CARACOLI,ANTIOQUIA,Andina,2014,9.276595744680852,16.228477569316084,-6.951881824635231,2.8042959427207634,12.13653603034134,38257.0,0,1.0,1254.0,True,2006,2010,0.3507497165821789
05145,CARAMANTA,ANTIOQUIA,Andina,2014,5.057351407716372,15.914184867120396,-10.856833459404022,2.095238095238096,8.924806746310612,38257.0,0,1.0,2042.0,True,2006,2010,-3.554201918186612
05147,CAREPA,ANTIOQUIA,Andina,2014,6.75884575747166,18.513915350599277,-11.755069593127617,7.613234821715387,20.98233995584989,38257.0,0,1.0,12546.0,True,2006,2010,-4.452438051910207
05148,EL CARMEN DE VIBORAL,ANTIOQUIA,Andina,2014,24.99512955386713,16.450370725899873,8.544758827967257,3.57076088988596,5.846360482035593,38257.0,0,1.0,17079.0,True,2006,2010,15.847390369184668
05150,CAROLINA,ANTIOQUIA,Andina,2014,8.601216333622936,16.119116516467212,-7.517900182844276,3.0638852672750976,6.234939759036145,38257.0,0,1.0,1318.0,True,2006,2010,-0.21526864162686543
05154,CAUCASIA,ANTIOQUIA,Andina,2014,19.969655749712253,18.300319708667104,1.669336041045149,6.827701759285115,22.10421624693638,38257.0,0,1.0,21033.0,True,2006,2010,8.97196758226256
05172,CHIGORODO,ANTIOQUIA,Andina,2014,8.281589568457001,18.62936158381287,-10.347772015355869,7.622243528283796,21.194067461031715,38257.0,0,1.0,14000.0,True,2006,2010,-3.0451404741384582
05190,CISNEROS,ANTIOQUIA,Andina,2014,11.80089485458613,16.737019463716763,-4.9361246091306334,2.8861571352218065,13.238105949836914,38257.0,0,1.0,3943.0,True,2006,2010,2.366506932086777
05197,COCORNA,ANTIOQUIA,Andina,2014,4.806565064478312,15.507680965728238,-10.701115901249924,1.0825439783491204,14.310004760933143,38257.0,0,1.0,5381.0,True,2006,2010,-3.398484360032514
05206,CONCEPCION,ANTIOQUIA,Andina,2014,3.918022905364678,15.532277338042965,-11.614254432678287,1.0192525481313703,12.483978467059728,38257.0,0,1.0,1782.0,True,2006,2010,-4.3116228914608765
05209,CONCORDIA,ANTIOQUIA,Andina,2014,4.820037886760682,16.22484025517624,-11.404802368415558,1.3662736290473516,18.539500715931023,38257.0,0,1.0,5157.0,True,2006,2010,-4.102170827198147
05212,COPACABANA,ANTIOQUIA,Andina,2014,23.73902248379236,16.86385022750873,6.87517225628363,5.279463565759878,3.807933962512159,38257.0,0,1.0,24701.0,True,2006,2010,14.17780379750104
05234,DABEIBA,ANTIOQUIA,Andina,2014,5.873493975903615,17.356480990586473,-11.482987014682859,1.1534025374855823,47.26166328600406,38257.0,0,1.0,4285.0,True,2006,2010,-4.180355473465449
05237,DONMATIAS,ANTIOQUIA,Andina,2014,9.06192314146669,15.71709286807986,-6.65516972661317,1.2670408981555734,6.100402457106545,38257.0,0,1.0,6619.0,True,2006,2010,0.6474618146042399
05240,EBEJICO,ANTIOQUIA,Andina,2014,4.111479028697572,15.802258650267845,-11.690779621570272,1.2214796035952986,13.891310665504214,38257.0,0,1.0,3921.0,True,2006,2010,-4.388148080352861
05250,EL BAGRE,ANTIOQUIA,Andina,2014,14.33587786259542,17.84621200285472,-3.5103341402592996,4.183139905624283,35.6179940692759,38257.0,0,1.0,7255.0,True,2006,2010,3.7922974009581107
05264,ENTRERRIOS,ANTIOQUIA,Andina,2014,10.112781954887218,15.906003725617897,-5.793221770730678,1.5356820234869015,7.028135322929718,38257.0,0,1.0,3023.0,True,2006,2010,1.509409770486732
05266,ENVIGADO,ANTIOQUIA,Andina,2014,16.50706004604821,16.006725137858297,0.5003349081899131,3.28894744271397,2.067045443802645,38257.0,0,1.0,110084.0,True,2006,2010,7.802966449407323
05282,FREDONIA,ANTIOQUIA,Andina,2014,11.459353574926542,16.39268337657451,-4.933329801647968,3.1195008798592228,11.128894579598803,38257.0,0,1.0,5623.0,True,2006,2010,2.3693017395694422
05284,FRONTINO,ANTIOQUIA,Andina,2014,8.012906695348212,17.29208929227357,-9.279182596925358,1.9960517657381005,34.09576848490876,38257.0,0,1.0,4104.0,True,2006,2010,-1.9765510557079473
05306,GIRALDO,ANTIOQUIA,Andina,2014,8.612099644128115,15.719689423466786,-7.107589779338671,1.2850467289719625,15.36484081471228,38257.0,0,1.0,1515.0,True,2006,2010,0.19504176187873945
05308,GIRARDOTA,ANTIOQUIA,Andina,2014,22.672064777327936,17.31505862614606,5.357006151181874,6.054126702914045,5.050714137859656,38257.0,0,1.0,17614.0,True,2006,2010,12.659637692399285
05310,GOMEZ PLATA,ANTIOQUIA,Andina,2014,8.85960926851431,16.12311568003486,-7.2635064115205505,1.698867421718854,10.39941548952752,38257.0,0,1.0,2535.0,True,2006,2010,0.03912512969685977
05313,GRANADA,ANTIOQUIA,Andina,2014,5.575197171607289,15.397574906668364,-9.822377735061075,1.352941176470588,11.039878300554166,38257.0,0,1.0,3922.0,True,2006,2010,-2.5197461938436643
05315,GUADALUPE,ANTIOQUIA,Andina,2014,18.79245283018868,15.929277400700776,2.863175429487903,0.7117437722419928,15.315480557593544,38257.0,0,1.0,1483.0,True,2006,2010,10.165806970705313
05318,GUARNE,ANTIOQUIA,Andina,2014,14.027215888194188,16.065831917494307,-2.038616029300119,2.86242552900089,6.214017224151877,38257.0,0,1.0,15237.0,True,2006,2010,5.264015511917291
05321,GUATAPE,ANTIOQUIA,Andina,2014,13.847643641058747,15.426369185680969,-1.5787255446222215,1.899148657498363,4.358388110888825,38257.0,0,1.0,3377.0,True,2006,2010,5.723905996595189
05347,HELICONIA,ANTIOQUIA,Andina,2014,6.027397260273973,16.047682360754877,-10.020285100480905,2.164900967296177,12.423019749416012,38257.0,0,1.0,1995.0,True,2006,2010,-2.7176535592634945
05353,HISPANIA,ANTIOQUIA,Andina,2014,5.710401087695445,16.389486886512607,-10.679085798817162,2.6970954356846475,12.12121212121212,38257.0,0,1.0,1601.0,True,2006,2010,-3.376454257599752
05360,ITAGUI,ANTIOQUIA,Andina,2014,18.40685714285714,16.59640334132743,1.810453801529711,4.275556811225691,3.946462978254886,38257.0,0,1.0,99052.0,True,2006,2010,9.113085342747121
05361,ITUANGO,ANTIOQUIA,Andina,2014,16.436309301456856,17.833554682402394,-1.397245380945538,1.6367265469061876,35.71002548392344,38257.0,0,1.0,3166.0,True,2006,2010,5.905386160271872
05364,JARDIN,ANTIOQUIA,Andina,2014,9.429735234215888,16.233767373057116,-6.804032138841228,3.332164152928797,9.78963799895934,38257.0,0,1.0,5284.0,True,2006,2010,0.4985994023761826
05368,JERICO,ANTIOQUIA,Andina,2014,8.196300102774924,15.342673160281088,-7.146373057506164,0.8676789587852495,9.053050878145935,38257.0,0,1.0,4256.0,True,2006,2010,0.1562584837112464
05376,LA CEJA,ANTIOQUIA,Andina,2014,13.830662729341142,15.924533047425587,-2.093870318084445,2.3691194209891435,4.109752156088931,38257.0,0,1.0,23154.0,True,2006,2010,5.208761223132965
05380,LA ESTRELLA,ANTIOQUIA,Andina,2014,18.829096511499944,16.19444599468511,2.6346505168148333,3.356890459363958,3.5133279603593923,38257.0,0,1.0,20686.0,True,2006,2010,9.937282058032244
05390,LA PINTADA,ANTIOQUIA,Andina,2014,4.3478260869565215,15.898344433950466,-11.550518346993945,1.7717346518335393,12.854276398294456,38257.0,0,1.0,2528.0,True,2006,2010,-4.247886805776535
05400,LA UNION,ANTIOQUIA,Andina,2014,10.792463286228871,15.539902027349077,-4.747438741120206,1.1489850631941785,6.66891696402739,38257.0,0,1.0,7881.0,True,2006,2010,2.5551928000972044
05411,LIBORINA,ANTIOQUIA,Andina,2014,6.796727501573317,15.570828275147147,-8.77410077357383,1.1901306240928884,13.857251328777524,38257.0,0,1.0,3347.0,True,2006,2010,-1.4714692323564194
05425,MACEO,ANTIOQUIA,Andina,2014,7.227671657201859,15.785524878807708,-8.55785322160585,1.419624217118998,13.178826110806364,38257.0,0,1.0,2118.0,True,2006,2010,-1.2552216803884395
05440,MARINILLA,ANTIOQUIA,Andina,2014,16.916538779364892,15.93833706979736,0.9782017095675322,3.2510535821794098,5.091896785875962,38257.0,0,1.0,18461.0,True,2006,2010,8.280833250784942
05467,MONTEBELLO,ANTIOQUIA,Andina,2014,5.101509630400833,15.770657841806472,-10.669148211405638,0.657030223390276,15.524570651249787,38257.0,0,1.0,2120.0,True,2006,2010,-3.3665166701882274
05475,MURINDO,ANTIOQUIA,Andina,2014,13.277310924369749,18.598990502271214,-5.321679577901465,0.927643784786642,81.73201206376562,38257.0,0,1.0,612.0,True,2006,2010,1.9809519633159454
05480,MUTATA,ANTIOQUIA,Andina,2014,3.5940803382663846,17.83557286491827,-14.241492526651886,3.021045485403937,43.36613235994287,38257.0,0,1.0,3025.0,True,2006,2010,-6.938860985434475
05483,NARINO,ANTIOQUIA,Andina,2014,1.095890410958904,15.403538559277006,-14.307648148318101,0.6123106670963584,15.641353645772764,38257.0,0,1.0,3038.0,True,2006,2010,-7.005016607100691
05490,NECOCLI,ANTIOQUIA,Andina,2014,2.8791657220584903,18.05560268504852,-15.17643696299003,2.052411873840445,57.62883914627798,38257.0,0,1.0,9224.0,True,2006,2010,-7.873805421772619
05495,NECHI,ANTIOQUIA,Andina,2014,6.962380685008422,17.622509427368193,-10.66012874235977,1.8032056990204808,54.34456928838952,38257.0,0,1.0,3723.0,True,2006,2010,-3.35749720114236
05501,OLAYA,ANTIOQUIA,Andina,2014,2.49728555917481,15.576758393513336,-13.079472834338524,1.7595307917888563,12.0264803236484,38257.0,0,1.0,984.0,True,2006,2010,-5.776841293121114
05541,PENOL,ANTIOQUIA,Andina,2014,10.024918535556832,15.578328083436926,-5.5534095478800936,1.7292490118577075,6.857079350966882,38257.0,0,1.0,5652.0,True,2006,2010,1.7492219933373168
05543,PEQUE,ANTIOQUIA,Andina,2014,3.64797081623347,16.373560844733923,-12.725590028500452,1.687051876845213,27.363114409746533,38257.0,0,1.0,2365.0,True,2006,2010,-5.422958487283042
05576,PUEBLORRICO,ANTIOQUIA,Andina,2014,4.155374887082204,16.027127679135244,-11.87175279205304,1.6036184210526316,15.856706470424882,38257.0,0,1.0,2359.0,True,2006,2010,-4.5691212508356305
05579,PUERTO BERRIO,ANTIOQUIA,Andina,2014,11.911798135939987,17.004686761518485,-5.092888625578498,3.927752293577982,13.766030566343494,38257.0,0,1.0,9612.0,True,2006,2010,2.2097429156389126
05585,PUERTO NARE,ANTIOQUIA,Andina,2014,17.307692307692307,21.174121748027712,-3.8664294403354056,16.99281644785732,13.75443225859652,38257.0,0,1.0,4161.0,True,2006,2010,3.4362021008820047
05591,PUERTO TRIUNFO,ANTIOQUIA,Andina,2014,6.589057043073342,15.860307039229195,-9.271249996155852,1.8174308137133413,13.15041962556488,38257.0,0,1.0,4619.0,True,2006,2010,-1.9686184549384418
05604,REMEDIOS,ANTIOQUIA,Andina,2014,18.25148032044584,17.048112261182972,1.2033680592628677,2.950273614085177,22.20347262311825,38257.0,0,1.0,3254.0,True,2006,2010,8.505999600480278
05607,RETIRO,ANTIOQUIA,Andina,2014,13.2617015013247,15.577805176929107,-2.316103675604408,1.588823448842624,4.609101516919487,38257.0,0,1.0,7433.0,True,2006,2010,4.986527865613002
05615,RIONEGRO,ANTIOQUIA,Andina,2014,17.575031140567347,16.18836252537588,1.3866686151914678,3.5094577279735923,5.1980391986138565,38257.0,0,1.0,47651.0,True,2006,2010,8.689300156408878
05628,SABANALARGA,ANTIOQUIA,Andina,2014,3.566465956461325,15.939700546990608,-12.373234590529282,0.5577689243027889,27.569435556124407,38257.0,0,1.0,2296.0,True,2006,2010,-5.070603049311872
05631,SABANETA,ANTIOQUIA,Andina,2014,16.534743892229244,15.957401233708046,0.5773426585211983,3.0732763905349625,1.5913267181183388,38257.0,0,1.0,29436.0,True,2006,2010,7.879974199738609
05642,SALGAR,ANTIOQUIA,Andina,2014,5.1120448179271705,15.762144855921402,-10.650100037994232,1.0413812003288572,16.593553309174137,38257.0,0,1.0,3074.0,True,2006,2010,-3.3474684967768216
05647,SAN ANDRES DE CUERQUIA,ANTIOQUIA,Andina,2014,8.05316653635653,17.329468932838537,-9.276302396482007,2.4830699774266365,24.54328832406672,38257.0,0,1.0,1493.0,True,2006,2010,-1.9736708552645972
05649,SAN CARLOS,ANTIOQUIA,Andina,2014,4.2250700841009206,15.519684780881654,-11.294614696780734,1.272577996715928,12.071244694914077,38257.0,0,1.0,5288.0,True,2006,2010,-3.9919831555633234
05652,SAN FRANCISCO,ANTIOQUIA,Andina,2014,3.488372093023256,15.834632513203884,-12.346260420180627,0.9213759213759214,19.797051502967644,38257.0,0,1.0,1823.0,True,2006,2010,-5.043628878963217
05656,SAN JERONIMO,ANTIOQUIA,Andina,2014,8.075511274252753,16.403101831757205,-8.327590557504452,2.773956900504356,13.2871392674941,38257.0,0,1.0,4148.0,True,2006,2010,-1.024959016287042
05658,SAN JOSE DE LA MONTANA,ANTIOQUIA,Andina,2014,8.179419525065963,16.353585216327254,-8.17416569126129,1.6877637130801686,10.230352303523036,38257.0,0,1.0,1295.0,True,2006,2010,-0.87153415004388
05659,SAN JUAN DE URABA,ANTIOQUIA,Andina,2014,3.347562345540328,18.480432228022195,-15.132869882481867,3.492316902813809,59.82392957182873,38257.0,0,1.0,4586.0,True,2006,2010,-7.830238341264456
05660,SAN LUIS,ANTIOQUIA,Andina,2014,4.416037187681581,15.513222797410727,-11.097185609729145,0.9697661152310324,12.992161455987024,38257.0,0,1.0,3739.0,True,2006,2010,-3.7945540685117347
05664,SAN PEDRO DE LOS MILAGROS,ANTIOQUIA,Andina,2014,9.770462096043492,15.814132634148987,-6.043670538105495,1.2340867757859184,6.668625146886017,38257.0,0,1.0,7573.0,True,2006,2010,1.2589610031119154
05665,SAN PEDRO DE URABA,ANTIOQUIA,Andina,2014,4.323570432357044,18.143738737756273,-13.820168305399228,1.7466628798636752,66.14222990952635,38257.0,0,1.0,6743.0,True,2006,2010,-6.517536764181818
05667,SAN RAFAEL,ANTIOQUIA,Andina,2014,7.525453740593183,15.567530975207704,-8.04207723461452,1.4229064613949147,11.117305088795094,38257.0,0,1.0,4893.0,True,2006,2010,-0.7394456933971103
05670,SAN ROQUE,ANTIOQUIA,Andina,2014,7.423687423687424,16.07616599139454,-8.652478567707115,1.7584257902449236,14.845070422535212,38257.0,0,1.0,4468.0,True,2006,2010,-1.3498470264897051
05674,SAN VICENTE FERRER,ANTIOQUIA,Andina,2014,7.559302657902258,15.712181526805725,-8.152878868903468,1.716527709661599,10.974592761438815,38257.0,0,1.0,7493.0,True,2006,2010,-0.8502473276860574
05679,SANTA BARBARA,ANTIOQUIA,Andina,2014,15.576134810991348,16.004704925457336,-0.4285701144659875,2.2131887985546523,9.814068510716249,38257.0,0,1.0,7220.0,True,2006,2010,6.874061426751423
05686,SANTA ROSA DE OSOS,ANTIOQUIA,Andina,2014,10.10663848592564,16.306813538441887,-6.200175052516247,1.621532636430982,9.225700164744646,38257.0,0,1.0,12041.0,True,2006,2010,1.1024564887011632
05690,SANTO DOMINGO,ANTIOQUIA,Andina,2014,7.621951219512195,16.137402042377456,-8.515450822865262,2.3543260741612717,11.544117647058824,38257.0,0,1.0,3271.0,True,2006,2010,-1.2128192816478514
05697,EL SANTUARIO,ANTIOQUIA,Andina,2014,8.082268819795935,15.482795467244065,-7.40052664744813,1.5847734331448593,6.795570980003305,38257.0,0,1.0,13310.0,True,2006,2010,-0.09789510623071962
05736,SEGOVIA,ANTIOQUIA,Andina,2014,24.03575989782886,17.51022023459747,6.525539663231392,3.9339914542507737,23.14920444311018,38257.0,0,1.0,4425.0,True,2006,2010,13.828171204448802
05756,SONSON,ANTIOQUIA,Andina,2014,6.394140354350193,15.540516557320148,-9.146376202969954,0.975399223133362,13.235014874359136,38257.0,0,1.0,10862.0,True,2006,2010,-1.8437446617525435
05761,SOPETRAN,ANTIOQUIA,Andina,2014,8.492392807745505,16.132200331504816,-7.639807523759311,2.535211267605634,11.306441024144725,38257.0,0,1.0,3962.0,True,2006,2010,-0.3371759825419005
05789,TAMESIS,ANTIOQUIA,Andina,2014,10.039028620988724,16.23656823179777,-6.197539610809045,2.788041652670474,12.407182395031729,38257.0,0,1.0,5073.0,True,2006,2010,1.1050919304083653
05790,TARAZA,ANTIOQUIA,Andina,2014,14.53168044077135,18.103312361882757,-3.5716319211114076,5.262219051016768,32.41673632803907,38257.0,0,1.0,4740.0,True,2006,2010,3.7309996201060027
05792,TARSO,ANTIOQUIA,Andina,2014,4.330963154492566,16.069372548852357,-11.738409394359792,2.0708446866485013,16.24158696422246,38257.0,0,1.0,1685.0,True,2006,2010,-4.4357778531423815
05809,TITIRIBI,ANTIOQUIA,Andina,2014,8.41452612931798,16.121196310986377,-7.706670181668397,1.4502307185234016,11.2238659982883,38257.0,0,1.0,2572.0,True,2006,2010,-0.40403864045098636
05819,TOLEDO,ANTIOQUIA,Andina,2014,10.767590618336886,17.85764431818209,-7.090053699845203,2.061855670103093,23.91304347826087,38257.0,0,1.0,1160.0,True,2006,2010,0.21257784137220703
05837,TURBO,ANTIOQUIA,Andina,2014,3.277201561698939,19.214769771361716,-15.937568209662777,7.297534567269002,39.15000175112948,38257.0,0,1.0,27073.0,True,2006,2010,-8.634936668445366
05842,URAMITA,ANTIOQUIA,Andina,2014,3.76249265138154,16.339222038680496,-12.576729387298956,1.6049382716049383,27.10409320864633,38257.0,0,1.0,1804.0,True,2006,2010,-5.2740978460815455
05847,URRAO,ANTIOQUIA,Andina,2014,6.557668384574374,16.432343208553732,-9.874674823979358,0.8620689655172413,24.45252945252945,38257.0,0,1.0,6375.0,True,2006,2010,-2.572043282761948
05854,VALDIVIA,ANTIOQUIA,Andina,2014,9.327036599763874,16.63151728553425,-7.304480685770377,1.8290089323692045,26.97419859265051,38257.0,0,1.0,1842.0,True,2006,2010,-0.0018491445529669193
05856,VALPARAISO,ANTIOQUIA,Andina,2014,7.230142566191446,16.28521829527493,-9.055075729083484,3.309352517985612,8.88437384558552,38257.0,0,1.0,2114.0,True,2006,2010,-1.7524441878660735
05858,VEGACHI,ANTIOQUIA,Andina,2014,11.506849315068491,16.182058155822553,-4.6752088407540615,1.190893169877408,22.03161487336088,38257.0,0,1.0,2403.0,True,2006,2010,2.627422700463349
05861,VENECIA,ANTIOQUIA,Andina,2014,8.029942157196325,15.7691218294633,-7.739179672266975,1.573204770362852,9.62723803933079,38257.0,0,1.0,3224.0,True,2006,2010,-0.43654813104956425
05873,VIGIA DEL FUERTE,ANTIOQUIA,Andina,2014,8.156911581569117,18.3999465951576,-10.243035013588484,0.7194244604316548,78.25498400196899,38257.0,0,1.0,1649.0,True,2006,2010,-2.9404034723710737
05885,YALI,ANTIOQUIA,Andina,2014,8.856088560885608,16.13757274823807,-7.281484187352463,0.7514088916718847,21.783766442091757,38257.0,0,1.0,1181.0,True,2006,2010,0.02114735386494715
05887,YARUMAL,ANTIOQUIA,Andina,2014,13.44794852863622,16.408472588811307,-2.9605240601750875,2.2638839759462326,11.751576362926176,38257.0,0,1.0,10585.0,True,2006,2010,4.342107481042323
05890,YOLOMBO,ANTIOQUIA,Andina,2014,9.732874900819889,16.385943972768995,-6.653069071949107,2.2678951098511693,16.11948189267777,38257.0,0,1.0,4118.0,True,2006,2010,0.6495624692683037
05893,YONDO,ANTIOQUIA,Andina,2014,24.36246595692003,22.490080325377324,1.8723856315427057,18.991097922848667,26.010404161664667,38257.0,0,1.0,4271.0,True,2006,2010,9.175017172760116
05895,ZARAGOZA,ANTIOQUIA,Andina,2014,16.53202538949798,17.956298017440677,-1.4242726279426954,3.11787072243346,45.77166140029935,38257.0,0,1.0,3838.0,True,2006,2010,5.878358913274715
08001,BARRANQUILLA,ATLANTICO,Caribe,2014,17.6956024708197,22.652724923321955,-4.957122452502254,23.814656814199743,9.102008982599576,1028.0,0,1.0,218653.0,True,2006,2010,2.345509088715156
08078,BARANOA,ATLANTICO,Caribe,2014,11.909234352693666,23.95795145687469,-12.048717104181023,27.015121630506243,14.277577059531946,1028.0,0,1.0,13788.0,True,2006,2010,-4.7460855629636125
08137,CAMPO DE LA CRUZ,ATLANTICO,Caribe,2014,3.0765185379963187,17.7830506665141,-14.706532128517782,6.9447176864056654,34.98027181060938,1028.0,0,1.0,3914.0,True,2006,2010,-7.403900587300372
08141,CANDELARIA,ATLANTICO,Caribe,2014,1.286549707602339,17.90516381949617,-16.61861411189383,7.606679035250464,32.96014330497089,1028.0,0,1.0,3486.0,True,2006,2010,-9.31598257067642
08296,GALAPA,ATLANTICO,Caribe,2014,9.108054138007544,24.713917586989623,-15.60586344898208,28.75297855440826,13.652888355691278,1028.0,0,1.0,9411.0,True,2006,2010,-8.303231907764669
08372,JUAN DE ACOSTA,ATLANTICO,Caribe,2014,9.397163120567376,17.792884589064474,-8.395721468497099,9.13766500942911,17.845761631612493,1028.0,0,1.0,4085.0,True,2006,2010,-1.0930899272796886
08421,LURUACO,ATLANTICO,Caribe,2014,5.3528431190961285,17.262361035491264,-11.909517916395135,6.691312384473198,24.834520924512606,1028.0,0,1.0,5616.0,True,2006,2010,-4.606886375177725
08433,MALAMBO,ATLANTICO,Caribe,2014,13.401278723808318,23.564654329048814,-10.163375605240496,25.888394699436013,12.915190803983158,1028.0,0,1.0,16588.0,True,2006,2010,-2.860744064023086
08436,MANATI,ATLANTICO,Caribe,2014,2.3415547923821416,16.604324030532293,-14.262769238150153,5.16318887105404,23.86523163313056,1028.0,0,1.0,3257.0,True,2006,2010,-6.960137696932742
08520,PALMAR DE VARELA,ATLANTICO,Caribe,2014,10.068365444375388,27.074868170903606,-17.00650272652822,35.179050323394854,18.16369476132462,1028.0,0,1.0,5030.0,True,2006,2010,-9.703871185310808
08549,PIOJO,ATLANTICO,Caribe,2014,1.8061408789885611,16.672452205471266,-14.866311326482705,5.69377990430622,20.51100070972321,1028.0,0,1.0,1697.0,True,2006,2010,-7.563679785265295
08558,POLONUEVO,ATLANTICO,Caribe,2014,10.709046454767726,24.4575157210203,-13.748469266252574,28.47748106815464,13.334566302940631,1028.0,0,1.0,4252.0,True,2006,2010,-6.4458377250351635
08560,PONEDERA,ATLANTICO,Caribe,2014,3.005966039467645,17.839837941724365,-14.833871902256721,8.396011894350183,23.21459080813258,1028.0,0,1.0,4460.0,True,2006,2010,-7.531240361039311
08573,PUERTO COLOMBIA,ATLANTICO,Caribe,2014,13.16074653822998,22.010078700606677,-8.849332162376697,22.061713836477985,9.170122743077377,1028.0,0,1.0,8722.0,True,2006,2010,-1.546700621159287
08606,REPELON,ATLANTICO,Caribe,2014,3.8051988725336674,18.626105662839365,-14.820906790305697,9.92298578199052,29.53233596418895,1028.0,0,1.0,6548.0,True,2006,2010,-7.518275249088287
08634,SABANAGRANDE,ATLANTICO,Caribe,2014,9.504197687311896,24.398960066790245,-14.89476237947835,27.78151637505608,16.332718577099808,1028.0,0,1.0,6715.0,True,2006,2010,-7.592130838260939
08638,SABANALARGA,ATLANTICO,Caribe,2014,5.319681456200227,21.011517066057756,-15.69183560985753,18.207492316637595,18.143103280127438,1028.0,0,1.0,22764.0,True,2006,2010,-8.389204068640119
08675,SANTA LUCIA,ATLANTICO,Caribe,2014,3.1783869686134287,17.756569097729248,-14.578182129115818,7.142857142857142,33.09090909090909,1028.0,0,1.0,2545.0,True,2006,2010,-7.275550587898408
08685,SANTO TOMAS,ATLANTICO,Caribe,2014,21.58974358974359,25.45003443501877,-3.8602908452751805,31.022727272727277,14.789593155229614,1028.0,0,1.0,6125.0,True,2006,2010,3.44234069594223
08758,SOLEDAD,ATLANTICO,Caribe,2014,18.521311215175807,24.89212678422023,-6.370815569044424,30.15550873201567,8.025927910402341,1028.0,0,1.0,53632.0,True,2006,2010,0.931815972172986
08770,SUAN,ATLANTICO,Caribe,2014,1.9724483406386977,16.065580783861826,-14.093132443223128,4.351795496043822,18.2734556733006,1028.0,0,1.0,3256.0,True,2006,2010,-6.790500902005718
08832,TUBARA,ATLANTICO,Caribe,2014,9.775546367395156,21.024468787540247,-11.24892242014509,18.22264240132356,16.13461236043403,1028.0,0,1.0,3469.0,True,2006,2010,-3.9462908789276803
08849,USIACURI,ATLANTICO,Caribe,2014,5.139005897219882,18.481018060912483,-13.342012163692601,11.168562564632884,13.601592790527087,1028.0,0,1.0,2445.0,True,2006,2010,-6.039380622475191
11001,BOGOTA DC,BOGOTA DC,Andina,2014,22.288715948803045,17.118414974597982,5.1703009742050625,8.702550870125297,3.471188356173964,1078.0,0,1.0,2508181.0,True,2006,2010,12.472932515422473
13001,CARTAGENA DE INDIAS,BOLIVAR,Caribe,2014,21.499841342594227,22.892253506948,-1.3924121643537717,23.185086815906917,12.489537193298377,10630.0,0,1.0,152657.0,True,2006,2010,5.910219376863639
13006,ACHI,BOLIVAR,Caribe,2014,2.753488372093023,17.963925028351312,-15.210436656258288,4.164752717807381,55.91603053435114,10630.0,0,1.0,5470.0,True,2006,2010,-7.907805115040878
13030,ALTOS DEL ROSARIO,BOLIVAR,Caribe,2014,5.277907519850538,17.740344032210853,-12.462436512360316,3.225806451612903,58.45265845265845,10630.0,0,1.0,2169.0,True,2006,2010,-5.159804971142906
13042,ARENAL,BOLIVAR,Caribe,2014,11.909514304723883,18.972505508070853,-7.06299120334697,9.612320764737122,36.26726182173246,10630.0,0,1.0,1542.0,True,2006,2010,0.2396403378704406
13052,ARJONA,BOLIVAR,Caribe,2014,14.607139693506957,21.86660140585797,-7.259461712351014,18.21445190454032,26.983606557377048,10630.0,0,1.0,12245.0,True,2006,2010,0.04316982886639664
13062,ARROYOHONDO,BOLIVAR,Caribe,2014,4.631217838765009,17.566113023031363,-12.934895184266354,4.997664642690332,41.87143211715066,10630.0,0,1.0,1789.0,True,2006,2010,-5.632263643048944
13074,BARRANCO DE LOBA,BOLIVAR,Caribe,2014,7.623568835520804,17.73867187122514,-10.115103035704337,4.760665972944849,47.01073779009352,10630.0,0,1.0,3699.0,True,2006,2010,-2.8124714944869265
13140,CALAMAR,BOLIVAR,Caribe,2014,5.761316872427984,17.969527422434343,-12.20821055000636,6.197274497079818,40.80263039365823,10630.0,0,1.0,5547.0,True,2006,2010,-4.9055790087889495
13160,CANTAGALLO,BOLIVAR,Caribe,2014,18.7871581450654,21.61849867206889,-2.831340527003487,16.599597585513077,39.35117835321501,10630.0,0,1.0,1737.0,True,2006,2010,4.471291014213923
13188,CICUCO,BOLIVAR,Caribe,2014,7.975260416666667,19.66182331363484,-11.686562896968173,11.855324849296718,33.9405487804878,10630.0,0,1.0,3132.0,True,2006,2010,-4.383931355750763
13212,CORDOBA,BOLIVAR,Caribe,2014,3.251886453467481,17.353841920378855,-14.101955466911374,5.984806373911432,29.949306296691567,10630.0,0,1.0,5643.0,True,2006,2010,-6.7993239256939635
13222,CLEMENCIA,BOLIVAR,Caribe,2014,8.004268943436498,20.53402699034871,-12.529758046912212,7.191892775416803,84.94320237320021,10630.0,0,1.0,2914.0,True,2006,2010,-5.227126505694802
13244,EL CARMEN DE BOLIVAR,BOLIVAR,Caribe,2014,2.669197461296637,17.330165840440014,-14.660968379143377,4.107529734270681,41.54595108050344,10630.0,0,1.0,17491.0,True,2006,2010,-7.358336837925966
13248,EL GUAMO,BOLIVAR,Caribe,2014,2.0444444444444447,16.633592372112254,-14.58914792766781,4.10814606741573,29.398295382266888,10630.0,0,1.0,2301.0,True,2006,2010,-7.2865163864503995
13268,EL PENON,BOLIVAR,Caribe,2014,7.592800899887514,21.191890730985627,-13.599089831098112,14.501108647450112,47.87116394802322,10630.0,0,1.0,1804.0,True,2006,2010,-6.296458289880702
13300,HATILLO DE LOBA,BOLIVAR,Caribe,2014,7.944208611279563,18.66599582624605,-10.721787214966486,6.994127068873465,50.45029736618522,10630.0,0,1.0,3342.0,True,2006,2010,-3.419155673749076
13430,MAGANGUE,BOLIVAR,Caribe,2014,8.413863256557438,25.14840802962616,-16.734544773068723,28.359905564137687,26.45072212503236,10630.0,0,1.0,28544.0,True,2006,2010,-9.431913231851313
13433,MAHATES,BOLIVAR,Caribe,2014,7.441305212892956,18.822180124545252,-11.380874911652295,9.99512432959532,28.63960887785193,10630.0,0,1.0,5147.0,True,2006,2010,-4.078243370434885
13440,MARGARITA,BOLIVAR,Caribe,2014,8.903278025091057,17.558124387486398,-8.654846362395341,5.687047994740302,36.69753086419753,10630.0,0,1.0,2522.0,True,2006,2010,-1.352214821177931
13442,MARIA LA BAJA,BOLIVAR,Caribe,2014,5.270214521452146,18.648008914174657,-13.37779439272251,7.272249934365975,46.59870700116944,10630.0,0,1.0,10025.0,True,2006,2010,-6.0751628515051
13458,MONTECRISTO,BOLIVAR,Caribe,2014,1.7899199246349504,18.167278135430706,-16.377358210795755,3.6687048360200114,63.11061618411284,10630.0,0,1.0,2168.0,True,2006,2010,-9.074726669578345
13468,SANTA CRUZ DE MOMPOX,BOLIVAR,Caribe,2014,13.45952851004529,19.914922850566555,-6.455394340521265,13.175735950044604,29.19762086602328,10630.0,0,1.0,8907.0,True,2006,2010,0.8472372006961457
13473,MORALES,BOLIVAR,Caribe,2014,4.4324324324324325,19.348777460143726,-14.916345027711294,7.303651825912956,58.68936716993254,10630.0,0,1.0,3779.0,True,2006,2010,-7.613713486493884
13490,NOROSI,BOLIVAR,Caribe,2014,4.731574158325751,18.607882119010906,-13.876307960685155,4.481434058898848,66.32860040567951,10630.0,0,1.0,1130.0,True,2006,2010,-6.573676419467745
13549,PINILLOS,BOLIVAR,Caribe,2014,5.830355463607297,19.1008881175468,-13.270532653939501,6.580211335254563,62.36669664653733,10630.0,0,1.0,5447.0,True,2006,2010,-5.967901112722091
13580,REGIDOR,BOLIVAR,Caribe,2014,3.4134007585335016,21.518459642413028,-18.105058883879526,17.908578584846587,27.010309278350515,10630.0,0,1.0,1604.0,True,2006,2010,-10.802427342662115
13600,RIO VIEJO,BOLIVAR,Caribe,2014,5.876494023904383,17.87651847661535,-12.000024452710967,5.42317173377157,43.53230769230769,10630.0,0,1.0,2060.0,True,2006,2010,-4.697392911493557
13620,SAN CRISTOBAL,BOLIVAR,Caribe,2014,3.7698412698412698,18.082760440852788,-14.312919171011519,8.639787328311918,25.596994902066005,10630.0,0,1.0,2047.0,True,2006,2010,-7.010287629794108
13647,SAN ESTANISLAO,BOLIVAR,Caribe,2014,6.425800193986421,18.53932836897825,-12.113528174991828,8.758144883096971,32.85506719941882,10630.0,0,1.0,4290.0,True,2006,2010,-4.8108966337744175
13650,SAN FERNANDO,BOLIVAR,Caribe,2014,7.203179334326876,19.64507080759361,-12.441891473266733,11.03565365025467,40.73240589198036,10630.0,0,1.0,2067.0,True,2006,2010,-5.139259932049322
13654,SAN JACINTO,BOLIVAR,Caribe,2014,4.15497661990648,20.109444951923805,-15.954468332017324,4.944512946979039,93.44401511613096,10630.0,0,1.0,7711.0,True,2006,2010,-8.651836790799914
13655,SAN JACINTO DEL CAUCA,BOLIVAR,Caribe,2014,4.460580912863071,18.383187600443506,-13.922606687580435,4.1046459179070816,65.04517885876965,10630.0,0,1.0,1969.0,True,2006,2010,-6.619975146363025
13657,SAN JUAN NEPOMUCENO,BOLIVAR,Caribe,2014,5.0,17.827575151113003,-12.827575151113003,5.96049951288637,38.39094092398057,10630.0,0,1.0,8652.0,True,2006,2010,-5.524943609895592
13667,SAN MARTIN DE LOBA,BOLIVAR,Caribe,2014,12.419627749576987,19.600195458533527,-7.18056770895654,10.217842323651452,45.589959313150814,10630.0,0,1.0,3031.0,True,2006,2010,0.1220638322608707
13670,SAN PABLO,BOLIVAR,Caribe,2014,13.507828931993457,19.71816029152248,-6.2103313595290235,11.088141326818269,39.07422512234911,10630.0,0,1.0,4830.0,True,2006,2010,1.0923001816883868
13673,SANTA CATALINA,BOLIVAR,Caribe,2014,9.034482758620689,22.51286933533357,-13.47838657671288,16.51537335285505,57.78189329724339,10630.0,0,1.0,2992.0,True,2006,2010,-6.17575503549547
13683,SANTA ROSA,BOLIVAR,Caribe,2014,7.627593942793045,21.52483473892493,-13.897240796131886,11.65440303821505,70.91156462585035,10630.0,0,1.0,2241.0,True,2006,2010,-6.5946092549144755
13688,SANTA ROSA DEL SUR,BOLIVAR,Caribe,2014,12.48778899381309,16.459346118904183,-3.971557125091092,2.6881720430107525,28.056736548893124,10630.0,0,1.0,6541.0,True,2006,2010,3.3310744161263184
13744,SIMITI,BOLIVAR,Caribe,2014,13.101301641199772,17.89526660171645,-4.7939649605166785,6.508739650413983,34.59119496855346,10630.0,0,1.0,3708.0,True,2006,2010,2.508666580700732
13760,SOPLAVIENTO,BOLIVAR,Caribe,2014,9.556057185854025,23.12830177997675,-13.572244594122724,22.105608396195475,28.289974964623926,10630.0,0,1.0,2723.0,True,2006,2010,-6.269613052905314
13780,TALAIGUA NUEVO,BOLIVAR,Caribe,2014,5.555555555555555,17.739890630561682,-12.184335075006127,7.454251883745963,26.344881276761384,10630.0,0,1.0,3176.0,True,2006,2010,-4.881703533788716
13810,TIQUISIO,BOLIVAR,Caribe,2014,3.45252774352651,17.86104424090708,-14.408516497380571,3.0132939438700146,60.31365107712914,10630.0,0,1.0,3326.0,True,2006,2010,-7.105884956163161
13836,TURBACO,BOLIVAR,Caribe,2014,17.517866480739062,20.841262109109007,-3.323395628369944,16.771196283391404,17.193535271396627,10630.0,0,1.0,12392.0,True,2006,2010,3.979235912847466
13838,TURBANA,BOLIVAR,Caribe,2014,8.84297520661157,20.874431185467984,-12.031455978856414,12.745936698032509,48.56536284096757,10630.0,0,1.0,3798.0,True,2006,2010,-4.728824437639004
13873,VILLANUEVA,BOLIVAR,Caribe,2014,8.531409168081494,18.582334284626086,-10.050925116544592,7.651670074982958,39.92902767920511,10630.0,0,1.0,4923.0,True,2006,2010,-2.7482935753271818
13894,ZAMBRANO,BOLIVAR,Caribe,2014,2.60577915376677,19.88256037367682,-17.27678121991005,11.150394343214575,41.91079440485616,10630.0,0,1.0,3970.0,True,2006,2010,-9.974149678692639
15001,TUNJA,BOYACA,Andina,2014,34.22407003791278,16.575822252078968,17.648247785833814,7.141092167037312,3.6320047947258014,873.0,0,1.0,58595.0,True,2006,2010,24.950879327051226
15022,ALMEIDA,BOYACA,Andina,2014,8.357348703170029,14.953909597936835,-6.596560894766807,2.375809935205184,7.458912768647282,873.0,0,1.0,735.0,True,2006,2010,0.7060706464506037
15047,AQUITANIA,BOYACA,Andina,2014,7.678278314791173,14.795671086072257,-7.117392771281084,1.270665391446919,13.001443001443002,873.0,0,1.0,5692.0,True,2006,2010,0.18523876993632626
15051,ARCABUCO,BOYACA,Andina,2014,17.12989222915485,16.03982116615949,1.09007106299536,4.298535663675012,8.9407013034698,873.0,0,1.0,1943.0,True,2006,2010,8.39270260421277
15087,BELEN,BOYACA,Andina,2014,20.11090573012939,16.122909801465262,3.9879959286641267,5.011587485515643,7.634526085768916,873.0,0,1.0,2907.0,True,2006,2010,11.290627469881537
15090,BERBEO,BOYACA,Andina,2014,19.53488372093023,16.573937466857284,2.9609462540729474,4.139715394566624,15.048543689320388,873.0,0,0.964,482.0,True,2006,2010,10.263577795290358
15092,BETEITIVA,BOYACA,Andina,2014,14.20289855072464,16.37465244124728,-2.1717538905226412,4.462242562929062,11.134564643799472,873.0,0,1.0,746.0,True,2006,2010,5.130877650694769
15097,BOAVITA,BOYACA,Andina,2014,9.43579766536965,16.030107845294275,-6.594310179924625,3.4194831013916502,19.748580697485806,873.0,0,1.0,2132.0,True,2006,2010,0.7083213612927857
15104,BOYACA,BOYACA,Andina,2014,24.6485473289597,15.720860172080004,8.927687156879697,3.225806451612903,11.225402504472273,873.0,0,1.0,1139.0,True,2006,2010,16.230318698097108
15106,BRICENO,BOYACA,Andina,2014,5.090909090909091,15.041183469608631,-9.95027437869954,1.3157894736842104,15.61429270680372,873.0,0,1.0,859.0,True,2006,2010,-2.6476428374821293
15109,BUENAVISTA,BOYACA,Andina,2014,7.010656197420079,15.233864343071907,-8.223208145651828,2.3086789226165028,14.599056603773583,873.0,0,1.0,1865.0,True,2006,2010,-0.9205766044344177
15114,BUSBANZA,BOYACA,Andina,2014,10.27027027027027,17.0769388038563,-6.806668533586031,7.216494845360824,10.379464285714286,873.0,0,0.776,388.0,True,2006,2010,0.4959630076313797
15131,CALDAS,BOYACA,Andina,2014,15.94488188976378,16.750288750297525,-0.8054068605337452,6.370192307692308,15.3322528363047,873.0,0,1.0,1125.0,True,2006,2010,6.497224680683665
15135,CAMPOHERMOSO,BOYACA,Andina,2014,7.040913415794481,15.584139119746697,-8.543225703952215,1.664254703328509,20.73937153419593,873.0,0,1.0,1102.0,True,2006,2010,-1.240594162734805
15162,CERINZA,BOYACA,Andina,2014,24.8868778280543,18.15185618541583,6.735021642638468,10.232809962100704,8.608360836083609,873.0,0,1.0,1667.0,True,2006,2010,14.037653183855879
15172,CHINAVITA,BOYACA,Andina,2014,11.971830985915492,15.295558633743354,-3.3237276478278623,2.7149321266968327,13.359319631467043,873.0,0,1.0,1182.0,True,2006,2010,3.978903893389548
15176,CHIQUINQUIRA,BOYACA,Andina,2014,19.42697828923953,16.036969689226673,3.3900086000128553,5.547071284299719,5.280662854475435,873.0,0,1.0,18273.0,True,2006,2010,10.692640141230266
15180,CHISCAS,BOYACA,Andina,2014,5.256064690026954,15.6458340469997,-10.389769356972746,1.5463917525773196,28.826317256760525,873.0,0,1.0,1538.0,True,2006,2010,-3.0871378157553355
15183,CHITA,BOYACA,Andina,2014,5.836018617973505,16.179047108166934,-10.34302849019343,1.0895170789163722,42.7278603749192,873.0,0,1.0,2912.0,True,2006,2010,-3.040396948976019
15185,CHITARAQUE,BOYACA,Andina,2014,7.737321196358908,15.978564002595064,-8.241242806236155,3.260869565217391,22.92040694195093,873.0,0,1.0,1610.0,True,2006,2010,-0.9386112650187446
15187,CHIVATA,BOYACA,Andina,2014,17.481884057971016,16.4607297236306,1.021154334340416,4.601899196493791,20.553359683794465,873.0,0,1.0,1155.0,True,2006,2010,8.323785875557826
15189,CIENEGA,BOYACA,Andina,2014,6.98356807511737,14.903701540235152,-7.920133465117782,1.4664143803216652,9.995547640249333,873.0,0,1.0,1786.0,True,2006,2010,-0.6175019239003721
15204,COMBITA,BOYACA,Andina,2014,24.50354609929078,16.094354719147603,8.409191380143177,4.756667583172945,10.523498554758593,873.0,0,1.0,3026.0,True,2006,2010,15.711822921360588
15212,COPER,BOYACA,Andina,2014,5.128205128205128,14.864314067332668,-9.73610893912754,1.0372178157413057,13.845644253063927,873.0,0,1.0,1353.0,True,2006,2010,-2.4334773979101296
15215,CORRALES,BOYACA,Andina,2014,22.255489021956087,16.433169936843992,5.822319085112095,5.487305487305488,14.602662363856394,873.0,0,1.0,1080.0,True,2006,2010,13.124950626329506
15218,COVARACHIA,BOYACA,Andina,2014,4.576271186440678,15.677026352682851,-11.100755166242173,1.9417475728155336,26.831148804934465,873.0,0,1.0,1207.0,True,2006,2010,-3.798123625024763
15223,CUBARA,BOYACA,Andina,2014,18.83067577828398,19.91848340032734,-1.0878076220433606,7.781201848998459,61.10440555220278,873.0,0,1.0,1456.0,True,2006,2010,6.21482391917405
15224,CUCAITA,BOYACA,Andina,2014,20.88323353293413,15.267647759278228,5.615585773655903,2.2938623682579045,10.962962962962964,873.0,0,1.0,1412.0,True,2006,2010,12.918217314873313
15226,CUITIVA,BOYACA,Andina,2014,12.910798122065728,15.814700786956093,-2.9039026648903654,4.655674102812803,9.582309582309582,873.0,0,1.0,886.0,True,2006,2010,4.398728876327045
15232,CHIQUIZA,BOYACA,Andina,2014,18.20040899795501,15.426034313165374,2.7743746847896347,1.5138023152270703,17.759374281113413,873.0,0,1.0,1192.0,True,2006,2010,10.077006226007045
15236,CHIVOR,BOYACA,Andina,2014,3.48993288590604,14.968778664290813,-11.478845778384773,0.8663366336633664,16.836428999400837,873.0,0,1.0,773.0,True,2006,2010,-4.176214237167363
15238,DUITAMA,BOYACA,Andina,2014,30.40799459012698,16.543166904276816,13.864827685850162,7.155499913659126,3.382817786991271,873.0,0,1.0,43194.0,True,2006,2010,21.167459227067575
15244,EL COCUY,BOYACA,Andina,2014,7.138304652644997,15.583920447602893,-8.445615794957895,0.6635071090047393,30.89574898785425,873.0,0,1.0,1677.0,True,2006,2010,-1.1429842537404848
15248,EL ESPINO,BOYACA,Andina,2014,2.81195079086116,14.629329857396371,-11.81737906653521,1.129518072289157,13.130535232961108,873.0,0,1.0,1158.0,True,2006,2010,-4.5147475253178
15272,FIRAVITOBA,BOYACA,Andina,2014,31.978609625668447,16.469782344771914,15.508827280896533,6.166666666666667,6.530737390771118,873.0,0,1.0,1974.0,True,2006,2010,22.81145882211394
15276,FLORESTA,BOYACA,Andina,2014,9.492273730684326,15.969253135782242,-6.476979405097916,3.473491773308958,15.67211055276382,873.0,0,1.0,1421.0,True,2006,2010,0.8256521361194942
15293,GACHANTIVA,BOYACA,Andina,2014,12.90893015030946,15.162281655197717,-2.253351504888256,2.403846153846154,10.459183673469388,873.0,0,1.0,1196.0,True,2006,2010,5.049280036329154
15296,GAMEZA,BOYACA,Andina,2014,12.600536193029493,15.446000496322934,-2.8454643032934417,2.803308823529412,14.630261660978384,873.0,0,1.0,1581.0,True,2006,2010,4.457167237923969
15299,GARAGOA,BOYACA,Andina,2014,18.14214463840399,15.529398324379194,2.612746314024797,3.801708256573439,7.312012592115619,873.0,0,1.0,5197.0,True,2006,2010,9.915377855242207
15317,GUACAMAYAS,BOYACA,Andina,2014,3.717948717948718,14.933828839829257,-11.215880121880538,2.050113895216401,11.678004535147393,873.0,0,1.0,799.0,True,2006,2010,-3.9132485806631276
15322,GUATEQUE,BOYACA,Andina,2014,15.82755501959602,15.572345045625699,0.2552099739703202,3.9418212478920736,6.778816199376947,873.0,0,1.0,3641.0,True,2006,2010,7.5578415151877305
15325,GUAYATA,BOYACA,Andina,2014,6.5015479876161,15.244003812413453,-8.742455824797354,2.9356943150046595,9.9384914211719,873.0,0,1.0,1682.0,True,2006,2010,-1.4398242835799433
15332,GUICAN DE LA SIERRA,BOYACA,Andina,2014,7.519325368938862,16.54403855610149,-9.024713187162629,3.5734870317002883,29.744897959183675,873.0,0,1.0,1513.0,True,2006,2010,-1.7220816459452184
15362,IZA,BOYACA,Andina,2014,21.205357142857142,15.312949926049875,5.892407216807268,3.582395087001024,8.539094650205762,873.0,0,1.0,936.0,True,2006,2010,13.195038758024678
15367,JENESANO,BOYACA,Andina,2014,20.77596996245307,15.977181358082733,4.798788604370335,3.9030955585464335,12.11160431198478,873.0,0,1.0,1733.0,True,2006,2010,12.101420145587745
15368,JERICO,BOYACA,Andina,2014,6.254826254826256,15.98609432236087,-9.731268067534614,1.4772727272727273,36.07344632768361,873.0,0,1.0,1351.0,True,2006,2010,-2.428636526317204
15377,LABRANZAGRANDE,BOYACA,Andina,2014,6.382978723404255,16.274704214063966,-9.891725490659711,2.194586686174104,37.00813008130081,873.0,0,1.0,1111.0,True,2006,2010,-2.589093949442301
15380,LA CAPILLA,BOYACA,Andina,2014,16.205128205128204,14.622481163338609,1.5826470417895955,1.531393568147014,7.136602451838879,873.0,0,1.0,1044.0,True,2006,2010,8.885278583007006
15401,LA VICTORIA,BOYACA,Andina,2014,2.9684601113172544,15.716373459097362,-12.747913347780107,2.861230329041488,16.84100418410042,873.0,0,1.0,559.0,True,2006,2010,-5.445281806562697
15403,LA UVITA,BOYACA,Andina,2014,4.062229904926534,14.713441044811098,-10.651211139884564,0.8468595624558928,13.121845710165823,873.0,0,1.0,1200.0,True,2006,2010,-3.348579598667154
15407,VILLA DE LEYVA,BOYACA,Andina,2014,18.70674740484429,15.291116967030813,3.4156304378134763,2.9069767441860463,8.270834793579589,873.0,0,1.0,4998.0,True,2006,2010,10.718261979030887
15425,MACANAL,BOYACA,Andina,2014,11.9434628975265,14.818186144015117,-2.8747232464886174,2.0030816640986133,7.878270762229807,873.0,0,1.0,1505.0,True,2006,2010,4.427908294728793
15442,MARIPI,BOYACA,Andina,2014,4.400185270958777,15.789880774182777,-11.389695503224,1.5675097969362308,32.03212551363467,873.0,0,1.0,2234.0,True,2006,2010,-4.0870639620065905
15455,MIRAFLORES,BOYACA,Andina,2014,21.43508665247796,17.252361186836133,4.182725465641827,5.104808877928484,7.683863885839736,873.0,0,1.0,3825.0,True,2006,2010,11.485357006859237
15464,MONGUA,BOYACA,Andina,2014,7.965860597439544,15.245900647786092,-7.280040050346548,1.6835016835016834,20.813953488372093,873.0,0,1.0,2182.0,True,2006,2010,0.02259149087086243
15466,MONGUI,BOYACA,Andina,2014,33.61702127659574,16.107358653812206,17.509662622783537,4.505437597099949,12.066752246469832,873.0,0,1.0,1712.0,True,2006,2010,24.812294164000946
15469,MONIQUIRA,BOYACA,Andina,2014,24.414031775994964,17.396162381385977,7.0178693946089865,8.449043751637412,9.832099482266417,873.0,0,1.0,6878.0,True,2006,2010,14.320500935826397
15476,MOTAVITA,BOYACA,Andina,2014,26.411865373645178,16.29485105416906,10.117014319476116,4.820261437908497,15.269804822043628,873.0,0,1.0,1943.0,True,2006,2010,17.419645860693528
15480,MUZO,BOYACA,Andina,2014,7.14828897338403,16.175387077061423,-9.027098103677393,3.0181086519114686,23.06242934304736,873.0,0,1.0,2840.0,True,2006,2010,-1.7244665624599822
15491,NOBSA,BOYACA,Andina,2014,40.1989876069122,17.062501397715174,23.136486209197024,8.570075757575758,4.033854344413351,873.0,0,1.0,6109.0,True,2006,2010,30.439117750414432
15494,NUEVO COLON,BOYACA,Andina,2014,23.61308677098151,15.596182939707802,8.016903831273709,2.5961538461538463,15.215654952076678,873.0,0,1.0,1591.0,True,2006,2010,15.319535372491119
15500,OICATA,BOYACA,Andina,2014,26.610348468849,15.466952071020525,11.143396397828475,3.754266211604096,6.614229531641044,873.0,0,1.0,998.0,True,2006,2010,18.446027939045884
15507,OTANCHE,BOYACA,Andina,2014,5.960264900662252,15.710848004206802,-9.75058310354455,1.5024038461538465,27.571898697953927,873.0,0,1.0,2712.0,True,2006,2010,-2.4479515623271393
15511,PACHAVITA,BOYACA,Andina,2014,10.209102091020911,15.317627010863593,-5.108524919842681,2.9516994633273703,8.624502432551969,873.0,0,1.0,858.0,True,2006,2010,2.194106621374729
15514,PAEZ,BOYACA,Andina,2014,3.61952861952862,15.175586400646601,-11.556057781117982,1.815431164901664,13.23076923076923,873.0,0,1.0,1250.0,True,2006,2010,-4.253426239900572
15516,PAIPA,BOYACA,Andina,2014,22.169188585355943,16.422961593787953,5.74622699156799,6.581109632991628,5.116249155867125,873.0,0,1.0,10953.0,True,2006,2010,13.0488585327854
15518,PAJARITO,BOYACA,Andina,2014,8.786610878661087,14.913176762208643,-6.126565883547556,1.762632197414806,11.347150259067355,873.0,0,1.0,739.0,True,2006,2010,1.176065657669854
15522,PANQUEBA,BOYACA,Andina,2014,4.028776978417266,15.712729217985071,-11.683952239567805,3.2828282828282838,15.19456454601606,873.0,0,1.0,711.0,True,2006,2010,-4.381320698350395
15531,PAUNA,BOYACA,Andina,2014,7.336343115124154,15.833915246684064,-8.49757213155991,2.228490832157969,25.948072383949647,873.0,0,1.0,2842.0,True,2006,2010,-1.1949405903424992
15533,PAYA,BOYACA,Andina,2014,6.200317965023848,18.14760657932969,-11.947288614305842,3.3057851239669422,59.34012615235323,873.0,0,1.0,663.0,True,2006,2010,-4.644657073088432
15537,PAZ DE RIO,BOYACA,Andina,2014,31.78683385579937,16.988184211481347,14.798649644318022,7.512953367875648,7.103960396039604,873.0,0,1.0,1718.0,True,2006,2010,22.101281185535434
15542,PESCA,BOYACA,Andina,2014,14.09731696225557,15.356917020021328,-1.2596000577657573,2.540156892043332,12.855844942459116,873.0,0,1.0,2322.0,True,2006,2010,6.043031483451653
15550,PISBA,BOYACA,Andina,2014,7.53880266075388,16.325957003972835,-8.787154343218955,2.880658436213992,34.007585335018966,873.0,0,0.942,471.0,True,2006,2010,-1.4845228020015444
15572,PUERTO BOYACA,BOYACA,Andina,2014,13.725490196078432,17.826598955624995,-4.1011087595465625,8.013652890109075,14.207278337417188,873.0,0,1.0,13279.0,True,2006,2010,3.201522781670848
15580,QUIPAMA,BOYACA,Andina,2014,5.930359085963003,16.67473331583865,-10.744374229875648,2.080624187256177,40.46256556986171,873.0,0,1.0,1938.0,True,2006,2010,-3.4417426886582376
15599,RAMIRIQUI,BOYACA,Andina,2014,15.767634854771783,15.155752425387726,0.6118824293840568,1.8958483321334292,12.220943613348677,873.0,0,1.0,3390.0,True,2006,2010,7.914513970601467
15600,RAQUIRA,BOYACA,Andina,2014,13.85,15.906435943978622,-2.056435943978622,3.77992440151197,14.03725006847439,873.0,0,1.0,2152.0,True,2006,2010,5.246195597238788
15621,RONDON,BOYACA,Andina,2014,7.362637362637363,14.948117961841545,-7.585480599204182,1.9891500904159127,7.9113924050632916,873.0,0,1.0,972.0,True,2006,2010,-0.2828490579867715
15632,SABOYA,BOYACA,Andina,2014,12.244355909694557,16.390237582512963,-4.1458816728184065,4.889165112906567,15.993190574321297,873.0,0,1.0,4097.0,True,2006,2010,3.156749868399004
15638,SACHICA,BOYACA,Andina,2014,20.0583515681984,15.043009363060513,5.0153422051378875,1.7113519680547633,9.019282604188264,873.0,0,1.0,1482.0,True,2006,2010,12.317973746355298
15646,SAMACA,BOYACA,Andina,2014,21.947294306980485,15.457381087666242,6.489913219314243,3.0701128087962304,9.282241921647126,873.0,0,1.0,5667.0,True,2006,2010,13.792544760531653
15660,SAN EDUARDO,BOYACA,Andina,2014,10.471204188481677,17.023264315283413,-6.552060126801736,3.689064558629776,12.066752246469832,873.0,0,1.0,650.0,True,2006,2010,0.7505714144156741
15664,SAN JOSE DE PARE,BOYACA,Andina,2014,7.702100572883514,15.773419703226882,-8.071319130343369,3.200371057513915,17.711464147702877,873.0,0,1.0,1689.0,True,2006,2010,-0.7686875891259586
15667,SAN LUIS DE GACENO,BOYACA,Andina,2014,8.44559585492228,15.272384177086952,-6.826788322164672,2.17735550277118,15.284516982796648,873.0,0,1.0,2008.0,True,2006,2010,0.47584321905273796
15673,SAN MATEO,BOYACA,Andina,2014,3.664302600472813,15.033647285121484,-11.36934468464867,0.963000506842372,20.471726640459632,873.0,0,1.0,1733.0,True,2006,2010,-4.06671314343126
15676,SAN MIGUEL DE SEMA,BOYACA,Andina,2014,7.799442896935933,15.333804380233875,-7.534361483297943,3.074866310160428,8.89348500517063,873.0,0,1.0,1144.0,True,2006,2010,-0.23172994208053233
15681,SAN PABLO DE BORBUR,BOYACA,Andina,2014,4.6028880866426,15.582743041852897,-10.979854955210296,2.1255060728744937,22.5501973571306,873.0,0,1.0,2329.0,True,2006,2010,-3.677223413992886
15686,SANTANA,BOYACA,Andina,2014,9.742647058823527,15.495131798584602,-5.7524847397610746,2.4833209785025945,15.357509910438996,873.0,0,1.0,2293.0,True,2006,2010,1.5501468014563358
15690,SANTA MARIA,BOYACA,Andina,2014,13.658146964856227,15.312008913129057,-1.65386194827283,2.3902167871039466,10.830908503071452,873.0,0,1.0,1402.0,True,2006,2010,5.64876959294458
15693,SANTA ROSA DE VITERBO,BOYACA,Andina,2014,15.384615384615383,15.821933328295557,-0.4373179436801742,4.922737306843268,6.295511107014471,873.0,0,1.0,4161.0,True,2006,2010,6.865313597537236
15696,SANTA SOFIA,BOYACA,Andina,2014,7.02656383890317,14.788724572817259,-7.762160733914088,1.6839378238341969,10.054719562243502,873.0,0,1.0,1247.0,True,2006,2010,-0.459529192696678
15720,SATIVANORTE,BOYACA,Andina,2014,6.136363636363637,15.400966217842278,-9.264602581478641,1.7937219730941705,21.16076014381099,873.0,0,1.0,912.0,True,2006,2010,-1.961971040261231
15723,SATIVASUR,BOYACA,Andina,2014,9.51219512195122,15.178274832815362,-5.666079710864141,2.7777777777777777,7.662835249042145,873.0,0,0.866,433.0,True,2006,2010,1.6365518303532696
15740,SIACHOQUE,BOYACA,Andina,2014,17.74133432724562,16.24267914595113,1.4986551812944917,3.669724770642202,19.777410136862684,873.0,0,1.0,2861.0,True,2006,2010,8.801286722511902
15753,SOATA,BOYACA,Andina,2014,8.033604620635337,15.173066473450056,-7.139461852814719,3.005530175522962,7.592242194891202,873.0,0,1.0,3973.0,True,2006,2010,0.1631696884026912
15755,SOCOTA,BOYACA,Andina,2014,8.333333333333332,15.568656574345034,-7.235323241011702,1.3579049466537343,27.30974445380511,873.0,0,1.0,2494.0,True,2006,2010,0.067308300205708
15757,SOCHA,BOYACA,Andina,2014,25.50239234449761,15.813542410460489,9.688849934037123,3.852889667250438,9.016940109377083,873.0,0,1.0,2292.0,True,2006,2010,16.99148147525453
15759,SOGAMOSO,BOYACA,Andina,2014,35.157338457842904,16.45198571409785,18.705352743745053,6.804163045551857,3.593215233090383,873.0,0,1.0,44421.0,True,2006,2010,26.00798428496246
15761,SOMONDOCO,BOYACA,Andina,2014,18.35443037974684,14.846428950330514,3.5080014294163266,1.8613607188703467,8.925549915397632,873.0,0,1.0,1161.0,True,2006,2010,10.810632970633737
15762,SORA,BOYACA,Andina,2014,18.14780168381665,16.15162307052634,1.9961786132903079,3.184230477634572,14.810518174787315,873.0,0,1.0,1188.0,True,2006,2010,9.298810154507718
15763,SOTAQUIRA,BOYACA,Andina,2014,14.05176967776017,15.654498848606504,-1.6027291708463345,2.749266862170088,18.35785238274865,873.0,0,1.0,2005.0,True,2006,2010,5.699902370371076
15764,SORACA,BOYACA,Andina,2014,19.833625218914182,15.331120766370319,4.502504452543864,2.4475524475524475,11.300785250938889,873.0,0,1.0,2402.0,True,2006,2010,11.805135993761274
15774,SUSACON,BOYACA,Andina,2014,5.018587360594796,15.41345996315555,-10.394872602560753,2.2428460943542152,14.990215264187867,873.0,0,1.0,1132.0,True,2006,2010,-3.0922410613433424
15776,SUTAMARCHAN,BOYACA,Andina,2014,8.80853036624942,14.939090420885947,-6.130560054636527,1.7221135029354209,11.138140747176369,873.0,0,1.0,2294.0,True,2006,2010,1.172071486580883
15778,SUTATENZA,BOYACA,Andina,2014,11.221590909090908,15.342883228596381,-4.121292319505473,2.9548989113530326,11.749497270899166,873.0,0,1.0,1513.0,True,2006,2010,3.181339221711937
15790,TASCO,BOYACA,Andina,2014,23.42121397915389,15.94958535263688,7.47162862651701,3.7597432370472257,10.75875486381323,873.0,0,1.0,1743.0,True,2006,2010,14.77426016773442
15798,TENZA,BOYACA,Andina,2014,9.692671394799056,15.24846618781613,-5.555794793017073,2.5231719876416063,9.39871570344425,873.0,0,1.0,1394.0,True,2006,2010,1.7468367482003373
15804,TIBANA,BOYACA,Andina,2014,21.48837209302325,15.781557442941427,5.706814650081824,2.838221381267739,14.587791063561989,873.0,0,1.0,2332.0,True,2006,2010,13.009446191299235
15806,TIBASOSA,BOYACA,Andina,2014,27.702349869451695,16.311671352183172,11.390678517268523,6.099677659310688,6.997005172883202,873.0,0,1.0,4120.0,True,2006,2010,18.693310058485935
15808,TINJACA,BOYACA,Andina,2014,15.017064846416384,16.853899850913713,-1.8368350044973294,6.451612903225806,11.885674451028232,873.0,0,1.0,1252.0,True,2006,2010,5.465796536720081
15810,TIPACOQUE,BOYACA,Andina,2014,5.593869731800766,15.815508543381736,-10.22163881158097,2.3521932612841705,24.41344324667089,873.0,0,1.0,1374.0,True,2006,2010,-2.9190072703635597
15814,TOCA,BOYACA,Andina,2014,22.708719851576998,16.250082883902785,6.458636967674213,4.885454043610268,9.888595383025152,873.0,0,1.0,2939.0,True,2006,2010,13.761268508891623
15816,TOGUI,BOYACA,Andina,2014,9.34959349593496,16.224706621615546,-6.875113125680587,2.837684449489217,25.35511363636364,873.0,0,1.0,1346.0,True,2006,2010,0.4275184155368237
15820,TOPAGA,BOYACA,Andina,2014,17.707618393960193,16.13929870470986,1.568319689250334,4.880883207437536,12.149532710280374,873.0,0,1.0,1534.0,True,2006,2010,8.870951230467744
15822,TOTA,BOYACA,Andina,2014,8.333333333333332,15.563835968168558,-7.230502634835226,2.613565650280025,16.71081677704194,873.0,0,1.0,1604.0,True,2006,2010,0.07212890638218461
15832,TUNUNGUA,BOYACA,Andina,2014,7.524752475247524,16.188230113944567,-8.663477638697042,4.0,20.9043250327654,873.0,0,1.0,536.0,True,2006,2010,-1.360846097479632
15835,TURMEQUE,BOYACA,Andina,2014,36.32632119035403,16.11168153769748,20.21463965265655,4.323094425483505,12.133676092544988,873.0,0,1.0,2201.0,True,2006,2010,27.51727119387396
15837,TUTA,BOYACA,Andina,2014,22.760963557751698,16.30013072854896,6.460832829202737,5.261692650334076,11.727864423431168,873.0,0,1.0,3401.0,True,2006,2010,13.763464370420147
15839,TUTAZA,BOYACA,Andina,2014,22.038216560509557,16.442769640974547,5.595446919535011,4.976958525345622,15.997770345596432,873.0,0,1.0,874.0,True,2006,2010,12.898078460752421
15842,UMBITA,BOYACA,Andina,2014,7.874293785310734,15.098435422003718,-7.224141636692983,2.07223208999408,10.195510499637944,873.0,0,1.0,3004.0,True,2006,2010,0.07848990452442717
15861,VENTAQUEMADA,BOYACA,Andina,2014,21.73158025303895,15.490863690932537,6.240716562106412,3.0421377183967118,6.705309861170746,873.0,0,1.0,4289.0,True,2006,2010,13.543348103323822
15879,VIRACACHA,BOYACA,Andina,2014,9.34065934065934,15.272535814173681,-5.931876473514341,1.6679302501895377,13.24554608830364,873.0,0,1.0,1166.0,True,2006,2010,1.3707550677030689
15897,ZETAQUIRA,BOYACA,Andina,2014,14.094558429973238,15.787247179451297,-1.6926887494780587,2.5106837606837606,19.405430711610485,873.0,0,1.0,1246.0,True,2006,2010,5.609942791739352
17001,MANIZALES,CALDAS,Andina,2014,19.67953617440283,15.825992243469562,3.8535439309332684,4.074556950341517,6.20234552243708,1533.0,0,1.0,161894.0,True,2006,2010,11.156175472150679
17013,AGUADAS,CALDAS,Andina,2014,5.505558496559026,15.319616635264765,-9.81405813870574,2.158864249677344,11.006090133982948,1533.0,0,1.0,8213.0,True,2006,2010,-2.511426597488329
17042,ANSERMA,CALDAS,Andina,2014,6.8584070796460175,15.466902563997788,-8.60849548435177,2.1458913139006883,10.66543673261658,1533.0,0,1.0,13306.0,True,2006,2010,-1.3058639431343604
17050,ARANZAZU,CALDAS,Andina,2014,4.544480171489818,14.85145349812407,-10.306973326634251,0.9268015888027236,9.833570123807592,1533.0,0,1.0,5078.0,True,2006,2010,-3.004341785416841
17088,BELALCAZAR,CALDAS,Andina,2014,4.956195244055069,15.533726311432773,-10.577531067377704,1.8706333107955824,17.824241796915434,1533.0,0,1.0,4245.0,True,2006,2010,-3.2748995261602936
17174,CHINCHINA,CALDAS,Andina,2014,12.645697885550284,15.751232547293903,-3.1055346617436186,3.450622083981337,7.992049360221955,1533.0,0,1.0,18846.0,True,2006,2010,4.197096879473792
17272,FILADELFIA,CALDAS,Andina,2014,7.822757111597374,15.043370824138957,-7.220613712541583,1.7222097964661147,10.849890772911682,1533.0,0,1.0,3921.0,True,2006,2010,0.08201782867582708
17380,LA DORADA,CALDAS,Andina,2014,9.972592200798193,16.910947429117503,-6.93835522831931,6.590668881171674,12.600237385287905,1533.0,0,1.0,23099.0,True,2006,2010,0.3642763128981006
17388,LA MERCED,CALDAS,Andina,2014,5.842081241442264,15.207923159897199,-9.365841918454935,1.6962524654832347,12.246431254695718,1533.0,0,1.0,2306.0,True,2006,2010,-2.0632103772375245
17433,MANZANARES,CALDAS,Andina,2014,2.7734496727952638,15.274553783611356,-12.501104110816092,1.4304291287386215,17.137316688886195,1533.0,0,1.0,6797.0,True,2006,2010,-5.198472569598682
17442,MARMATO,CALDAS,Andina,2014,28.94029047875202,17.858692443891577,11.081598034860441,7.314524555903866,14.661166764879198,1533.0,0,1.0,2071.0,True,2006,2010,18.38422957607785
17444,MARQUETALIA,CALDAS,Andina,2014,1.9958182854970536,15.027561935006577,-13.031743649509524,1.1530398322851152,12.716284460634158,1533.0,0,1.0,5472.0,True,2006,2010,-5.729112108292114
17446,MARULANDA,CALDAS,Andina,2014,2.2706630336058127,14.444525269414534,-12.173862235808722,0.4926108374384236,7.880826525708794,1533.0,0,1.0,1160.0,True,2006,2010,-4.871230694591311
17486,NEIRA,CALDAS,Andina,2014,6.331618519984171,15.633127743766924,-9.301509223782752,2.5047938638542666,11.775976418570377,1533.0,0,1.0,8443.0,True,2006,2010,-1.9988776825653414
17495,NORCASIA,CALDAS,Andina,2014,6.107891217119929,15.313924889505934,-9.206033672386006,1.08914885034288,18.012108980827445,1533.0,0,1.0,2443.0,True,2006,2010,-1.9034021311685958
17513,PACORA,CALDAS,Andina,2014,4.373839488343305,15.387372338420153,-11.01353285007685,1.6633875871937045,13.255315894141043,1533.0,0,1.0,5204.0,True,2006,2010,-3.710901308859439
17524,PALESTINA,CALDAS,Andina,2014,6.084840055632823,15.01787625110801,-8.933036195475188,1.6182632567548043,9.251297257227575,1533.0,0,1.0,6212.0,True,2006,2010,-1.6304046542577773
17541,PENSILVANIA,CALDAS,Andina,2014,2.1731168355512147,14.781668482806397,-12.608551647255183,0.8907741251325556,10.703220903723622,1533.0,0,1.0,8601.0,True,2006,2010,-5.305920106037773
17614,RIOSUCIO,CALDAS,Andina,2014,17.996521739130436,20.236264081074463,-2.2397423419440265,15.765610651974288,11.313838207114888,1533.0,0,1.0,15755.0,True,2006,2010,5.062889199273384
17616,RISARALDA,CALDAS,Andina,2014,6.068416119962512,15.119821017540854,-9.051404897578342,1.2423714036617262,11.46341463414634,1533.0,0,1.0,4567.0,True,2006,2010,-1.7487733563609318
17653,SALAMINA,CALDAS,Andina,2014,7.330761136443353,15.078757559221552,-7.747996422778199,1.935483870967742,10.297427163797822,1533.0,0,1.0,6115.0,True,2006,2010,-0.44536488156078846
17662,SAMANA,CALDAS,Andina,2014,3.393153370532348,15.049668980472049,-11.656515609939701,1.149269875608437,13.53305785123967,1533.0,0,1.0,6963.0,True,2006,2010,-4.353884068722291
17665,SAN JOSE,CALDAS,Andina,2014,2.8890959925442683,14.899764477093541,-12.010668484549273,0.761990138951143,13.7511071744907,1533.0,0,1.0,2260.0,True,2006,2010,-4.708036943331862
17777,SUPIA,CALDAS,Andina,2014,15.489093154067774,17.818289238318236,-2.329196084250462,8.201178069777978,11.181363140265702,1533.0,0,1.0,8438.0,True,2006,2010,4.973435456966948
17867,VICTORIA,CALDAS,Andina,2014,3.0404463040446306,15.422231225548387,-12.381784921503757,2.5,13.549337260677468,1533.0,0,1.0,3780.0,True,2006,2010,-5.079153380286346
17873,VILLAMARIA,CALDAS,Andina,2014,15.196537201684604,15.483839433961656,-0.2873022322770513,3.0372732500392075,6.861227681064607,1533.0,0,1.0,19080.0,True,2006,2010,7.015329308940359
17877,VITERBO,CALDAS,Andina,2014,6.301687065828647,15.20098663728748,-8.899299571458833,2.4984481688392304,8.724346076458753,1533.0,0,1.0,6379.0,True,2006,2010,-1.596668030241423
18001,FLORENCIA,CAQUETA,Amazonia,2014,11.281203792293642,17.531768417036968,-6.250564624743326,7.138830309230994,14.509358972677308,16656.0,0,1.0,49135.0,True,2006,2010,1.0520669164740841
18029,ALBANIA,CAQUETA,Amazonia,2014,7.915758896151052,16.942398518026636,-9.026639621875583,3.9946737683089215,20.169608067843228,16656.0,0,1.0,1460.0,True,2006,2010,-1.724008080658173
18094,BELEN DE LOS ANDAQUIES,CAQUETA,Amazonia,2014,11.405216037368628,18.165624193131695,-6.760408155763066,6.735553004209721,28.491236109519992,16656.0,0,1.0,2756.0,True,2006,2010,0.5422233854543439
18150,CARTAGENA DEL CHAIRA,CAQUETA,Amazonia,2014,29.224293445580276,20.58715755899144,8.637135886588837,9.680777238029146,38.14501045219496,16656.0,0,1.0,3673.0,True,2006,2010,15.939767427806247
18205,CURILLO,CAQUETA,Amazonia,2014,5.938914027149321,16.891461048391015,-10.952547021241696,2.820267686424474,22.97059222116818,16656.0,0,1.0,1898.0,True,2006,2010,-3.6499154800242852
18247,EL DONCELLO,CAQUETA,Amazonia,2014,10.669828097213989,18.401669880278856,-7.731841783064867,7.89144050104384,20.4131572956977,16656.0,0,1.0,5420.0,True,2006,2010,-0.42921024184745704
18256,EL PAUJIL,CAQUETA,Amazonia,2014,10.75728155339806,18.73749710998785,-7.980215556589789,8.776919951239334,24.286382779597567,16656.0,0,1.0,2791.0,True,2006,2010,-0.6775840153723784
18410,LA MONTANITA,CAQUETA,Amazonia,2014,20.77794190054161,21.31452648366769,-0.536584583126082,15.335120643431637,32.853175980562305,16656.0,0,1.0,2189.0,True,2006,2010,6.766046958091328
18460,MILAN,CAQUETA,Amazonia,2014,8.978583196046129,18.70455624665862,-9.72597305061249,6.321243523316062,47.106017191977074,16656.0,0,1.0,1301.0,True,2006,2010,-2.4233415093950796
18479,MORELIA,CAQUETA,Amazonia,2014,6.915377616014559,17.52807332569988,-10.612695709685319,6.551059730250482,21.22388059701493,16656.0,0,1.0,1151.0,True,2006,2010,-3.3100641684679086
18592,PUERTO RICO,CAQUETA,Amazonia,2014,17.14922048997773,19.366960431073686,-2.2177399410959566,8.122402720060446,32.04183604336043,16656.0,0,1.0,5471.0,True,2006,2010,5.084891600121454
18610,SAN JOSE DEL FRAGUA,CAQUETA,Amazonia,2014,11.961722488038278,19.066871843614145,-7.1051493555758665,8.253231687106396,26.72138622891017,16656.0,0,1.0,3208.0,True,2006,2010,0.19748218564154385
18753,SAN VICENTE DEL CAGUAN,CAQUETA,Amazonia,2014,16.48230088495575,20.266423551272787,-3.7841226663170353,11.69936526255049,30.465264499681325,16656.0,0,1.0,7720.0,True,2006,2010,3.518508874900375
18756,SOLANO,CAQUETA,Amazonia,2014,20.65868263473054,18.72372521830232,1.9349574164282188,4.459691252144083,44.71680400542401,16656.0,0,1.0,1072.0,True,2006,2010,9.23758895764563
18785,SOLITA,CAQUETA,Amazonia,2014,11.30952380952381,17.159055809153628,-5.849531999629818,2.373887240356084,27.27966425028615,16656.0,0,1.0,1502.0,True,2006,2010,1.4530995415875925
18860,VALPARAISO,CAQUETA,Amazonia,2014,2.9275808936825887,16.790599960667052,-13.863019066984464,2.2399203583872573,27.650581190560057,16656.0,0,1.0,2070.0,True,2006,2010,-6.560387525767053
19001,POPAYAN,CAUCA,Pacifica,2014,20.75103801068979,18.470499638991207,2.280538371698583,9.776491876951225,9.097438265158427,32124.0,0,1.0,95285.0,True,2006,2010,9.583169912915993
19022,ALMAGUER,CAUCA,Pacifica,2014,4.695246427529892,19.147889899238226,-14.452643471708335,8.48927430397079,33.69848090540459,32124.0,0,1.0,3579.0,True,2006,2010,-7.150011930490924
19050,ARGELIA,CAUCA,Pacifica,2014,24.543610547667345,17.767493747139486,6.776116800527859,5.72972972972973,23.39774153074028,32124.0,0,1.0,4658.0,True,2006,2010,14.07874834174527
19075,BALBOA,CAUCA,Pacifica,2014,13.249819320645628,19.062882743984424,-5.8130634233387966,10.677929391379685,20.36077020736352,32124.0,0,1.0,4295.0,True,2006,2010,1.4895681178786138
19100,BOLIVAR,CAUCA,Pacifica,2014,7.550556419767859,23.107358898479085,-15.556802478711226,20.63179699637493,27.48631578947369,32124.0,0,1.0,8823.0,True,2006,2010,-8.254170937493816
19110,BUENOS AIRES,CAUCA,Pacifica,2014,7.047619047619048,17.951246883105988,-10.90362783548694,6.7020440251572335,15.180694246314788,32124.0,0,1.0,5787.0,True,2006,2010,-3.60099629426953
19130,CAJIBIO,CAUCA,Pacifica,2014,10.420936465394924,18.385151202808608,-7.964214737413684,7.230426302591251,23.558244144563364,32124.0,0,1.0,6821.0,True,2006,2010,-0.6615831961962737
19137,CALDONO,CAUCA,Pacifica,2014,14.937759336099584,20.315877938477584,-5.3781186023780005,13.390594198817237,23.77528841330881,32124.0,0,1.0,6090.0,True,2006,2010,1.9245129388394098
19142,CALOTO,CAUCA,Pacifica,2014,16.208435295811142,23.907122505349488,-7.698687209538345,23.3502538071066,22.910069664344523,32124.0,0,1.0,7654.0,True,2006,2010,-0.3960556683209351
19212,CORINTO,CAUCA,Pacifica,2014,16.46825396825397,21.88175600321323,-5.4135020349592615,17.707990792502468,18.84158461609578,32124.0,0,1.0,7625.0,True,2006,2010,1.8891295062581488
19256,EL TAMBO,CAUCA,Pacifica,2014,7.016909304638756,17.44836072095846,-10.431451416319703,4.561585735306847,23.404918330779815,32124.0,0,1.0,11944.0,True,2006,2010,-3.128819875102293
19290,FLORENCIA,CAUCA,Pacifica,2014,5.059523809523809,17.39839838586928,-12.338874576345471,6.361149110807114,12.261741010021614,32124.0,0,1.0,1759.0,True,2006,2010,-5.036243035128061
19300,GUACHENE,CAUCA,Pacifica,2014,5.820685338757628,16.61367381867553,-10.792988479917902,5.057204443707511,4.953276076270729,32124.0,0,1.0,6934.0,True,2006,2010,-3.490356938700492
19318,GUAPI,CAUCA,Pacifica,2014,14.613744464490733,19.132630548378813,-4.518886083888081,3.615746683782627,70.68349106203996,32124.0,0,1.0,6371.0,True,2006,2010,2.7837454573293297
19355,INZA,CAUCA,Pacifica,2014,28.689743045232536,22.052898822014626,6.63684422321791,19.101521047046337,19.003397508493773,32124.0,0,1.0,5077.0,True,2006,2010,13.93947576443532
19364,JAMBALO,CAUCA,Pacifica,2014,16.692307692307693,19.91198672324338,-3.219679030935687,12.593118126995387,15.57512383048982,32124.0,0,1.0,2956.0,True,2006,2010,4.082952510281723
19392,LA SIERRA,CAUCA,Pacifica,2014,8.326967150496563,18.642784287500625,-10.315817137004062,8.218694885361552,23.02969300452944,32124.0,0,1.0,2894.0,True,2006,2010,-3.013185595786652
19397,LA VEGA,CAUCA,Pacifica,2014,9.782016348773842,17.322310257509123,-7.540293908735281,5.5185100022993785,16.98943216868079,32124.0,0,1.0,3915.0,True,2006,2010,-0.23766236751787062
19418,LOPEZ DE MICAY,CAUCA,Pacifica,2014,25.919869174161896,17.895986174827932,8.023882999333964,1.8892508143322475,42.77303697823642,32124.0,0,1.0,3739.0,True,2006,2010,15.326514540551374
19450,MERCADERES,CAUCA,Pacifica,2014,8.00942285041225,20.252281952714405,-12.242859102302155,12.99952985425482,25.503174388761312,32124.0,0,1.0,4443.0,True,2006,2010,-4.940227561084745
19455,MIRANDA,CAUCA,Pacifica,2014,26.89639222941721,24.037717653864796,2.8586745755524134,25.22206638616176,9.337771548703572,32124.0,0,1.0,9370.0,True,2006,2010,10.161306116769824
19473,MORALES,CAUCA,Pacifica,2014,6.96310312204352,18.635610256088135,-11.672507134044615,7.79269202087994,27.07737835020345,32124.0,0,1.0,5655.0,True,2006,2010,-4.369875592827205
19513,PADILLA,CAUCA,Pacifica,2014,5.727848101265823,21.377198329362834,-15.64935022809701,16.96194225721785,8.319068812050668,32124.0,0,1.0,3446.0,True,2006,2010,-8.3467186868796
19517,PAEZ,CAUCA,Pacifica,2014,12.28727025187202,18.183139644915187,-5.895869393043167,6.655405405405405,21.657490890715177,32124.0,0,1.0,6493.0,True,2006,2010,1.4067621481742432
19532,PATIA,CAUCA,Pacifica,2014,29.9532921500678,19.671307516040965,10.281984634026834,11.56773211567732,20.67628080815204,32124.0,0,1.0,7159.0,True,2006,2010,17.584616175244243
19533,PIAMONTE,CAUCA,Pacifica,2014,13.427856547122602,17.665608886552572,-4.237752339429971,4.258555133079848,21.67321729365525,32124.0,0,1.0,1351.0,True,2006,2010,3.0648792017874396
19548,PIENDAMO  TUNIA,CAUCA,Pacifica,2014,13.112533858655503,17.60866941289241,-4.496135554236908,6.703347088491518,13.515863971690758,32124.0,0,1.0,8944.0,True,2006,2010,2.8064959869805026
19573,PUERTO TEJADA,CAUCA,Pacifica,2014,12.258573117855736,20.148538514717593,-7.889965396861857,13.841006618663176,7.976011994002999,32124.0,0,1.0,14031.0,True,2006,2010,-0.587333855644447
19585,PURACE,CAUCA,Pacifica,2014,12.287334593572778,17.773777333734273,-5.486442740161495,5.933046072257209,20.75041876046901,32124.0,0,1.0,2864.0,True,2006,2010,1.8161888010559153
19622,ROSAS,CAUCA,Pacifica,2014,7.606490872210954,17.482097220227377,-9.875606348016422,5.817422434367542,18.15552699228792,32124.0,0,1.0,3192.0,True,2006,2010,-2.572974806799012
19693,SAN SEBASTIAN,CAUCA,Pacifica,2014,1.796221740476928,15.573792459421043,-13.777570718944114,1.4344262295081966,15.835807145050673,32124.0,0,1.0,3323.0,True,2006,2010,-6.474939177726704
19698,SANTANDER DE QUILICHAO,CAUCA,Pacifica,2014,18.821052631578947,18.878642835257512,-0.05759020367856493,10.119934950535304,12.193229013718168,32124.0,0,1.0,29078.0,True,2006,2010,7.245041337538845
19701,SANTA ROSA,CAUCA,Pacifica,2014,10.797665369649806,18.038894093426965,-7.241228723777159,4.487179487179487,35.618090452261306,32124.0,0,1.0,1123.0,True,2006,2010,0.06140281744025167
19743,SILVIA,CAUCA,Pacifica,2014,14.595103578154426,28.05940438916956,-13.464300811015136,36.41951091931476,14.176153385260635,32124.0,0,1.0,8092.0,True,2006,2010,-6.161669269797725
19760,SOTARA PAISPAMBA,CAUCA,Pacifica,2014,7.769726247987117,18.82675003172607,-11.057023783738954,8.52824757106873,18.5554903112155,32124.0,0,1.0,2659.0,True,2006,2010,-3.7543922425215435
19780,SUAREZ,CAUCA,Pacifica,2014,7.0231275196265655,17.633759585505253,-10.610632065878686,3.962304562004712,28.57215654300856,32124.0,0,1.0,5151.0,True,2006,2010,-3.308000524661276
19785,SUCRE,CAUCA,Pacifica,2014,22.24025974025974,41.084276794115254,-18.844017053855513,70.56428155904597,35.47814868569586,32124.0,0,1.0,1311.0,True,2006,2010,-11.541385512638103
19807,TIMBIO,CAUCA,Pacifica,2014,9.3205574912892,18.152602708968857,-8.832045217679656,7.596263820053374,17.466583773702208,32124.0,0,1.0,9961.0,True,2006,2010,-1.5294136764622461
19809,TIMBIQUI,CAUCA,Pacifica,2014,12.145041502839668,17.738814774306142,-5.593773271466475,1.1033369214208828,64.12510409919497,32124.0,0,1.0,4760.0,True,2006,2010,1.7088582697509356
19821,TORIBIO,CAUCA,Pacifica,2014,15.88959343528534,22.328848057205327,-6.4392546219199875,19.560752093537683,22.50603510145495,32124.0,0,1.0,6060.0,True,2006,2010,0.8633769192974228
19824,TOTORO,CAUCA,Pacifica,2014,9.034165571616294,19.284475885076994,-10.2503103134607,9.884678747940692,25.730713943459516,32124.0,0,1.0,3257.0,True,2006,2010,-2.9476787722432896
19845,VILLA RICA,CAUCA,Pacifica,2014,10.185676392572944,19.478089396433237,-9.292413003860293,12.191884717481988,11.177442567027343,32124.0,0,1.0,6165.0,True,2006,2010,-1.989781462642883
20001,VALLEDUPAR,CESAR,Caribe,2014,12.859083850931675,22.90352841160581,-10.044444560674133,22.75672045665528,17.826291162243546,5092.0,0,1.0,88018.0,True,2006,2010,-2.741813019456723
20011,AGUACHICA,CESAR,Caribe,2014,9.799231097821444,19.04874928856266,-9.249518190741217,11.72757733967116,18.79474190982543,5092.0,0,1.0,24888.0,True,2006,2010,-1.9468866495238064
20013,AGUSTIN CODAZZI,CESAR,Caribe,2014,13.941635840526098,23.74195970597865,-9.800323865452553,23.988110295977737,28.66695168875588,5092.0,0,1.0,12783.0,True,2006,2010,-2.4976923242351425
20032,ASTREA,CESAR,Caribe,2014,8.37696335078534,24.80486624256179,-16.427902891776448,26.16447515043459,37.75089508516871,5092.0,0,1.0,4730.0,True,2006,2010,-9.125271350559037
20045,BECERRIL,CESAR,Caribe,2014,15.251336898395722,23.114618224471975,-7.863281326076253,21.456692913385822,35.52310247142717,5092.0,0,1.0,4891.0,True,2006,2010,-0.5606497848588425
20060,BOSCONIA,CESAR,Caribe,2014,13.942161339421611,22.405822495995807,-8.463661156574195,19.935543278084715,31.77151390703752,5092.0,0,1.0,6978.0,True,2006,2010,-1.1610296153567852
20175,CHIMICHAGUA,CESAR,Caribe,2014,13.77919911012236,21.240142481527585,-7.460943371405225,17.112617433701985,30.37130021141649,5092.0,0,1.0,7401.0,True,2006,2010,-0.1583118301878148
20178,CHIRIGUANA,CESAR,Caribe,2014,16.433998939742004,22.7000782326635,-6.266079292921496,21.77484513870186,25.45966785290629,5092.0,0,1.0,5872.0,True,2006,2010,1.036552248295914
20228,CURUMANI,CESAR,Caribe,2014,14.367160775370582,25.60842492876739,-11.24126415339681,29.30619127920983,28.6624752389975,5092.0,0,1.0,9146.0,True,2006,2010,-3.938632612179399
20238,EL COPEY,CESAR,Caribe,2014,8.976522940003068,20.29035976656525,-11.31383682656218,14.553243574051407,26.984238178633976,5092.0,0,1.0,6849.0,True,2006,2010,-4.01120528534477
20250,EL PASO,CESAR,Caribe,2014,15.221821602131996,28.853288720749717,-13.63146711861772,39.55584164789186,22.784517619872904,5092.0,0,1.0,6678.0,True,2006,2010,-6.32883557740031
20295,GAMARRA,CESAR,Caribe,2014,5.318898564368086,18.815838084604742,-13.496939520236655,11.009604122745374,23.36065573770492,5092.0,0,1.0,4343.0,True,2006,2010,-6.194307979019245
20310,GONZALEZ,CESAR,Caribe,2014,8.286908077994429,20.038030948019188,-11.751122870024759,13.765718067504965,21.24442240951909,5092.0,0,1.0,1527.0,True,2006,2010,-4.448491328807348
20383,LA GLORIA,CESAR,Caribe,2014,7.733401170185703,18.113538826908275,-10.380137656722573,8.939505265735978,24.555111983219437,5092.0,0,1.0,4054.0,True,2006,2010,-3.0775061155051624
20400,LA JAGUA DE IBIRICO,CESAR,Caribe,2014,22.82782943251042,25.493921624712623,-2.6660921922022034,29.717615419094574,21.27957742683124,5092.0,0,1.0,9824.0,True,2006,2010,4.636539349015207
20443,MANAURE BALCON DEL CESAR,CESAR,Caribe,2014,7.700729927007299,21.34752599951947,-13.64679607251217,17.64937106918239,27.585465491292197,5092.0,0,1.0,2833.0,True,2006,2010,-6.34416453129476
20517,PAILITAS,CESAR,Caribe,2014,11.665586519766688,20.168243321812657,-8.50265680204597,14.418700868845676,25.577380952380956,5092.0,0,1.0,4842.0,True,2006,2010,-1.2000252608285589
20550,PELAYA,CESAR,Caribe,2014,8.339013860486254,18.028783126965116,-9.689769266478862,8.31819099535635,26.759344404175906,5092.0,0,1.0,4588.0,True,2006,2010,-2.387137725261452
20570,PUEBLO BELLO,CESAR,Caribe,2014,14.100346020761243,22.48870870630806,-8.388362685546817,15.509409474367294,64.55212406097614,5092.0,0,1.0,3640.0,True,2006,2010,-1.0857311443294062
20614,RIO DE ORO,CESAR,Caribe,2014,14.691943127962084,18.952525427570784,-4.2605822996087,11.606456571867794,21.67545807884509,5092.0,0,1.0,4672.0,True,2006,2010,3.0420492416087104
20621,LA PAZ,CESAR,Caribe,2014,6.086645184389545,20.298919747253066,-14.21227456286352,14.394661582459486,28.53859413905382,5092.0,0,1.0,5791.0,True,2006,2010,-6.90964302164611
20710,SAN ALBERTO,CESAR,Caribe,2014,14.10612244897959,20.121466705220783,-6.0153442562411925,15.740027722162328,13.734614882790414,5092.0,0,1.0,6516.0,True,2006,2010,1.2872872849762178
20750,SAN DIEGO,CESAR,Caribe,2014,4.5195160922163895,20.592752464944994,-16.073236372728605,15.853423336547737,22.52023745277928,5092.0,0,1.0,4604.0,True,2006,2010,-8.770604831511195
20770,SAN MARTIN,CESAR,Caribe,2014,13.844781445138269,20.443659770806754,-6.598878325668485,15.20245842371656,24.090553491101115,5092.0,0,1.0,5869.0,True,2006,2010,0.7037532155489252
20787,TAMALAMEQUE,CESAR,Caribe,2014,8.354430379746836,24.281036999355116,-15.92660661960828,26.134543513080622,25.904856716205646,5092.0,0,1.0,3663.0,True,2006,2010,-8.62397507839087
23001,MONTERIA,CORDOBA,Caribe,2014,8.967359241421477,23.751436711349875,-14.784077469928398,24.71958096200943,18.79873585312524,12886.0,0,1.0,99400.0,True,2006,2010,-7.481445928710988
23068,AYAPEL,CORDOBA,Caribe,2014,5.747849800713237,19.948231932532792,-14.200382131819556,10.666203422218365,47.61696207749382,12886.0,0,1.0,9876.0,True,2006,2010,-6.897750590602145
23079,BUENAVISTA,CORDOBA,Caribe,2014,5.036188178528348,20.33061003285789,-15.294421854329542,12.461413484971567,40.93436546009595,12886.0,0,1.0,6792.0,True,2006,2010,-7.991790313112132
23090,CANALETE,CORDOBA,Caribe,2014,4.4989775051124745,25.642149732803684,-21.14317222769121,22.85782671134514,75.37590182725373,12886.0,0,1.0,4520.0,True,2006,2010,-13.8405406864738
23162,CERETE,CORDOBA,Caribe,2014,10.22594292915654,23.27987978864172,-13.053936859485178,22.67084260971284,25.190037955597152,12886.0,0,1.0,23720.0,True,2006,2010,-5.751305318267768
23168,CHIMA,CORDOBA,Caribe,2014,4.649178929409255,22.93165899964366,-18.282480070234403,20.51430781129157,37.911354876964126,12886.0,0,1.0,4780.0,True,2006,2010,-10.979848529016992
23182,CHINU,CORDOBA,Caribe,2014,4.867509690538222,18.49365140202609,-13.626141711487866,9.429453930881753,25.016402661917702,12886.0,0,1.0,16442.0,True,2006,2010,-6.323510170270456
23189,CIENAGA DE ORO,CORDOBA,Caribe,2014,7.301943198804185,28.250172833697697,-20.94822963489351,35.57411827101565,36.87231244891432,12886.0,0,1.0,14159.0,True,2006,2010,-13.645598093676101
23300,COTORRA,CORDOBA,Caribe,2014,4.568264405606507,20.897012809846487,-16.32874840423998,16.605166051660518,24.19981498612396,12886.0,0,1.0,5910.0,True,2006,2010,-9.02611686302257
23350,LA APARTADA,CORDOBA,Caribe,2014,5.232837253960634,18.48662154150307,-13.253784287542436,8.091787439613526,30.546857933444983,12886.0,0,1.0,4355.0,True,2006,2010,-5.951152746325025
23417,LORICA,CORDOBA,Caribe,2014,6.49976231975915,21.468637750399346,-14.968875430640196,16.707192219093933,33.40342963956276,12886.0,0,1.0,32877.0,True,2006,2010,-7.666243889422786
23419,LOS CORDOBAS,CORDOBA,Caribe,2014,2.9518619436875566,20.46160218480764,-17.50974024112008,9.047912811022004,70.7918922321541,12886.0,0,1.0,4491.0,True,2006,2010,-10.20710869990267
23464,MOMIL,CORDOBA,Caribe,2014,5.948242564696795,19.572401818484437,-13.624159253787642,12.498002237494006,26.66625676340384,12886.0,0,1.0,5350.0,True,2006,2010,-6.321527712570232
23466,MONTELIBANO,CORDOBA,Caribe,2014,10.638172265186848,23.394268657876808,-12.75609639268996,22.401276836739942,26.9924204425124,12886.0,0,1.0,18114.0,True,2006,2010,-5.45346485147255
23500,MONITOS,CORDOBA,Caribe,2014,5.5274743192564815,19.21621824753958,-13.688743928283099,5.901454186079345,68.34429169157202,12886.0,0,1.0,6301.0,True,2006,2010,-6.386112387065689
23555,PLANETA RICA,CORDOBA,Caribe,2014,8.750972330258918,23.9944492076986,-15.243476877439683,23.790552077404666,33.104821976927546,12886.0,0,1.0,20683.0,True,2006,2010,-7.940845336222273
23570,PUEBLO NUEVO,CORDOBA,Caribe,2014,4.104391814210164,17.88371103185877,-13.779319217648606,5.555555555555555,42.86191041234055,12886.0,0,1.0,8965.0,True,2006,2010,-6.476687676431196
23574,PUERTO ESCONDIDO,CORDOBA,Caribe,2014,4.606901458555674,19.56799299112122,-14.961091532565545,6.122137404580153,73.79069528602238,12886.0,0,1.0,5763.0,True,2006,2010,-7.658459991348135
23580,PUERTO LIBERTADOR,CORDOBA,Caribe,2014,8.522658973434307,20.845722732167292,-12.323063758732985,11.960965317156798,55.55335240631108,12886.0,0,1.0,8615.0,True,2006,2010,-5.020432217515575
23586,PURISIMA DE LA CONCEPCION,CORDOBA,Caribe,2014,5.55765595463138,18.327051595716256,-12.769395641084877,7.602012297372834,36.08352605087743,12886.0,0,1.0,5458.0,True,2006,2010,-5.466764099867467
23660,SAHAGUN,CORDOBA,Caribe,2014,5.9588444265701455,19.1118608587523,-13.153016432182156,11.1701136575368,25.29092649718115,12886.0,0,1.0,30947.0,True,2006,2010,-5.850384890964746
23670,SAN ANDRES DE SOTAVENTO,CORDOBA,Caribe,2014,3.772336201191264,19.810487102961165,-16.038150901769903,6.905944560166639,72.57914892604838,12886.0,0,1.0,10867.0,True,2006,2010,-8.735519360552493
23672,SAN ANTERO,CORDOBA,Caribe,2014,4.69558296856347,19.15720338379763,-14.461620415234158,10.768854663244102,29.574893206559185,12886.0,0,1.0,7782.0,True,2006,2010,-7.158988874016748
23675,SAN BERNARDO DEL VIENTO,CORDOBA,Caribe,2014,5.0639195730420745,20.76377684730827,-15.699857274266197,13.64168618266979,41.98457723273432,12886.0,0,1.0,8293.0,True,2006,2010,-8.397225733048787
23678,SAN CARLOS,CORDOBA,Caribe,2014,6.53222270933801,21.42179186042419,-14.88956915108618,15.511042629686695,38.60275369709332,12886.0,0,1.0,4746.0,True,2006,2010,-7.5869376098687695
23682,SAN JOSE DE URE,CORDOBA,Caribe,2014,4.046664236237696,19.686008899263907,-15.639344663026211,9.04480135249366,52.82575278054074,12886.0,0,1.0,2818.0,True,2006,2010,-8.3367131218088
23686,SAN PELAYO,CORDOBA,Caribe,2014,4.919551849043889,21.96738609384011,-17.04783424479622,17.035843737414417,37.17437336878909,12886.0,0,1.0,12296.0,True,2006,2010,-9.74520270357881
23807,TIERRALTA,CORDOBA,Caribe,2014,8.589001447178003,18.85375476016226,-10.264753312984258,6.02363074204947,56.01249227972452,12886.0,0,1.0,14529.0,True,2006,2010,-2.9621217717668475
23815,TUCHIN,CORDOBA,Caribe,2014,5.349856430406528,20.2037762880801,-14.85391985767357,7.366156182761675,77.97567007219044,12886.0,0,1.0,6841.0,True,2006,2010,-7.55128831645616
23855,VALENCIA,CORDOBA,Caribe,2014,3.28427065026362,17.74780635661591,-14.46353570635229,2.923044217687075,55.93148172409276,12886.0,0,1.0,9416.0,True,2006,2010,-7.16090416513488
25001,AGUA DE DIOS,CUNDINAMARCA,Andina,2014,13.738959764474975,16.4173046423071,-2.678344877832126,5.946305746616375,8.079838787064581,1583.0,0,1.0,4419.0,True,2006,2010,4.624286663385284
25019,ALBAN,CUNDINAMARCA,Andina,2014,9.73641742872512,15.446484965182023,-5.7100675364569025,2.9995946493717067,9.949324324324325,1583.0,0,1.0,1997.0,True,2006,2010,1.5925640047605079
25035,ANAPOIMA,CUNDINAMARCA,Andina,2014,6.593406593406594,14.99894853042009,-8.405541937013496,2.1746634449430444,10.33800494641385,1583.0,0,1.0,5060.0,True,2006,2010,-1.1029103957960853
25040,ANOLAIMA,CUNDINAMARCA,Andina,2014,7.685206554350335,15.411951066021121,-7.726744511670786,3.1312217194570136,9.801980198019802,1583.0,0,1.0,4633.0,True,2006,2010,-0.4241129704533755
25053,ARBELAEZ,CUNDINAMARCA,Andina,2014,9.599208312716478,15.688974968293973,-6.089766655577495,3.720050441361917,10.142515343805265,1583.0,0,1.0,4288.0,True,2006,2010,1.212864885639915
25086,BELTRAN,CUNDINAMARCA,Andina,2014,4.360056258790436,15.230355063165934,-10.870298804375498,2.912621359223301,9.598603839441536,1583.0,0,1.0,749.0,True,2006,2010,-3.5676672631580875
25095,BITUIMA,CUNDINAMARCA,Andina,2014,3.9053254437869818,14.868578061571814,-10.963252617784832,1.4937759336099583,9.67161493477283,1583.0,0,1.0,896.0,True,2006,2010,-3.6606210765674216
25099,BOJACA,CUNDINAMARCA,Andina,2014,13.562686073436984,15.658392149381307,-2.0957060759443227,4.070796460176991,5.335128975448047,1583.0,0,1.0,3342.0,True,2006,2010,5.206925465273088
25120,CABRERA,CUNDINAMARCA,Andina,2014,38.10408921933085,26.422774641448097,11.681314577882755,33.94886363636363,10.304449648711945,1583.0,0,1.0,1169.0,True,2006,2010,18.983946119100167
25123,CACHIPAY,CUNDINAMARCA,Andina,2014,8.675166297117515,15.51767386749676,-6.842507570379244,3.2317636195752537,9.388151505341536,1583.0,0,1.0,3898.0,True,2006,2010,0.4601239708381666
25126,CAJICA,CUNDINAMARCA,Andina,2014,18.72371446195256,16.39369369422132,2.3300207677312414,6.189653420063014,3.2048575756823205,1583.0,0,1.0,19711.0,True,2006,2010,9.632652308948652
25148,CAPARRAPI,CUNDINAMARCA,Andina,2014,3.007518796992481,15.839839538793843,-12.832320741801361,1.4020805065581186,29.183713228131698,1583.0,0,1.0,3490.0,True,2006,2010,-5.529689200583951
25151,CAQUEZA,CUNDINAMARCA,Andina,2014,14.917127071823206,15.494137865560484,-0.5770107937372781,3.700395559525328,7.521865889212828,1583.0,0,1.0,6508.0,True,2006,2010,6.725620747480132
25154,CARMEN DE CARUPA,CUNDINAMARCA,Andina,2014,5.538186690486825,15.768432244006991,-10.230245553520167,3.2246633593196314,13.023890784982935,1583.0,0,1.0,2398.0,True,2006,2010,-2.9276140123027563
25168,CHAGUANI,CUNDINAMARCA,Andina,2014,4.232365145228216,15.654379493137728,-11.422014347909514,3.102310231023102,14.775804995486007,1583.0,0,1.0,1269.0,True,2006,2010,-4.119382806692103
25175,CHIA,CUNDINAMARCA,Andina,2014,17.01238583760791,15.79850788997961,1.2138779476282977,4.895804260861476,3.037599123903909,1583.0,0,1.0,44015.0,True,2006,2010,8.516509488845708
25178,CHIPAQUE,CUNDINAMARCA,Andina,2014,10.258671369782482,15.261116542124977,-5.002445172342496,3.006568974229409,9.519944341372913,1583.0,0,1.0,3602.0,True,2006,2010,2.3001863688749147
25181,CHOACHI,CUNDINAMARCA,Andina,2014,10.600858369098711,15.278888656086037,-4.678030286987326,2.9682862052804246,8.219178082191782,1583.0,0,1.0,5067.0,True,2006,2010,2.6246012542300843
25183,CHOCONTA,CUNDINAMARCA,Andina,2014,11.082432650427489,15.57620119134348,-4.493768540915992,3.5393178250321107,7.760950486971597,1583.0,0,1.0,6772.0,True,2006,2010,2.808863000301418
25200,COGUA,CUNDINAMARCA,Andina,2014,16.705157813702847,16.711560967191332,-0.006403153488484747,7.410236822001528,3.595980962453728,1583.0,0,1.0,7018.0,True,2006,2010,7.296228387728926
25214,COTA,CUNDINAMARCA,Andina,2014,15.955453788509574,15.638492810922124,0.3169609775874509,4.369463521449188,4.11618416018365,1583.0,0,1.0,10556.0,True,2006,2010,7.619592518804861
25224,CUCUNUBA,CUNDINAMARCA,Andina,2014,6.810035842293908,15.3325968940035,-8.52256105170959,1.9780219780219777,11.496715224221653,1583.0,0,1.0,2676.0,True,2006,2010,-1.2199295104921806
25245,EL COLEGIO,CUNDINAMARCA,Andina,2014,10.717089767076684,15.48761824997312,-4.770528482896436,3.821656050955414,6.755737050024413,1583.0,0,1.0,8017.0,True,2006,2010,2.532103058320974
25258,EL PENON,CUNDINAMARCA,Andina,2014,2.342225113858165,15.453329451618899,-13.111104337760734,1.469098277608916,25.76633892423366,1583.0,0,1.0,1580.0,True,2006,2010,-5.808472796543324
25260,EL ROSAL,CUNDINAMARCA,Andina,2014,9.197522730267492,15.188489177937278,-5.990966447669786,2.325951887844512,7.612124537100535,1583.0,0,1.0,8423.0,True,2006,2010,1.3116650935476244
25269,FACATATIVA,CUNDINAMARCA,Andina,2014,19.665631717219966,16.33610462197307,3.3295270952468954,6.098379921094602,4.046529904137722,1583.0,0,1.0,47536.0,True,2006,2010,10.632158636464306
25279,FOMEQUE,CUNDINAMARCA,Andina,2014,7.546739626082992,14.766892671175103,-7.220153045092111,2.2167487684729066,6.521536887152293,1583.0,0,1.0,4625.0,True,2006,2010,0.08247849612529912
25281,FOSCA,CUNDINAMARCA,Andina,2014,7.251032583754016,15.129836417707741,-7.878803833953725,2.336937565399372,13.342923934544146,1583.0,0,1.0,2257.0,True,2006,2010,-0.5761722927363149
25286,FUNZA,CUNDINAMARCA,Andina,2014,18.8514978145766,16.20497353636602,2.646524278210581,5.8264234383637366,3.3594353148781293,1583.0,0,1.0,31844.0,True,2006,2010,9.949155819427991
25288,FUQUENE,CUNDINAMARCA,Andina,2014,12.397820163487738,15.90869120335663,-3.510871039868892,4.33851098018211,8.993399339933994,1583.0,0,1.0,1601.0,True,2006,2010,3.7917605013485183
25290,FUSAGASUGA,CUNDINAMARCA,Andina,2014,16.485635480485243,16.30721267850214,0.17842280198310334,6.107451133868198,4.665010899203257,1583.0,0,1.0,44842.0,True,2006,2010,7.481054343200514
25293,GACHALA,CUNDINAMARCA,Andina,2014,5.9943977591036415,15.359665368194712,-9.36526760909107,2.259164535379369,17.545475477780336,1583.0,0,1.0,1876.0,True,2006,2010,-2.06263606787366
25295,GACHANCIPA,CUNDINAMARCA,Andina,2014,15.641592920353984,16.08202813945597,-0.44043521910198713,5.444261135988687,4.764773206433348,1583.0,0,1.0,5016.0,True,2006,2010,6.862196322115423
25297,GACHETA,CUNDINAMARCA,Andina,2014,7.839819514946418,15.364444927522332,-7.524625412575913,2.3725286160249737,15.995040297582143,1583.0,0,1.0,3836.0,True,2006,2010,-0.22199387135850301
25299,GAMA,CUNDINAMARCA,Andina,2014,5.147679324894515,14.780967624267738,-9.633288299373223,1.614987080103359,8.740105540897098,1583.0,0,1.0,1254.0,True,2006,2010,-2.330656758155813
25307,GIRARDOT,CUNDINAMARCA,Andina,2014,14.52720715069782,17.200823873703712,-2.6736167230058925,8.008822448229385,7.536184390190616,1583.0,0,1.0,34888.0,True,2006,2010,4.629014818211518
25312,GRANADA,CUNDINAMARCA,Andina,2014,13.648293963254591,16.402311727015263,-2.7540177637606718,6.262042389210019,4.971735034062908,1583.0,0,1.0,2559.0,True,2006,2010,4.548613777456739
25317,GUACHETA,CUNDINAMARCA,Andina,2014,13.42925659472422,16.22374636268594,-2.7944897679617196,3.5764705882352943,11.892284124808514,1583.0,0,1.0,3881.0,True,2006,2010,4.508141773255691
25320,GUADUAS,CUNDINAMARCA,Andina,2014,8.41145498908437,15.598910626024,-7.18745563693963,3.3823667197601424,9.415028147181202,1583.0,0,1.0,8577.0,True,2006,2010,0.11517590427778046
25322,GUASCA,CUNDINAMARCA,Andina,2014,16.14704513727315,15.564559722872563,0.5824854144005869,3.822273961971284,4.747893540189915,1583.0,0,1.0,4745.0,True,2006,2010,7.885116955617997
25324,GUATAQUI,CUNDINAMARCA,Andina,2014,6.779661016949152,16.39827532328553,-9.61861430633638,5.544147843942506,12.512664640324214,1583.0,0,1.0,689.0,True,2006,2010,-2.315982765118969
25326,GUATAVITA,CUNDINAMARCA,Andina,2014,9.306409130816505,15.512377799587398,-6.205968668770893,2.974107767669699,7.794955248169243,1583.0,0,1.0,2439.0,True,2006,2010,1.096662872446517
25328,GUAYABAL DE SIQUIMA,CUNDINAMARCA,Andina,2014,8.39073262366938,15.37211578033023,-6.981383156660849,3.169398907103825,10.321864594894562,1583.0,0,1.0,1668.0,True,2006,2010,0.32124838455656146
25335,GUAYABETAL,CUNDINAMARCA,Andina,2014,6.261859582542694,15.52154088815443,-9.259681305611736,3.595317725752508,9.864004131520057,1583.0,0,1.0,2234.0,True,2006,2010,-1.9570497643943252
25339,GUTIERREZ,CUNDINAMARCA,Andina,2014,2.660300136425648,14.63010367368479,-11.969803537259143,1.2322858903265557,11.295681063122924,1583.0,0,1.0,1521.0,True,2006,2010,-4.667171996041732
25368,JERUSALEN,CUNDINAMARCA,Andina,2014,4.338153503893214,15.75715362042622,-11.419000116533006,3.95869191049914,14.525691699604742,1583.0,0,1.0,926.0,True,2006,2010,-4.116368575315596
25372,JUNIN,CUNDINAMARCA,Andina,2014,8.315677966101696,15.640422814522672,-7.324744848420977,3.29538645895746,16.201654800846644,1583.0,0,1.0,2021.0,True,2006,2010,-0.022113307203566634
25377,LA CALERA,CUNDINAMARCA,Andina,2014,28.806396344945743,16.5165435439904,12.289852800955341,6.752024513022543,3.140292202077099,1583.0,0,1.0,9730.0,True,2006,2010,19.592484342172753
25386,LA MESA,CUNDINAMARCA,Andina,2014,10.661313705810192,15.80091714645925,-5.139603440649058,4.351456670996474,8.911677370347352,1583.0,0,1.0,9599.0,True,2006,2010,2.1630281005683525
25394,LA PALMA,CUNDINAMARCA,Andina,2014,3.9906103286384975,15.364925796161753,-11.374315467523255,1.543784934788395,20.264660093409443,1583.0,0,1.0,2715.0,True,2006,2010,-4.071683926305845
25398,LA PENA,CUNDINAMARCA,Andina,2014,2.18435998252512,15.374548234330495,-13.190188251805376,0.5266622778143515,30.077691453940066,1583.0,0,1.0,2396.0,True,2006,2010,-5.887556710587965
25402,LA VEGA,CUNDINAMARCA,Andina,2014,9.594308786771776,15.485233366669345,-5.890924579897568,3.4772577455504288,7.530258924467596,1583.0,0,1.0,5692.0,True,2006,2010,1.411706961319842
25407,LENGUAZAQUE,CUNDINAMARCA,Andina,2014,5.4088050314465415,15.313019721712397,-9.904214690265857,2.2359517505148574,10.282557892500533,1583.0,0,1.0,3336.0,True,2006,2010,-2.6015831490484462
25426,MACHETA,CUNDINAMARCA,Andina,2014,8.007448789571695,15.627832128253434,-7.620383338681739,3.361344537815126,12.786449684490202,1583.0,0,1.0,2316.0,True,2006,2010,-0.3177517974643287
25430,MADRID,CUNDINAMARCA,Andina,2014,18.67597458624206,15.728870378036712,2.9471042082053476,4.383191844563634,3.664416586306654,1583.0,0,1.0,28579.0,True,2006,2010,10.249735749422758
25436,MANTA,CUNDINAMARCA,Andina,2014,5.398182789951898,14.810508714760338,-9.41232592480844,2.2818791946308723,7.602163461538462,1583.0,0,1.0,1941.0,True,2006,2010,-2.1096943835910302
25438,MEDINA,CUNDINAMARCA,Andina,2014,3.977862331373228,15.144693140542007,-11.16683080916878,1.3243167089320935,21.24088595405145,1583.0,0,1.0,2995.0,True,2006,2010,-3.864199267951369
25473,MOSQUERA,CUNDINAMARCA,Andina,2014,19.42158295515729,16.64672345645588,2.77485949870141,7.221737315471898,3.4559279950341404,1583.0,0,1.0,29052.0,True,2006,2010,10.07749103991882
25483,NARINO,CUNDINAMARCA,Andina,2014,9.29936305732484,15.354885887119625,-6.055522829794786,3.206997084548105,9.857142857142858,1583.0,0,1.0,821.0,True,2006,2010,1.2471087114226247
25486,NEMOCON,CUNDINAMARCA,Andina,2014,13.875598086124402,17.067249233804418,-3.191651147680016,8.326446280991735,4.500737825873094,1583.0,0,1.0,4590.0,True,2006,2010,4.110980393537394
25488,NILO,CUNDINAMARCA,Andina,2014,8.75671210243701,15.904736831466916,-7.148024729029906,4.701015419330576,7.916666666666667,1583.0,0,1.0,2521.0,True,2006,2010,0.15460681218750416
25489,NIMAIMA,CUNDINAMARCA,Andina,2014,3.2281731474688184,14.813990486010908,-11.585817338542089,1.0911424903722722,12.912716574043806,1583.0,0,1.0,1431.0,True,2006,2010,-4.283185797324679
25491,NOCAIMA,CUNDINAMARCA,Andina,2014,14.548090865152249,17.514322228840797,-2.9662313636885482,9.111361079865016,10.91644204851752,1583.0,0,1.0,2247.0,True,2006,2010,4.336400177528862
25506,VENECIA,CUNDINAMARCA,Andina,2014,14.691558441558442,17.709973046689257,-3.0184146051308147,9.322033898305085,13.419386264003895,1583.0,0,1.0,1333.0,True,2006,2010,4.284216936086596
25513,PACHO,CUNDINAMARCA,Andina,2014,5.804393177076942,14.941550282558154,-9.137157105481212,2.153500714431517,8.15748297881338,1583.0,0,1.0,8827.0,True,2006,2010,-1.8345255642638012
25518,PAIME,CUNDINAMARCA,Andina,2014,3.884711779448621,16.02192467953758,-12.13721290008896,1.5222482435597189,35.469641930461854,1583.0,0,1.0,1635.0,True,2006,2010,-4.834581358871549
25524,PANDI,CUNDINAMARCA,Andina,2014,10.36065573770492,17.400408525654736,-7.039752787949816,8.138903960933261,12.864385297845374,1583.0,0,1.0,1603.0,True,2006,2010,0.2628787532675947
25530,PARATEBUENO,CUNDINAMARCA,Andina,2014,5.276225946617008,14.882445794748854,-9.606219848131847,1.3801756587202008,15.573053368328958,1583.0,0,1.0,3419.0,True,2006,2010,-2.3035883069144365
25535,PASCA,CUNDINAMARCA,Andina,2014,31.67789996452643,19.95522708468377,11.722672879842658,16.194209891435467,8.174073221275616,1583.0,0,1.0,3005.0,True,2006,2010,19.02530442106007
25572,PUERTO SALGAR,CUNDINAMARCA,Andina,2014,15.223274695534506,18.219652516343892,-2.9963778208093856,9.928530036700792,13.763528691035328,1583.0,0,1.0,4893.0,True,2006,2010,4.306253720408025
25580,PULI,CUNDINAMARCA,Andina,2014,3.3301617507136063,14.703850665266913,-11.373688914553306,1.3321492007104796,10.380348652931854,1583.0,0,1.0,1092.0,True,2006,2010,-4.071057373335895
25592,QUEBRADANEGRA,CUNDINAMARCA,Andina,2014,4.039238315060588,14.923963434757322,-10.884725119696734,1.5611448395490026,11.22104789745896,1583.0,0,1.0,1842.0,True,2006,2010,-3.5820935784793235
25594,QUETAME,CUNDINAMARCA,Andina,2014,13.333333333333334,15.771160725050816,-2.437827391717482,4.291695743196092,9.719967532467532,1583.0,0,1.0,2524.0,True,2006,2010,4.864804149499928
25596,QUIPILE,CUNDINAMARCA,Andina,2014,5.680425010216592,15.538055232372917,-9.857630222156326,2.578150177247825,18.592471358428806,1583.0,0,1.0,2559.0,True,2006,2010,-2.5549986809389154
25599,APULO,CUNDINAMARCA,Andina,2014,8.018368067820559,16.294783866359793,-8.276415798539235,4.701217785329935,18.406374501992037,1583.0,0,1.0,2971.0,True,2006,2010,-0.9737842573218245
25612,RICAURTE,CUNDINAMARCA,Andina,2014,8.52475752935171,15.618439066031641,-7.093681536679931,3.7650910579087378,9.307499768239548,1583.0,0,1.0,4201.0,True,2006,2010,0.20895000453747947
25645,SAN ANTONIO DEL TEQUENDAMA,CUNDINAMARCA,Andina,2014,12.30577998756992,15.797680718081658,-3.4919007305117375,4.827425373134328,7.361301705547932,1583.0,0,1.0,3441.0,True,2006,2010,3.8107308107056728
25649,SAN BERNARDO,CUNDINAMARCA,Andina,2014,9.830508474576272,15.790646590300756,-5.960138115724485,4.419595314164004,8.6709886547812,1583.0,0,1.0,3121.0,True,2006,2010,1.3424934254929255
25653,SAN CAYETANO,CUNDINAMARCA,Andina,2014,6.5149136577708,14.549595354650462,-8.034681696879662,1.334106728538283,8.038585209003216,1583.0,0,1.0,1323.0,True,2006,2010,-0.7320501556622521
25658,SAN FRANCISCO,CUNDINAMARCA,Andina,2014,7.494836234877544,15.12317523804062,-7.628339003163076,2.5660569105691056,7.508532423208191,1583.0,0,1.0,3660.0,True,2006,2010,-0.32570746194566524
25662,SAN JUAN DE RIOSECO,CUNDINAMARCA,Andina,2014,8.877774304470147,15.394705190184325,-6.516930885714178,2.893265256503769,12.970376301040831,1583.0,0,1.0,3428.0,True,2006,2010,0.7857006555032324
25718,SASAIMA,CUNDINAMARCA,Andina,2014,7.552608820985875,15.075117473689923,-7.522508652704048,2.377450980392157,8.517044843531563,1583.0,0,1.0,3697.0,True,2006,2010,-0.21987711148663802
25736,SESQUILE,CUNDINAMARCA,Andina,2014,17.28634850166482,15.956349385075711,1.3299991165891072,4.544349939246659,5.756698044895003,1583.0,0,1.0,4024.0,True,2006,2010,8.632630657806518
25740,SIBATE,CUNDINAMARCA,Andina,2014,20.83166733306677,16.444635050269476,4.387032282797293,6.319038336582196,5.950303068769636,1583.0,0,1.0,11152.0,True,2006,2010,11.689663824014703
25743,SILVANIA,CUNDINAMARCA,Andina,2014,11.389218009478672,15.969484571491584,-4.580266562012913,5.165776729169254,8.010511971968075,1583.0,0,1.0,7149.0,True,2006,2010,2.7223649792044977
25745,SIMIJACA,CUNDINAMARCA,Andina,2014,9.195088676671215,15.320942727621569,-6.125854050950354,3.320947515095216,5.23979458612586,1583.0,0,1.0,3966.0,True,2006,2010,1.1767774902670567
25754,SOACHA,CUNDINAMARCA,Andina,2014,22.68394434474561,17.52814087465447,5.15580347009114,9.439414551766196,5.365805995334756,1583.0,0,1.0,95384.0,True,2006,2010,12.45843501130855
25758,SOPO,CUNDINAMARCA,Andina,2014,16.933475631447884,16.993526127836734,-0.060050496388850405,8.465363709957211,2.889543565115622,1583.0,0,1.0,9380.0,True,2006,2010,7.24258104482856
25769,SUBACHOQUE,CUNDINAMARCA,Andina,2014,8.892328861369108,15.129884068481617,-6.237555207112509,2.422432387589182,3.7483176312247646,1583.0,0,1.0,6427.0,True,2006,2010,1.0650763341049014
25772,SUESCA,CUNDINAMARCA,Andina,2014,19.30477963997517,16.573458593441543,2.731321046533626,6.583242655059848,4.982137057486197,1583.0,0,1.0,5347.0,True,2006,2010,10.033952587751036
25777,SUPATA,CUNDINAMARCA,Andina,2014,7.086167800453515,14.843530435069251,-7.7573626346157365,1.5165876777251186,10.41049513330512,1583.0,0,1.0,1858.0,True,2006,2010,-0.4547310933983262
25779,SUSA,CUNDINAMARCA,Andina,2014,8.088589311506981,16.334395391248705,-8.245806079741724,4.249404289118348,13.057796805532686,1583.0,0,1.0,2198.0,True,2006,2010,-0.943174538524314
25781,SUTATAUSA,CUNDINAMARCA,Andina,2014,11.833333333333334,16.10542718357329,-4.272093850239957,4.56950456950457,7.588436667934576,1583.0,0,1.0,1984.0,True,2006,2010,3.0305376909774537
25785,TABIO,CUNDINAMARCA,Andina,2014,18.22240826008093,15.462080427973433,2.760327832107496,3.5061357375406965,3.933868222708485,1583.0,0,1.0,7935.0,True,2006,2010,10.062959373324906
25793,TAUSA,CUNDINAMARCA,Andina,2014,7.193440178904212,15.582936574936916,-8.389496396032705,3.004427577482606,8.096803107260232,1583.0,0,1.0,2875.0,True,2006,2010,-1.0868648548152944
25797,TENA,CUNDINAMARCA,Andina,2014,9.649122807017545,15.274547280736922,-5.625424473719377,3.511650804069576,7.181840734309104,1583.0,0,1.0,2503.0,True,2006,2010,1.677207067498033
25799,TENJO,CUNDINAMARCA,Andina,2014,14.827890556045894,15.391778372172993,-0.5638878161270995,3.309724870607464,4.590534171249018,1583.0,0,1.0,7606.0,True,2006,2010,6.738743725090311
25805,TIBACUY,CUNDINAMARCA,Andina,2014,10.976430976430976,17.440174895047328,-6.463743918616352,8.93525949705725,11.13365457773269,1583.0,0,1.0,1537.0,True,2006,2010,0.8388876226010584
25807,TIBIRITA,CUNDINAMARCA,Andina,2014,7.306434023991276,15.120745609727322,-7.814311585736046,2.610441767068273,11.62217659137577,1583.0,0,1.0,1015.0,True,2006,2010,-0.511680044518636
25815,TOCAIMA,CUNDINAMARCA,Andina,2014,7.750730282375852,15.633724948126874,-7.8829946657510215,3.350316504554577,11.171439196727407,1583.0,0,1.0,5464.0,True,2006,2010,-0.5803631245336112
25817,TOCANCIPA,CUNDINAMARCA,Andina,2014,14.529430789133247,16.37534652629311,-1.8459157371598636,6.121212121212121,4.235587062022003,1583.0,0,1.0,13586.0,True,2006,2010,5.456715804057547
25823,TOPAIPI,CUNDINAMARCA,Andina,2014,2.8223220012828736,15.559441272206657,-12.737119270923783,1.4023732470334414,27.41981265966506,1583.0,0,1.0,1611.0,True,2006,2010,-5.4344877297063725
25839,UBALA,CUNDINAMARCA,Andina,2014,7.41263678079774,15.82320098524957,-8.41056420445183,2.897743103928671,21.133018605942794,1583.0,0,1.0,2957.0,True,2006,2010,-1.1079326632344202
25841,UBAQUE,CUNDINAMARCA,Andina,2014,13.18355235269182,15.935359680149285,-2.751807327457465,4.0116467162730505,15.320813771517996,1583.0,0,1.0,2569.0,True,2006,2010,4.550824213759945
25843,VILLA DE SAN DIEGO DE UBATE,CUNDINAMARCA,Andina,2014,12.111990261716372,15.641431584932693,-3.5294413232163215,3.630317306359984,5.252159025102601,1583.0,0,1.0,14712.0,True,2006,2010,3.773190218001089
25845,UNE,CUNDINAMARCA,Andina,2014,12.337445815271757,15.43337619046724,-3.0959303751954828,2.867965367965368,11.925807853934211,1583.0,0,1.0,3267.0,True,2006,2010,4.206701166021928
25851,UTICA,CUNDINAMARCA,Andina,2014,2.7182435964453737,14.940731030685718,-12.222487434240344,1.1428571428571428,16.919631749191343,1583.0,0,1.0,1968.0,True,2006,2010,-4.919855893022934
25862,VERGARA,CUNDINAMARCA,Andina,2014,3.702127659574468,15.202434694408996,-11.500307034834528,1.1027278003482297,22.415506958250496,1583.0,0,1.0,2459.0,True,2006,2010,-4.197675493617117
25867,VIANI,CUNDINAMARCA,Andina,2014,7.437457741717377,15.049449814176974,-7.611992072459597,1.8867924528301887,11.744613767735157,1583.0,0,1.0,1559.0,True,2006,2010,-0.309360531242187
25871,VILLAGOMEZ,CUNDINAMARCA,Andina,2014,6.740027510316368,15.292955814980289,-8.55292830466392,2.8727770177838576,10.265486725663717,1583.0,0,1.0,752.0,True,2006,2010,-1.25029676344651
25873,VILLAPINZON,CUNDINAMARCA,Andina,2014,10.996997945963027,15.079975092931504,-4.082977146968476,2.1469529270569407,8.758062476286835,1583.0,0,1.0,6850.0,True,2006,2010,3.219654394248934
25875,VILLETA,CUNDINAMARCA,Andina,2014,6.5363665491829535,15.017357589459301,-8.480991040276347,2.2762171438894407,8.414819431999689,1583.0,0,1.0,10022.0,True,2006,2010,-1.1783594990589368
25878,VIOTA,CUNDINAMARCA,Andina,2014,11.48036253776435,18.48220130183618,-7.001838764071831,11.261361117268898,14.587653533258893,1583.0,0,1.0,4103.0,True,2006,2010,0.3007927771455794
25885,YACOPI,CUNDINAMARCA,Andina,2014,3.016830739917434,16.13196498752935,-13.115134247611916,1.1904761904761905,40.6172499311105,1583.0,0,1.0,3316.0,True,2006,2010,-5.812502706394506
25898,ZIPACON,CUNDINAMARCA,Andina,2014,9.178498985801218,16.200734506792713,-7.0222355209914955,5.41871921182266,7.717881738304441,1583.0,0,1.0,2131.0,True,2006,2010,0.2803960202259148
25899,ZIPAQUIRA,CUNDINAMARCA,Andina,2014,24.17763595266587,19.089867259474584,5.087768693191286,14.05410522827862,3.116276905899138,1583.0,0,1.0,42323.0,True,2006,2010,12.390400234408697
27001,QUIBDO,CHOCO,Pacifica,2014,10.888145670754366,19.744579566190314,-8.856433895435949,4.181051016494054,72.80990282973862,21687.0,0,1.0,24737.0,True,2006,2010,-1.5538023542185382
27006,ACANDI,CHOCO,Pacifica,2014,2.128498226251478,16.641531076711168,-14.51303285045969,1.8658197697499008,36.44481190574618,21687.0,0,1.0,2628.0,True,2006,2010,-7.210401309242279
27025,ALTO BAUDO,CHOCO,Pacifica,2014,6.067251461988303,20.93548502151381,-14.868233559525507,8.793868495361034,77.84921098772648,21687.0,0,1.0,2824.0,True,2006,2010,-7.5656020183080965
27050,ATRATO,CHOCO,Pacifica,2014,5.8945620589456205,17.40101404577037,-11.50645198682475,2.9499626587005228,42.5009100837277,21687.0,0,1.0,2617.0,True,2006,2010,-4.20382044560734
27073,BAGADO,CHOCO,Pacifica,2014,2.2082018927444795,17.683280238256415,-15.475078345511935,0.6045949214026602,70.52023121387283,21687.0,0,1.0,1974.0,True,2006,2010,-8.172446804294525
27075,BAHIA SOLANO,CHOCO,Pacifica,2014,4.643370033508856,16.807108676436844,-12.163738642927989,4.030226700251889,24.60864805692392,21687.0,0,1.0,2170.0,True,2006,2010,-4.861107101710578
27077,BAJO BAUDO,CHOCO,Pacifica,2014,2.452107279693487,17.589924733044935,-15.137817453351449,0.9170806266717616,65.86634870738713,21687.0,0,1.0,2671.0,True,2006,2010,-7.835185912134039
27099,BOJAYA,CHOCO,Pacifica,2014,2.93398533007335,18.142492287075353,-15.208506957002003,2.1174205967276225,67.56077116512992,21687.0,0,1.0,1283.0,True,2006,2010,-7.9058754157845925
27135,EL CANTON DEL SAN PABLO,CHOCO,Pacifica,2014,5.551020408163265,16.833299862428536,-11.282279454265272,1.780185758513932,43.51590106007067,21687.0,0,1.0,1344.0,True,2006,2010,-3.9796479130478613
27150,CARMEN DEL DARIEN,CHOCO,Pacifica,2014,6.655974338412189,18.112737637691957,-11.456763299279768,1.2804097311139564,75.67691251620776,21687.0,0,1.0,1294.0,True,2006,2010,-4.154131758062357
27160,CERTEGUI,CHOCO,Pacifica,2014,4.899135446685879,17.427162183216335,-12.528026736530457,2.278820375335121,51.740337390561606,21687.0,0,1.0,1484.0,True,2006,2010,-5.225395195313046
27205,CONDOTO,CHOCO,Pacifica,2014,13.117344922955354,18.541419387612244,-5.42407446465689,2.43531202435312,66.49771092217135,21687.0,0,1.0,2842.0,True,2006,2010,1.8785570765605204
27245,EL CARMEN DE ATRATO,CHOCO,Pacifica,2014,7.279236276849642,17.245643549722022,-9.966407272872381,2.67639902676399,36.47758926310458,21687.0,0,1.0,1828.0,True,2006,2010,-2.6637757316549706
27250,EL LITORAL DEL SAN JUAN,CHOCO,Pacifica,2014,2.010050251256281,20.116762678194068,-18.106712426937786,6.659939455095863,70.22195353657483,21687.0,0,1.0,1656.0,True,2006,2010,-10.804080885720376
27361,ISTMINA,CHOCO,Pacifica,2014,13.752258582613932,19.86231398374359,-6.110055401129658,3.4420289855072466,83.95919412044316,21687.0,0,1.0,5602.0,True,2006,2010,1.192576140087752
27372,JURADO,CHOCO,Pacifica,2014,2.955665024630542,17.977263668093215,-15.021598643462674,2.331002331002331,56.11002921129504,21687.0,0,1.0,636.0,True,2006,2010,-7.718967102245264
27413,LLORO,CHOCO,Pacifica,2014,2.959094865100087,18.317412093580057,-15.358317228479969,1.5160022459292533,76.62410394265233,21687.0,0,1.0,2464.0,True,2006,2010,-8.055685687262558
27425,MEDIO ATRATO,CHOCO,Pacifica,2014,15.136876006441224,17.04103280801391,-1.904156801572686,1.161751563896336,51.6370808678501,21687.0,0,1.0,1319.0,True,2006,2010,5.398474739644724
27430,MEDIO BAUDO,CHOCO,Pacifica,2014,2.11463550361714,17.570833998867336,-15.456198495250195,1.3530927835051547,63.21239663264546,21687.0,0,1.0,1910.0,True,2006,2010,-8.153566954032785
27450,MEDIO SAN JUAN,CHOCO,Pacifica,2014,11.3396331295164,18.816291083766657,-7.476657954250257,3.486682808716707,64.09236548447686,21687.0,0,1.0,2040.0,True,2006,2010,-0.1740264130328466
27491,NOVITA,CHOCO,Pacifica,2014,10.472659870250231,17.315536535302435,-6.842876665052204,1.6739446870451238,50.012248897599214,21687.0,0,1.0,1224.0,True,2006,2010,0.4597548761652064
27495,NUQUI,CHOCO,Pacifica,2014,3.494176372712146,17.069610760251198,-13.575434387539051,1.361031518624642,50.92592592592592,21687.0,0,1.0,1255.0,True,2006,2010,-6.272802846321641
27580,RIO IRO,CHOCO,Pacifica,2014,4.49438202247191,16.85366638209462,-12.359284359622709,1.1904761904761905,43.0939226519337,21687.0,0,1.0,1238.0,True,2006,2010,-5.056652818405299
27600,RIO QUITO,CHOCO,Pacifica,2014,3.791666666666667,17.421057781410553,-13.629391114743886,1.4238253440911248,58.33960371206421,21687.0,0,1.0,2531.0,True,2006,2010,-6.326759573526475
27615,RIOSUCIO,CHOCO,Pacifica,2014,2.138871667699938,18.869877196997678,-16.73100552929774,2.802491103202847,75.1529195632659,21687.0,0,1.0,3333.0,True,2006,2010,-9.42837398808033
27660,SAN JOSE DEL PALMAR,CHOCO,Pacifica,2014,9.388097233864208,17.65786058648477,-8.269763352620561,5.268022181146026,29.46409658970557,21687.0,0,1.0,1272.0,True,2006,2010,-0.9671318114031511
27745,SIPI,CHOCO,Pacifica,2014,8.545454545454545,16.910449917728787,-8.364995372274242,0.8944543828264758,49.09682080924856,21687.0,0,1.0,611.0,True,2006,2010,-1.0623638310568317
27787,TADO,CHOCO,Pacifica,2014,6.630122683372488,17.413076473464297,-10.78295379009181,1.597222222222222,54.76541752729419,21687.0,0,1.0,4164.0,True,2006,2010,-3.4803222488743994
27800,UNGUIA,CHOCO,Pacifica,2014,2.324080051646223,17.13313861794534,-14.809058566299118,1.7820980153908466,48.58923884514436,21687.0,0,1.0,1840.0,True,2006,2010,-7.506427025081708
27810,UNION PANAMERICANA,CHOCO,Pacifica,2014,6.993424985056784,17.446460621961627,-10.453035636904843,1.82370820668693,52.152369154537006,21687.0,0,1.0,1794.0,True,2006,2010,-3.150404095687433
41001,NEIVA,HUILA,Andina,2014,25.35801644343394,17.340590032930223,8.017426410503717,8.126895966179944,7.570138201780984,10174.0,0,1.0,99479.0,True,2006,2010,15.320057951721127
41006,ACEVEDO,HUILA,Andina,2014,6.031418415319345,15.48565522486074,-9.454236809541396,1.7155877228253589,19.330673397931765,10174.0,0,1.0,8922.0,True,2006,2010,-2.1516052683239852
41013,AGRADO,HUILA,Andina,2014,9.03954802259887,15.98040328925916,-6.940855266660289,2.85140562248996,18.325950104919563,10174.0,0,1.0,2667.0,True,2006,2010,0.3617762745571209
41016,AIPE,HUILA,Andina,2014,15.22661308327752,17.555057314979514,-2.3284442317019938,7.346173512868587,15.238485718190516,10174.0,0,1.0,4764.0,True,2006,2010,4.9741873095154165
41020,ALGECIRAS,HUILA,Andina,2014,12.719923918212078,17.34427493362362,-4.624351015411541,5.518140343254399,20.214838870846865,10174.0,0,1.0,4465.0,True,2006,2010,2.678280525805869
41026,ALTAMIRA,HUILA,Andina,2014,15.60574948665298,16.113512629407058,-0.5077631427540776,4.273504273504273,8.89763779527559,10174.0,0,1.0,1055.0,True,2006,2010,6.794868398463333
41078,BARAYA,HUILA,Andina,2014,19.66325917017438,18.824415818490333,0.8388433516840479,10.137795275590552,20.790995779271533,10174.0,0,1.0,1777.0,True,2006,2010,8.141474892901458
41132,CAMPOALEGRE,HUILA,Andina,2014,17.151049133324644,18.416756511906144,-1.2657073785814994,9.501542135110936,13.931919420251312,10174.0,0,1.0,8522.0,True,2006,2010,6.036924162635911
41206,COLOMBIA,HUILA,Andina,2014,5.640794223826714,15.727562541675486,-10.086768317848772,1.7747440273037545,26.360373295046664,10174.0,0,1.0,2303.0,True,2006,2010,-2.784136776631362
41244,ELIAS,HUILA,Andina,2014,7.358636715724244,15.628171712177085,-8.26953499645284,3.6764705882352944,9.670506295204929,10174.0,0,1.0,1327.0,True,2006,2010,-0.9669034552354301
41298,GARZON,HUILA,Andina,2014,16.298436437797417,15.957984244762327,0.3404521930350892,3.5233762462491534,12.370060778640212,10174.0,0,1.0,19248.0,True,2006,2010,7.6430837342524995
41306,GIGANTE,HUILA,Andina,2014,15.971045741567844,16.319861125659013,-0.34881538409116963,4.555426506646019,13.327734064185304,10174.0,0,1.0,7045.0,True,2006,2010,6.953816157126241
41319,GUADALUPE,HUILA,Andina,2014,10.048553937090986,15.588170722292315,-5.5396167852013285,2.0496649586125346,18.4503937007874,10174.0,0,1.0,4931.0,True,2006,2010,1.7630147560160818
41349,HOBO,HUILA,Andina,2014,13.74930977360574,18.189323300457463,-4.440013526851724,8.364312267657994,20.430750822614417,10174.0,0,1.0,1961.0,True,2006,2010,2.8626180143656867
41357,IQUIRA,HUILA,Andina,2014,21.130402659770965,17.262958969673218,3.8674436900977476,5.10556621880998,24.06015037593985,10174.0,0,1.0,2870.0,True,2006,2010,11.170075231315158
41359,ISNOS,HUILA,Andina,2014,16.118340289712744,15.963470843300858,0.1548694464118867,2.6094747452122298,19.384640429774937,10174.0,0,1.0,8516.0,True,2006,2010,7.457500987629297
41378,LA ARGENTINA,HUILA,Andina,2014,32.54237288135593,18.098782049104994,14.443590832250937,7.553014057660233,19.438877755511022,10174.0,0,1.0,3662.0,True,2006,2010,21.74622237346835
41396,LA PLATA,HUILA,Andina,2014,15.784258210645527,16.868640945415617,-1.0843827347700898,5.467823481680294,19.115385328070857,10174.0,0,1.0,14940.0,True,2006,2010,6.2182488064473205
41483,NATAGA,HUILA,Andina,2014,9.767943874797623,16.18033543025364,-6.412391555456015,2.5244719216898504,18.92155270423908,10174.0,0,1.0,1958.0,True,2006,2010,0.8902399857613954
41503,OPORAPA,HUILA,Andina,2014,5.9459459459459465,15.23244276580786,-9.286496819861913,1.2672486623486343,18.40518405184052,10174.0,0,1.0,3973.0,True,2006,2010,-1.9838652786445028
41518,PAICOL,HUILA,Andina,2014,5.523101433882103,15.777810637001235,-10.25470920311913,3.5114503816793894,11.369670466968609,10174.0,0,1.0,1951.0,True,2006,2010,-2.95207766190172
41524,PALERMO,HUILA,Andina,2014,18.659234267273,17.298350583275393,1.3608836839976064,7.461959829580037,12.594218504100056,10174.0,0,1.0,7146.0,True,2006,2010,8.663515225215017
41530,PALESTINA,HUILA,Andina,2014,8.864027538726333,15.925027555039993,-7.06100001631366,2.356902356902357,20.001913143294438,10174.0,0,1.0,3657.0,True,2006,2010,0.24163152490375062
41548,PITAL,HUILA,Andina,2014,15.91482207901373,15.732845325267125,0.18197675374660527,3.036386449184442,15.742104401898215,10174.0,0,1.0,3712.0,True,2006,2010,7.484608294964016
41551,PITALITO,HUILA,Andina,2014,16.856607254441037,16.326722778408847,0.5298844760321906,4.813339235649992,11.925271659201115,10174.0,0,1.0,34955.0,True,2006,2010,7.832516017249601
41615,RIVERA,HUILA,Andina,2014,21.317388003037205,17.093003580405576,4.22438442263163,6.443679291687161,12.5943508188939,10174.0,0,1.0,5740.0,True,2006,2010,11.52701596384904
41660,SALADOBLANCO,HUILA,Andina,2014,5.758426966292135,15.315380537439049,-9.556953571146913,1.2564249000571102,20.615996025832093,10174.0,0,1.0,4359.0,True,2006,2010,-2.2543220299295026
41668,SAN AGUSTIN,HUILA,Andina,2014,20.53276505061268,16.077743479060622,4.455021571552059,3.9818911410638953,15.234712785670167,10174.0,0,1.0,9961.0,True,2006,2010,11.75765311276947
41676,SANTA MARIA,HUILA,Andina,2014,6.205770277626565,15.549115307710725,-9.34334503008416,1.8164204407846936,20.959373470386687,10174.0,0,1.0,3776.0,True,2006,2010,-2.04071348886675
41770,SUAZA,HUILA,Andina,2014,11.915836101882611,15.886950604084035,-3.9711145022014236,3.2547169811320757,15.280497638520908,10174.0,0,1.0,4677.0,True,2006,2010,3.3315170390159867
41791,TARQUI,HUILA,Andina,2014,11.472797632597311,15.630187969063062,-4.157390336465751,2.5758129338692,13.60193692575118,10174.0,0,1.0,4653.0,True,2006,2010,3.1452412047516596
41797,TESALIA,HUILA,Andina,2014,10.244233378561738,15.760987321641753,-5.516753943080015,3.060937938781241,10.73000921470257,10174.0,0,1.0,3151.0,True,2006,2010,1.7858775981373949
41799,TELLO,HUILA,Andina,2014,13.350615683732988,18.251551336436975,-4.900935652703987,9.037981702245633,16.847772883015175,10174.0,0,1.0,3296.0,True,2006,2010,2.401695888513423
41801,TERUEL,HUILA,Andina,2014,7.682234831951113,15.868772545344477,-8.186537713393363,3.2719836400818,11.07482993197279,10174.0,0,1.0,2415.0,True,2006,2010,-0.8839061721759531
41807,TIMANA,HUILA,Andina,2014,9.343157234676282,15.533821505525514,-6.190664270849233,2.656733202136632,11.118024313199962,10174.0,0,1.0,6665.0,True,2006,2010,1.1119672703681776
41872,VILLAVIEJA,HUILA,Andina,2014,20.626151012891345,18.372275050751117,2.253875962140228,10.265011741026502,14.51821978971626,10174.0,0,1.0,2345.0,True,2006,2010,9.556507503357638
41885,YAGUARA,HUILA,Andina,2014,23.28393135725429,18.596700869837232,4.687230487417057,10.74600355239787,9.237875288683602,10174.0,0,1.0,2809.0,True,2006,2010,11.989862028634468
44001,RIOHACHA,LA GUAJIRA,Caribe,2014,12.672270051383263,22.634196392871154,-9.96192634148789,19.459791282995702,36.27212577051405,5932.0,0,1.0,31139.0,True,2006,2010,-2.65929480027048
44035,ALBANIA,LA GUAJIRA,Caribe,2014,18.987940411444782,27.023400843364023,-8.03546043191924,32.0762802656953,38.1404101697519,5932.0,0,1.0,4492.0,True,2006,2010,-0.7328288907018301
44078,BARRANCAS,LA GUAJIRA,Caribe,2014,10.58541697858961,22.32159470350209,-11.73617772491248,18.659987476518477,40.61022173958735,5932.0,0,1.0,6984.0,True,2006,2010,-4.43354618369507
44090,DIBULLA,LA GUAJIRA,Caribe,2014,7.483233321567242,21.688432067362143,-14.2051987457949,14.701216287678475,55.42290513778477,5932.0,0,1.0,5799.0,True,2006,2010,-6.90256720457749
44098,DISTRACCION,LA GUAJIRA,Caribe,2014,10.54013503375844,20.84449314897756,-10.304358115219118,16.462456801759345,25.027932960893853,5932.0,0,1.0,2784.0,True,2006,2010,-3.001726574001708
44110,EL MOLINO,LA GUAJIRA,Caribe,2014,3.563556208670096,18.25473751077502,-14.691181302104923,8.845577211394302,26.640815740341807,5932.0,0,1.0,2795.0,True,2006,2010,-7.388549760887512
44279,FONSECA,LA GUAJIRA,Caribe,2014,13.814866760168304,23.823793261465212,-10.008926501296909,25.40355125100888,19.42845948527071,5932.0,0,1.0,8934.0,True,2006,2010,-2.7062949600794983
44378,HATONUEVO,LA GUAJIRA,Caribe,2014,10.022172949002217,23.105090089994906,-13.08291714099269,22.086444897035527,30.04753282028067,5932.0,0,1.0,4675.0,True,2006,2010,-5.780285599775279
44420,LA JAGUA DEL PILAR,LA GUAJIRA,Caribe,2014,4.938271604938271,20.340145961928396,-15.401874356990124,14.960629921259844,27.77777777777778,5932.0,0,1.0,1502.0,True,2006,2010,-8.099242815772714
44430,MAICAO,LA GUAJIRA,Caribe,2014,14.714957762152869,24.162484437820687,-9.447526675667818,20.77674973884495,59.218888490768855,5932.0,0,1.0,20768.0,True,2006,2010,-2.144895134450408
44560,MANAURE,LA GUAJIRA,Caribe,2014,9.750111557340473,20.30243351367219,-10.552321956331719,7.420281094151428,81.10236220472441,5932.0,0,1.0,4651.0,True,2006,2010,-3.2496904151143085
44650,SAN JUAN DEL CESAR,LA GUAJIRA,Caribe,2014,8.071984845295727,17.94182737585519,-9.869842530559463,8.23079862437906,24.23778821986668,5932.0,0,1.0,10034.0,True,2006,2010,-2.567210989342053
44847,URIBIA,LA GUAJIRA,Caribe,2014,7.13855421686747,21.917539987909073,-14.778985771041604,10.474343149356374,88.7491622725491,5932.0,0,1.0,6976.0,True,2006,2010,-7.476354229824194
44855,URUMITA,LA GUAJIRA,Caribe,2014,9.756944444444445,22.927473992384698,-13.170529547940253,22.401847575057737,24.963188377343677,5932.0,0,1.0,3001.0,True,2006,2010,-5.867898006722843
44874,VILLANUEVA,LA GUAJIRA,Caribe,2014,7.9386482386650945,19.32704064735071,-11.388392408685615,12.998522895125554,18.597292317551872,5932.0,0,1.0,6158.0,True,2006,2010,-4.085760867468204
47001,SANTA MARTA,MAGDALENA,Caribe,2014,16.212369767618718,23.45803785932675,-7.245668091708033,24.63459580447825,14.303404664572756,8900.0,0,1.0,98056.0,True,2006,2010,0.05696344950937693
47030,ALGARROBO,MAGDALENA,Caribe,2014,3.649416691594376,19.53651493444005,-15.887098242845674,11.726027397260276,29.480901077375123,8900.0,0,1.0,3451.0,True,2006,2010,-8.584466701628264
47053,ARACATACA,MAGDALENA,Caribe,2014,10.751517037498056,22.969945318911336,-12.21842828141328,21.604289318755256,29.415064102564106,8900.0,0,1.0,6734.0,True,2006,2010,-4.915796740195869
47058,ARIGUANI,MAGDALENA,Caribe,2014,3.689977441185949,20.14321905680744,-16.45324161562149,11.58787255909558,44.30066468674869,8900.0,0,1.0,6445.0,True,2006,2010,-9.15061007440408
47161,CERRO DE SAN ANTONIO,MAGDALENA,Caribe,2014,1.7618040873854828,17.161379466744577,-15.399575379359094,4.482880338863396,38.15718157181572,8900.0,0,1.0,2870.0,True,2006,2010,-8.096943838141684
47170,CHIVOLO,MAGDALENA,Caribe,2014,3.1648675171736995,18.55626667643328,-15.391399159259581,7.55110554860242,44.90883128295255,8900.0,0,1.0,4142.0,True,2006,2010,-8.088767618042171
47189,CIENAGA,MAGDALENA,Caribe,2014,16.748513827862496,25.572051709518274,-8.823537881655778,28.93315084281804,28.528061289204203,8900.0,0,1.0,20423.0,True,2006,2010,-1.5209063404383674
47205,CONCORDIA,MAGDALENA,Caribe,2014,1.4718133851707855,17.931328136542263,-16.459514751371476,7.510659232535258,31.72192955273216,8900.0,0,1.0,3635.0,True,2006,2010,-9.156883210154065
47245,EL BANCO,MAGDALENA,Caribe,2014,5.877604931024362,18.613087716716187,-12.735482785691826,9.249040307101728,32.17486522911051,8900.0,0,1.0,14050.0,True,2006,2010,-5.432851244474415
47258,EL PINON,MAGDALENA,Caribe,2014,2.0620748299319724,17.127773507385452,-15.06569867745348,5.977348993288591,25.7106540328172,8900.0,0,1.0,4810.0,True,2006,2010,-7.763067136236069
47268,EL RETEN,MAGDALENA,Caribe,2014,4.401114206128134,24.719772693309107,-20.318658487180972,26.060606060606062,35.46652881881623,8900.0,0,1.0,3677.0,True,2006,2010,-13.016026945963562
47288,FUNDACION,MAGDALENA,Caribe,2014,5.26357636956349,18.757022283998854,-13.493445914435364,10.150891632373114,25.23373137091549,8900.0,0,1.0,13331.0,True,2006,2010,-6.190814373217954
47318,GUAMAL,MAGDALENA,Caribe,2014,6.35503187174039,19.25790787293796,-12.90287600119757,10.953744161518758,33.24640429903588,8900.0,0,1.0,5293.0,True,2006,2010,-5.600244459980159
47460,NUEVA GRANADA,MAGDALENA,Caribe,2014,1.593543046357616,19.710810870962014,-18.117267824604397,7.372924006039256,68.54538157215757,8900.0,0,1.0,4961.0,True,2006,2010,-10.814636283386987
47541,PEDRAZA,MAGDALENA,Caribe,2014,2.572463768115942,17.21813235004211,-14.64566858192617,4.965430546825895,35.05086537191175,8900.0,0,1.0,2799.0,True,2006,2010,-7.34303704070876
47545,PIJINO DEL CARMEN,MAGDALENA,Caribe,2014,8.746686861037487,20.3858316719328,-11.639144810895312,11.947886876390212,48.93866859362298,8900.0,0,1.0,2699.0,True,2006,2010,-4.336513269677901
47551,PIVIJAY,MAGDALENA,Caribe,2014,3.6848484848484846,25.05415098535267,-21.369302500504187,27.94164287979702,25.04654951704876,8900.0,0,1.0,8538.0,True,2006,2010,-14.066670959286776
47555,PLATO,MAGDALENA,Caribe,2014,5.317421659360286,20.797404746025524,-15.47998308666524,14.89713066813459,37.417413139102095,8900.0,0,1.0,12761.0,True,2006,2010,-8.177351545447829
47570,PUEBLOVIEJO,MAGDALENA,Caribe,2014,6.902518746394924,20.49818761858449,-13.595668872189563,12.62199089134678,45.36129300881941,8900.0,0,1.0,5346.0,True,2006,2010,-6.293037330972153
47605,REMOLINO,MAGDALENA,Caribe,2014,1.7531044558071585,17.78557615572751,-16.032471699920354,8.358098068350667,21.16169544740973,8900.0,0,1.0,2781.0,True,2006,2010,-8.729840158702943
47660,SABANAS DE SAN ANGEL,MAGDALENA,Caribe,2014,0.8675682572084715,17.27012151145574,-16.40255325424727,1.890464275785377,58.873780878479394,8900.0,0,1.0,3993.0,True,2006,2010,-9.09992171302986
47675,SALAMINA,MAGDALENA,Caribe,2014,1.7857142857142856,16.961589476347342,-15.175875190633057,5.015895443306253,26.677350427350422,8900.0,0,1.0,2313.0,True,2006,2010,-7.873243649415647
47692,SAN SEBASTIAN DE BUENAVISTA,MAGDALENA,Caribe,2014,11.212948517940715,22.281675704894866,-11.06872718695415,18.303811057434245,42.68221574344023,8900.0,0,1.0,5217.0,True,2006,2010,-3.7660956457367405
47703,SAN ZENON,MAGDALENA,Caribe,2014,4.46584938704028,18.60219452962368,-14.136345142583401,9.877675840978592,27.259022789749046,8900.0,0,1.0,3480.0,True,2006,2010,-6.833713601365991
47707,SANTA ANA,MAGDALENA,Caribe,2014,3.9768019884009935,16.76525836226736,-12.788456373866367,4.22627857260319,30.640828011451223,8900.0,0,1.0,4957.0,True,2006,2010,-5.485824832648957
47720,SANTA BARBARA DE PINTO,MAGDALENA,Caribe,2014,1.219884111009454,17.01711869892077,-15.797234587911314,4.004967401428128,38.42696629213483,8900.0,0,1.0,3339.0,True,2006,2010,-8.494603046693904
47745,SITIONUEVO,MAGDALENA,Caribe,2014,4.036488027366021,21.992519602185205,-17.956031574819185,16.473988439306357,48.55061230816928,8900.0,0,1.0,4499.0,True,2006,2010,-10.653400033601775
47798,TENERIFE,MAGDALENA,Caribe,2014,4.29732868757259,19.52075545845662,-15.223426770884029,10.775862068965516,39.380459398253,8900.0,0,1.0,3509.0,True,2006,2010,-7.920795229666618
47960,ZAPAYAN,MAGDALENA,Caribe,2014,1.5795411808950734,16.840523260137672,-15.260982079242599,1.7632241813602016,50.13943760167325,8900.0,0,1.0,2723.0,True,2006,2010,-7.958350538025188
47980,ZONA BANANERA,MAGDALENA,Caribe,2014,11.544319220225404,27.069493459143782,-15.525174238918378,33.32837264677431,28.765605820185023,8900.0,0,1.0,10299.0,True,2006,2010,-8.222542697700968
50001,VILLAVICENCIO,META,Orinoquia,2014,17.05578679738286,15.993829360682785,1.0619574367000766,5.006784429423261,6.375731462342427,5849.0,0,1.0,151892.0,True,2006,2010,8.364588977917487
50006,ACACIAS,META,Orinoquia,2014,11.30325200406063,15.551219806369065,-4.247967802308436,3.799244047850992,6.341562394318566,5849.0,0,1.0,31503.0,True,2006,2010,3.0546637389089746
50110,BARRANCA DE UPIA,META,Orinoquia,2014,8.136924803591471,15.470780670654458,-7.3338558670629865,1.8210197710718004,16.229648671808054,5849.0,0,1.0,1906.0,True,2006,2010,-0.031224325845576217
50124,CABUYARO,META,Orinoquia,2014,4.202648244099021,15.609594187009032,-11.40694594291001,2.313624678663239,17.631993695823482,5849.0,0,1.0,1832.0,True,2006,2010,-4.1043144016926
50150,CASTILLA LA NUEVA,META,Orinoquia,2014,8.10130828581013,15.325130307281336,-7.2238220214712054,2.533560219323124,9.854986682450429,5849.0,0,1.0,6586.0,True,2006,2010,0.07880951974620487
50223,CUBARRAL,META,Orinoquia,2014,3.92156862745098,14.76558979539131,-10.84402116794033,1.4382402707275803,7.536647546207775,5849.0,0,1.0,2497.0,True,2006,2010,-3.5413896267229195
50226,CUMARAL,META,Orinoquia,2014,11.192889876406054,15.235591942593107,-4.0427020661870525,2.790758047767393,8.375874456418982,5849.0,0,1.0,7667.0,True,2006,2010,3.259929475030358
50245,EL CALVARIO,META,Orinoquia,2014,3.891050583657588,14.411888272054814,-10.520837688397226,1.005586592178771,4.397981254506129,5849.0,0,1.0,789.0,True,2006,2010,-3.2182061471798153
50251,EL CASTILLO,META,Orinoquia,2014,16.355653128430298,18.008872145568255,-1.6532190171379568,7.700770077007702,26.540741762029505,5849.0,0,1.0,1921.0,True,2006,2010,5.6494125240794535
50270,EL DORADO,META,Orinoquia,2014,3.225806451612903,15.056488404504275,-11.830681952891371,1.3793103448275863,15.491393670183232,5849.0,0,1.0,1515.0,True,2006,2010,-4.528050411673961
50287,FUENTE DE ORO,META,Orinoquia,2014,8.64575363427697,16.738846282581004,-8.093092648304035,5.202702702702703,17.68377253814147,5849.0,0,1.0,4217.0,True,2006,2010,-0.7904611070866245
50313,GRANADA,META,Orinoquia,2014,10.662541892240268,16.343208182687235,-5.6806662904469665,4.954425169067921,11.16809205897528,5849.0,0,1.0,20931.0,True,2006,2010,1.6219652507704438
50318,GUAMAL,META,Orinoquia,2014,6.876993973768167,14.883254779373853,-8.006260805605686,1.837641357027464,8.714502492954693,5849.0,0,1.0,5964.0,True,2006,2010,-0.703629264388276
50325,MAPIRIPAN,META,Orinoquia,2014,4.6875,18.385587128510814,-13.698087128510814,4.713560551124003,52.54942767950052,5849.0,0,1.0,1450.0,True,2006,2010,-6.395455587293403
50330,MESETAS,META,Orinoquia,2014,12.576812781646863,18.378285820915846,-5.801473039268982,6.120384420839656,29.992730293903836,5849.0,0,1.0,2614.0,True,2006,2010,1.501158501948428
50350,LA MACARENA,META,Orinoquia,2014,14.394618834080717,17.581999937908762,-3.187381103828045,2.6181353767560664,41.84657984683944,5849.0,0,1.0,2402.0,True,2006,2010,4.115250437389365
50370,URIBE,META,Orinoquia,2014,42.795076031860965,30.390012067055228,12.405063964805738,37.68613974799542,53.14793356508304,5849.0,0,1.0,1465.0,True,2006,2010,19.70769550602315
50400,LEJANIAS,META,Orinoquia,2014,7.1692307692307695,16.232949515488272,-9.063718746257504,3.3014196104324856,20.45801526717557,5849.0,0,1.0,3467.0,True,2006,2010,-1.7610872050400932
50450,PUERTO CONCORDIA,META,Orinoquia,2014,5.161656267725468,17.88030118188317,-12.7186449141577,3.30188679245283,46.25936745840213,5849.0,0,1.0,1873.0,True,2006,2010,-5.41601337294029
50568,PUERTO GAITAN,META,Orinoquia,2014,11.00494796109879,16.966909111357918,-5.961961150259128,1.65337482979965,44.84193433805247,5849.0,0,1.0,6509.0,True,2006,2010,1.340670390958282
50573,PUERTO LOPEZ,META,Orinoquia,2014,9.504085973357215,16.262980857790225,-6.75889488443301,4.033811256152365,19.18910222031535,5849.0,0,1.0,9435.0,True,2006,2010,0.5437366567844002
50577,PUERTO LLERAS,META,Orinoquia,2014,5.296442687747035,16.577115463584164,-11.280672775837129,2.0976353928299005,32.984353428439945,5849.0,0,1.0,2686.0,True,2006,2010,-3.9780412346197185
50590,PUERTO RICO,META,Orinoquia,2014,8.880182827293503,17.039429644783976,-8.159246817490473,2.9001074113856067,37.14311610622678,5849.0,0,1.0,3262.0,True,2006,2010,-0.8566152762730628
50606,RESTREPO,META,Orinoquia,2014,9.74407884279129,15.440436873013864,-5.696358030222575,3.6765827612509536,6.056924678930927,5849.0,0,1.0,6679.0,True,2006,2010,1.6062735109948356
50680,SAN CARLOS DE GUAROA,META,Orinoquia,2014,7.241379310344828,15.537396819541234,-8.296017509196407,2.427921092564492,16.291986247024596,5849.0,0,1.0,3709.0,True,2006,2010,-0.9933859679789965
50683,SAN JUAN DE ARAMA,META,Orinoquia,2014,6.065934065934066,16.768050701522373,-10.702116635588308,3.795233892321271,22.831050228310502,5849.0,0,1.0,2428.0,True,2006,2010,-3.399485094370897
50686,SAN JUANITO,META,Orinoquia,2014,3.6927621861152153,14.675988428871621,-10.983226242756405,1.0115606936416186,10.126582278481012,5849.0,0,1.0,725.0,True,2006,2010,-3.680594701538995
50689,SAN MARTIN,META,Orinoquia,2014,9.80703468490474,15.949080013560112,-6.142045328655371,3.4448076439527284,16.469450711358718,5849.0,0,1.0,8931.0,True,2006,2010,1.1605862125620394
50711,VISTAHERMOSA,META,Orinoquia,2014,6.51123713505566,16.535264516205377,-10.024027381149716,1.7191977077363898,35.583728229429504,5849.0,0,1.0,5231.0,True,2006,2010,-2.721395839932306
52001,PASTO,NARINO,Pacifica,2014,25.66757303214112,22.84134791010276,2.8262251220383625,22.091219360843933,8.244979275916554,39632.0,0,1.0,122994.0,True,2006,2010,10.128856663255773
52019,ALBAN,NARINO,Pacifica,2014,6.885559451705452,16.37984807212097,-9.494288620415519,3.074476543864299,15.895495055548771,39632.0,0,1.0,3257.0,True,2006,2010,-2.1916570791981087
52022,ALDANA,NARINO,Pacifica,2014,21.96836555360281,18.681334464444973,3.2870310891578356,9.814612868047982,11.68509895227008,39632.0,0,1.0,2410.0,True,2006,2010,10.589662630375246
52036,ANCUYA,NARINO,Pacifica,2014,15.476190476190476,21.237145269944655,-5.760954793754179,17.741347905282332,10.80069509423874,39632.0,0,1.0,2380.0,True,2006,2010,1.5416767474632316
52051,ARBOLEDA,NARINO,Pacifica,2014,8.448687350835323,18.322408611434764,-9.87372126059944,7.393292682926829,25.30815630736953,39632.0,0,1.0,2221.0,True,2006,2010,-2.57108971938203
52079,BARBACOAS,NARINO,Pacifica,2014,9.201954397394136,20.2481954632859,-11.046241065891763,5.705190989226249,72.19559815406461,39632.0,0,1.0,3986.0,True,2006,2010,-3.743609524674353
52083,BELEN,NARINO,Pacifica,2014,13.017751479289942,17.13044941925132,-4.112697939961379,4.526404023470243,13.370239892635464,39632.0,0,1.0,2170.0,True,2006,2010,3.1899336012560315
52110,BUESACO,NARINO,Pacifica,2014,8.968377397615344,18.475663221458575,-9.507285823843231,8.635057471264368,16.775358683656066,39632.0,0,1.0,6085.0,True,2006,2010,-2.204654282625821
52203,COLON,NARINO,Pacifica,2014,21.852610030706245,22.764511872543014,-0.9119018418367695,20.26378896882494,12.982998454404946,39632.0,0,1.0,2117.0,True,2006,2010,6.390729699380641
52207,CONSACA,NARINO,Pacifica,2014,10.589318600368324,21.620778960091638,-11.031460359723313,17.90139731083575,13.428401663695782,39632.0,0,1.0,3460.0,True,2006,2010,-3.728828818505903
52210,CONTADERO,NARINO,Pacifica,2014,44.68810916179337,19.2889183752118,25.39919078658157,10.823529411764705,18.54851269272699,39632.0,0,1.0,2131.0,True,2006,2010,32.70182232779898
52215,CORDOBA,NARINO,Pacifica,2014,39.232945614586605,23.496574605180513,15.736371009406092,21.87028657616893,19.66682403722938,39632.0,0,1.0,3375.0,True,2006,2010,23.0390025506235
52224,CUASPUD CARLOSAMA,NARINO,Pacifica,2014,16.502778965369817,20.161602862230392,-3.658823896860575,10.975609756097562,26.89693593314763,39632.0,0,1.0,2561.0,True,2006,2010,3.6438076443568352
52227,CUMBAL,NARINO,Pacifica,2014,12.629713996456593,23.335652525428518,-10.705938528971926,23.202921231090244,15.392384916748286,39632.0,0,1.0,8291.0,True,2006,2010,-3.4033069877545152
52233,CUMBITARA,NARINO,Pacifica,2014,8.72382851445663,19.502827378513313,-10.778998864056684,10.558687852383391,20.451422963689893,39632.0,0,1.0,2109.0,True,2006,2010,-3.4763673228392733
52240,CHACHAGUI,NARINO,Pacifica,2014,13.526043086992091,20.66035684182402,-7.134313754831927,15.223529411764703,18.046451404062477,39632.0,0,1.0,3860.0,True,2006,2010,0.168317786385483
52250,EL CHARCO,NARINO,Pacifica,2014,20.2210204561486,19.68770906936992,0.5333113867786814,6.980433632998413,58.15575910018509,39632.0,0,1.0,4431.0,True,2006,2010,7.835942927996092
52254,EL PENOL,NARINO,Pacifica,2014,7.778738115816767,19.144818363204347,-11.366080247387579,10.908353609083536,16.319612590799032,39632.0,0,1.0,2404.0,True,2006,2010,-4.063448706170169
52256,EL ROSARIO,NARINO,Pacifica,2014,5.8183538315988645,19.497066687646594,-13.67871285604773,11.538461538461538,20.221606648199447,39632.0,0,1.0,2160.0,True,2006,2010,-6.376081314830319
52258,EL TABLON DE GOMEZ,NARINO,Pacifica,2014,6.319790924210027,18.483568929096087,-12.16377800488606,7.535501603298213,25.810351341140915,39632.0,0,1.0,4393.0,True,2006,2010,-4.86114646366865
52260,EL TAMBO,NARINO,Pacifica,2014,13.74972412271022,20.77031302536861,-7.020588902658389,15.391522988505743,16.64792804368776,39632.0,0,1.0,4799.0,True,2006,2010,0.28204263855902134
52287,FUNES,NARINO,Pacifica,2014,5.1476154428463285,18.623468715506434,-13.475853272660105,8.686257562662057,23.35813652539631,39632.0,0,1.0,2751.0,True,2006,2010,-6.173221731442695
52317,GUACHUCAL,NARINO,Pacifica,2014,11.16580890579548,19.078947210515857,-7.913138304720377,11.120689655172416,14.009020960466968,39632.0,0,1.0,4783.0,True,2006,2010,-0.6105067635029666
52320,GUAITARILLA,NARINO,Pacifica,2014,12.386706948640484,25.262020598186957,-12.875313649546474,28.217821782178216,14.098756265082606,39632.0,0,1.0,3183.0,True,2006,2010,-5.572682108329063
52323,GUALMATAN,NARINO,Pacifica,2014,44.02730375426621,19.097159162653636,24.93014459161257,7.483552631578948,15.643879173290935,39632.0,0,1.0,2317.0,True,2006,2010,32.23277613282998
52352,ILES,NARINO,Pacifica,2014,17.647058823529413,24.8241414958904,-7.177082672360989,25.76435495898583,27.165354330708663,39632.0,0,1.0,2199.0,True,2006,2010,0.1255488688564217
52354,IMUES,NARINO,Pacifica,2014,10.540915395284326,21.74455581803668,-11.203640422752354,18.396946564885496,14.643363249881908,39632.0,0,1.0,2299.0,True,2006,2010,-3.9010088815349437
52356,IPIALES,NARINO,Pacifica,2014,24.205931641919012,20.985974579076583,3.219957062842429,16.190820383086376,10.546056471443745,39632.0,0,1.0,27769.0,True,2006,2010,10.52258860405984
52378,LA CRUZ,NARINO,Pacifica,2014,12.54440082258366,18.157924765808584,-5.613523943224925,8.61805201427843,11.601944661184802,39632.0,0,1.0,5652.0,True,2006,2010,1.6891075979924857
52381,LA FLORIDA,NARINO,Pacifica,2014,17.475083056478404,22.980619272379734,-5.50553621590133,19.50947603121516,32.51906709406433,39632.0,0,1.0,3122.0,True,2006,2010,1.7970953253160804
52385,LA LLANADA,NARINO,Pacifica,2014,8.66564417177914,18.770655807803873,-10.105011636024733,8.074534161490684,18.925014095094905,39632.0,0,1.0,1406.0,True,2006,2010,-2.8023800948073223
52390,LA TOLA,NARINO,Pacifica,2014,15.26282457251425,20.19937331719516,-4.936548744680911,5.207646671061305,82.2986146741919,39632.0,0,1.0,1621.0,True,2006,2010,2.3660827965364994
52399,LA UNION,NARINO,Pacifica,2014,15.635036496350368,19.358535686365695,-3.7234991900153265,10.280054644808745,19.15699407371042,39632.0,0,1.0,7313.0,True,2006,2010,3.579132351202084
52405,LEIVA,NARINO,Pacifica,2014,9.103078982597054,18.770606523135296,-9.667527540538241,8.663269306154449,27.033288623338617,39632.0,0,1.0,2306.0,True,2006,2010,-2.364895999320831
52411,LINARES,NARINO,Pacifica,2014,7.308096740273397,20.33202293509157,-13.023926194818172,14.69748117372111,14.459716169404402,39632.0,0,1.0,3918.0,True,2006,2010,-5.721294653600761
52418,LOS ANDES,NARINO,Pacifica,2014,12.650395324853903,21.809176679800185,-9.158781354946282,16.924564796905223,23.701485661637683,39632.0,0,1.0,3069.0,True,2006,2010,-1.8561498137288712
52427,MAGUI,NARINO,Pacifica,2014,7.468643101482327,19.394489239338586,-11.92584613785626,2.384020618556701,82.50890167077513,39632.0,0,1.0,1835.0,True,2006,2010,-4.623214596638849
52435,MALLAMA,NARINO,Pacifica,2014,18.11023622047244,23.65676101537622,-5.546524794903778,22.78215223097113,11.803813346713495,39632.0,0,1.0,1858.0,True,2006,2010,1.7561067463136322
52473,MOSQUERA,NARINO,Pacifica,2014,35.86309523809524,21.710249647697015,14.152845590398226,9.446254071661238,79.18055283277789,39632.0,0,1.0,2087.0,True,2006,2010,21.455477131615638
52480,NARINO,NARINO,Pacifica,2014,9.736842105263158,21.84814945674487,-12.111307351481713,17.276544691061787,25.230846019465936,39632.0,0,1.0,1988.0,True,2006,2010,-4.808675810264303
52490,OLAYA HERRERA,NARINO,Pacifica,2014,5.698813821557504,23.076106322802794,-17.37729250124529,13.833875258646172,77.4583255291253,39632.0,0,1.0,4029.0,True,2006,2010,-10.07466096002788
52506,OSPINA,NARINO,Pacifica,2014,8.078715691351631,18.603033082176896,-10.524317390825265,8.186274509803921,15.844636251541306,39632.0,0,1.0,2076.0,True,2006,2010,-3.221685849607855
52520,FRANCISCO PIZARRO,NARINO,Pacifica,2014,5.044955044955045,19.822330727746774,-14.777375682791728,8.598726114649681,49.959623149394346,39632.0,0,1.0,2072.0,True,2006,2010,-7.474744141574318
52540,POLICARPA,NARINO,Pacifica,2014,4.478029666946544,18.263846196108794,-13.78581652916225,8.869179600886918,16.664621425941835,39632.0,0,1.0,3659.0,True,2006,2010,-6.48318498794484
52560,POTOSI,NARINO,Pacifica,2014,31.006754583467355,19.515860966299744,11.490893617167611,12.18155197657394,12.260536398467432,39632.0,0,1.0,3251.0,True,2006,2010,18.793525158385023
52565,PROVIDENCIA,NARINO,Pacifica,2014,7.344632768361582,20.846050121275567,-13.501417352913986,14.699932569116656,22.75384282312189,39632.0,0,1.0,1673.0,True,2006,2010,-6.198785811696576
52573,PUERRES,NARINO,Pacifica,2014,21.14583333333333,22.468061862950563,-1.3222285296172345,20.331106593087423,13.987424368252462,39632.0,0,1.0,3094.0,True,2006,2010,5.980403011600176
52585,PUPIALES,NARINO,Pacifica,2014,34.4640434192673,19.624427272705027,14.839616146562271,11.937557392102846,14.709999391394316,39632.0,0,1.0,5603.0,True,2006,2010,22.14224768777968
52612,RICAURTE,NARINO,Pacifica,2014,20.268256333830102,28.05477152466731,-7.786515190837207,28.64349775784753,62.34571317872364,39632.0,0,1.0,2170.0,True,2006,2010,-0.4838836496197967
52621,ROBERTO PAYAN,NARINO,Pacifica,2014,2.3993493289955268,17.140445269611707,-14.74109594061618,1.5834348355663823,44.41898214456221,39632.0,0,1.0,2501.0,True,2006,2010,-7.43846439939877
52678,SAMANIEGO,NARINO,Pacifica,2014,10.103761348897535,24.501957053651424,-14.398195704753888,24.73446465633012,26.644722960712325,39632.0,0,1.0,7996.0,True,2006,2010,-7.095564163536478
52683,SANDONA,NARINO,Pacifica,2014,9.93131081854608,21.83131172039308,-11.900000901847001,18.677859391395597,14.657323352975526,39632.0,0,1.0,7278.0,True,2006,2010,-4.597369360629591
52685,SAN BERNARDO,NARINO,Pacifica,2014,7.585470085470085,16.651382339679355,-9.06591225420927,3.3231603933536795,21.24183006535948,39632.0,0,1.0,2949.0,True,2006,2010,-1.7632807129918593
52687,SAN LORENZO,NARINO,Pacifica,2014,14.951604686704025,20.812785207511954,-5.861180520807929,14.709279938390452,21.682906291350896,39632.0,0,1.0,4212.0,True,2006,2010,1.441451020409481
52693,SAN PABLO,NARINO,Pacifica,2014,15.627822944896115,19.763506536994573,-4.135683592098458,13.041080783016268,11.5304145679969,39632.0,0,1.0,3535.0,True,2006,2010,3.1669479491189527
52694,SAN PEDRO DE CARTAGO,NARINO,Pacifica,2014,8.672086720867208,18.381131838237632,-9.709045117370424,7.623509369676321,22.48934875228241,39632.0,0,1.0,1918.0,True,2006,2010,-2.406413576153014
52696,SANTA BARBARA,NARINO,Pacifica,2014,43.82298709280885,20.3017797122911,23.52120738051775,6.396396396396396,74.26855045055068,39632.0,0,1.0,1669.0,True,2006,2010,30.82383892173516
52699,SANTACRUZ,NARINO,Pacifica,2014,9.908814589665653,22.543505596338633,-12.63469100667298,17.10691823899371,41.13891985003546,39632.0,0,1.0,1711.0,True,2006,2010,-5.33205946545557
52720,SAPUYES,NARINO,Pacifica,2014,15.131964809384163,20.52359275232242,-5.391627942938255,13.246116107931316,25.935596170583118,39632.0,0,1.0,1803.0,True,2006,2010,1.9110035982791551
52786,TAMINANGO,NARINO,Pacifica,2014,15.788246268656716,22.39742061565437,-6.609174346997653,20.434623813002197,16.24059174669089,39632.0,0,1.0,4503.0,True,2006,2010,0.6934571942197572
52788,TANGUA,NARINO,Pacifica,2014,13.262675451160124,22.93982653243856,-9.677151081278435,20.623569794050344,22.36956732165328,39632.0,0,1.0,3689.0,True,2006,2010,-2.3745195400610246
52835,SAN ANDRES DE TUMACO,NARINO,Pacifica,2014,6.024692715923777,19.188818641717234,-13.164125925793456,9.008501773548788,27.616378223665677,39632.0,0,1.0,38216.0,True,2006,2010,-5.861494384576046
52838,TUQUERRES,NARINO,Pacifica,2014,20.08006742520017,28.894982702036177,-8.814915276836008,38.206058693594194,15.17573790832518,39632.0,0,1.0,10425.0,True,2006,2010,-1.5122837356185972
52885,YACUANQUER,NARINO,Pacifica,2014,14.927113702623906,27.477948585444114,-12.550834882820208,33.157740708223585,18.205879572738443,39632.0,0,1.0,3665.0,True,2006,2010,-5.248203341602798
54001,SAN JOSE DE CUCUTA,NORTE DE SANTANDER,Andina,2014,9.329224276750514,16.36164335497241,-7.032419078221897,4.6303585486295,13.750122052922148,11347.0,0,1.0,196400.0,True,2006,2010,0.27021246299551294
54003,ABREGO,NORTE DE SANTANDER,Andina,2014,6.387327542156362,16.353273138565314,-9.965945596408952,2.732673267326733,27.89029816056843,11347.0,0,1.0,6185.0,True,2006,2010,-2.6633140551915417
54051,ARBOLEDAS,NORTE DE SANTANDER,Andina,2014,3.8280725319006046,16.560326080202906,-12.732253548302301,2.955665024630542,29.967909158232533,11347.0,0,1.0,3102.0,True,2006,2010,-5.429622007084891
54099,BOCHALEMA,NORTE DE SANTANDER,Andina,2014,4.916241806263656,15.708098540859053,-10.791856734595397,2.205110255512776,16.19338867045289,11347.0,0,1.0,2964.0,True,2006,2010,-3.4892251933779868
54109,BUCARASICA,NORTE DE SANTANDER,Andina,2014,3.8461538461538463,16.56279208583602,-12.716638239682172,1.782421634910879,36.675180928054495,11347.0,0,1.0,1529.0,True,2006,2010,-5.414006698464762
54125,CACOTA,NORTE DE SANTANDER,Andina,2014,3.98505603985056,15.264565962987708,-11.279509923137148,0.74487895716946,23.7972824091076,11347.0,0,1.0,851.0,True,2006,2010,-3.9768783819197377
54128,CACHIRA,NORTE DE SANTANDER,Andina,2014,4.178082191780822,15.690915132120788,-11.512832940339965,1.8340857787810383,25.04049988428605,11347.0,0,1.0,3005.0,True,2006,2010,-4.210201399122555
54172,CHINACOTA,NORTE DE SANTANDER,Andina,2014,7.972841901066925,16.228424890688235,-8.25558298962131,4.243138575517764,15.116570569064928,11347.0,0,1.0,5602.0,True,2006,2010,-0.9529514484038994
54174,CHITAGA,NORTE DE SANTANDER,Andina,2014,5.362462760675273,15.902316829145024,-10.53985406846975,0.7734806629834254,31.8173204472238,11347.0,0,1.0,3249.0,True,2006,2010,-3.2372225272523405
54206,CONVENCION,NORTE DE SANTANDER,Andina,2014,29.673384294649065,21.628612952611597,8.044771342037468,17.24137931034483,31.24335812964931,11347.0,0,1.0,3090.0,True,2006,2010,15.347402883254878
54223,CUCUTILLA,NORTE DE SANTANDER,Andina,2014,2.5727069351230423,16.540272101673537,-13.967565166550495,2.0555355210962856,36.17939330543933,11347.0,0,1.0,2812.0,True,2006,2010,-6.664933625333084
54239,DURANIA,NORTE DE SANTANDER,Andina,2014,5.854430379746836,16.385154597886658,-10.53072421813982,3.683424589347934,24.021067094114954,11347.0,0,1.0,2007.0,True,2006,2010,-3.22809267692241
54245,EL CARMEN,NORTE DE SANTANDER,Andina,2014,8.374211632796076,18.049248371534148,-9.675036738738072,5.132978723404255,48.71644786353374,11347.0,0,1.0,2992.0,True,2006,2010,-2.3724051975206617
54250,EL TARRA,NORTE DE SANTANDER,Andina,2014,39.7677793904209,31.391409127184286,8.376370263236613,41.81256436663234,50.5951753923944,11347.0,0,1.0,2181.0,True,2006,2010,15.679001804454023
54261,EL ZULIA,NORTE DE SANTANDER,Andina,2014,6.021306160259379,16.338280332210218,-10.31697417195084,3.346185623795097,22.554713642832414,11347.0,0,1.0,6951.0,True,2006,2010,-3.014342630733429
54313,GRAMALOTE,NORTE DE SANTANDER,Andina,2014,1.756819232547388,15.867158456287294,-14.110339223739906,3.396946564885496,14.251901944209637,11347.0,0,1.0,2272.0,True,2006,2010,-6.807707682522496
54344,HACARI,NORTE DE SANTANDER,Andina,2014,47.72727272727273,22.415332763103137,25.31193996416959,18.22620016273393,42.35086260652671,11347.0,0,1.0,1296.0,True,2006,2010,32.614571505387
54347,HERRAN,NORTE DE SANTANDER,Andina,2014,2.254283137962128,16.084829676422387,-13.83054653846026,1.82882223847842,29.43058221369162,11347.0,0,1.0,1170.0,True,2006,2010,-6.527914997242849
54377,LABATECA,NORTE DE SANTANDER,Andina,2014,6.821026282853566,15.111664587724983,-8.290638304871417,1.1220196353436185,16.10689779703864,11347.0,0,1.0,1693.0,True,2006,2010,-0.9880067636540062
54385,LA ESPERANZA,NORTE DE SANTANDER,Andina,2014,6.005895357406043,16.941140560817765,-10.935245203411721,4.378109452736319,30.72463768115942,11347.0,0,1.0,2848.0,True,2006,2010,-3.632613662194311
54398,LA PLAYA,NORTE DE SANTANDER,Andina,2014,7.5458392101551475,17.062050602266645,-9.516211392111497,5.402363534046145,24.40526168485866,11347.0,0,1.0,1539.0,True,2006,2010,-2.213579850894087
54405,LOS PATIOS,NORTE DE SANTANDER,Andina,2014,8.862034239677746,16.002531889488672,-7.140497649810927,4.188235294117646,9.859207022388796,11347.0,0,1.0,25949.0,True,2006,2010,0.1621338914064836
54418,LOURDES,NORTE DE SANTANDER,Andina,2014,2.054231717337716,15.237675621712663,-13.183443904374947,0.5445881552076242,22.04330927262632,11347.0,0,1.0,1299.0,True,2006,2010,-5.880812363157537
54480,MUTISCUA,NORTE DE SANTANDER,Andina,2014,4.707933740191804,15.416687121536055,-10.708753381344252,1.384083044982699,14.85479311231046,11347.0,0,1.0,1213.0,True,2006,2010,-3.4061218401268416
54498,OCANA,NORTE DE SANTANDER,Andina,2014,16.417910447761194,17.59374992561633,-1.1758394778551349,8.309676514912558,12.576917168906038,11347.0,0,1.0,23759.0,True,2006,2010,6.126792063362275
54518,PAMPLONA,NORTE DE SANTANDER,Andina,2014,19.779403360384045,16.576711445558608,3.2026919148254365,5.907407407407407,8.686530521147194,11347.0,0,1.0,19215.0,True,2006,2010,10.505323456042847
54520,PAMPLONITA,NORTE DE SANTANDER,Andina,2014,3.159742539496782,15.117142207438187,-11.957399667941406,1.1390602752728998,16.04787989450193,11347.0,0,1.0,1858.0,True,2006,2010,-4.6547681267239955
54553,PUERTO SANTANDER,NORTE DE SANTANDER,Andina,2014,3.163555836760519,15.514656982230996,-12.351101145470476,1.80247840781074,19.31441208993734,11347.0,0,1.0,3285.0,True,2006,2010,-5.048469604253066
54599,RAGONVALIA,NORTE DE SANTANDER,Andina,2014,3.602620087336245,15.475892635791116,-11.873272548454871,1.7808958445763627,19.624605091990336,11347.0,0,1.0,1938.0,True,2006,2010,-4.570641007237461
54660,SALAZAR,NORTE DE SANTANDER,Andina,2014,4.169339320076972,15.758529510216801,-11.58919019013983,2.3224043715847,18.982118294360387,11347.0,0,1.0,3307.0,True,2006,2010,-4.286558648922419
54670,SAN CALIXTO,NORTE DE SANTANDER,Andina,2014,66.07142857142857,41.49913555820862,24.572293013219948,72.78669043374926,38.51739788199698,11347.0,0,1.0,1614.0,True,2006,2010,31.874924554437357
54673,SAN CAYETANO,NORTE DE SANTANDER,Andina,2014,6.970260223048327,16.653146536290766,-9.682886313242438,4.203625144620131,22.92945933802606,11347.0,0,1.0,2306.0,True,2006,2010,-2.3802547720250278
54680,SANTIAGO,NORTE DE SANTANDER,Andina,2014,3.016393442622951,15.999541652485586,-12.983148209862636,3.243616287094548,19.90906138356609,11347.0,0,1.0,1580.0,True,2006,2010,-5.680516668645225
54720,SARDINATA,NORTE DE SANTANDER,Andina,2014,3.92156862745098,16.99336945835723,-13.071800830906248,2.79376904842533,37.17566992769034,11347.0,0,1.0,5475.0,True,2006,2010,-5.769169289688838
54743,SILOS,NORTE DE SANTANDER,Andina,2014,2.283411685695097,14.741519596496198,-12.458107910801102,0.5212858384013901,14.773323997899528,11347.0,0,1.0,1581.0,True,2006,2010,-5.155476369583692
54800,TEORAMA,NORTE DE SANTANDER,Andina,2014,53.01204819277109,28.14999943488738,24.86204875788371,35.246317927882174,38.245476003147125,11347.0,0,1.0,2000.0,True,2006,2010,32.16468029910112
54810,TIBU,NORTE DE SANTANDER,Andina,2014,14.913120809960322,19.561943823801116,-4.6488230138407935,8.738113595476742,46.17159393086188,11347.0,0,1.0,7823.0,True,2006,2010,2.6538085273766168
54820,TOLEDO,NORTE DE SANTANDER,Andina,2014,4.529540481400438,16.247686620214864,-11.718146138814426,1.8463810930576072,33.11657522183838,11347.0,0,1.0,4941.0,True,2006,2010,-4.415514597597015
54871,VILLA CARO,NORTE DE SANTANDER,Andina,2014,4.514672686230249,16.18931956872213,-11.674646882491881,1.9164955509924708,31.35593220338983,11347.0,0,1.0,1371.0,True,2006,2010,-4.372015341274471
54874,VILLA DEL ROSARIO,NORTE DE SANTANDER,Andina,2014,6.699943186429673,15.678261203864844,-8.978318017435171,2.5980874701167207,14.564404061998932,11347.0,0,1.0,26531.0,True,2006,2010,-1.675686476217761
63001,ARMENIA,QUINDIO,Andina,2014,15.349369988545249,16.129240616608726,-0.7798706280634775,5.119171165200101,5.376065222870376,1050.0,0,1.0,110213.0,True,2006,2010,6.522760913153933
63111,BUENAVISTA,QUINDIO,Andina,2014,7.834877843302443,16.133476353120766,-8.298598509818323,5.333333333333334,11.637448713166728,1050.0,0,1.0,1267.0,True,2006,2010,-0.9959669686009125
63130,CALARCA,QUINDIO,Andina,2014,12.28663101604278,16.244405066937738,-3.957774050894958,4.76869342077126,7.249949543003777,1050.0,0,1.0,26071.0,True,2006,2010,3.344857490322452
63190,CIRCASIA,QUINDIO,Andina,2014,10.245901639344265,15.345861838815678,-5.099960199471413,2.7681317591030856,6.522702104097453,1050.0,0,1.0,10225.0,True,2006,2010,2.2026713417459973
63212,CORDOBA,QUINDIO,Andina,2014,9.188660801564028,17.023346532247594,-7.8346857306835656,7.438449449973808,10.079767947788252,1050.0,0,1.0,2248.0,True,2006,2010,-0.5320541894661552
63272,FILANDIA,QUINDIO,Andina,2014,9.419077217308152,15.53391576504797,-6.114838547739819,3.1014430325220763,6.268443172672807,1050.0,0,1.0,4605.0,True,2006,2010,1.1877929934775917
63302,GENOVA,QUINDIO,Andina,2014,9.77777777777778,15.905118933070778,-6.1273411552929975,3.8461538461538463,11.390070921985815,1050.0,0,1.0,3124.0,True,2006,2010,1.1752903859244128
63401,LA TEBAIDA,QUINDIO,Andina,2014,16.275487086542817,17.252317256977857,-0.97683017043504,7.622093930410361,10.227447600874088,1050.0,0,1.0,12297.0,True,2006,2010,6.32580137078237
63470,MONTENEGRO,QUINDIO,Andina,2014,10.54930830838929,16.32399612797466,-5.77468781958537,4.719162246702027,11.127554214810177,1050.0,0,1.0,13894.0,True,2006,2010,1.52794372163204
63548,PIJAO,QUINDIO,Andina,2014,8.993082244427363,17.21402354397338,-8.220941299546016,8.636363636363637,8.529048207663783,1050.0,0,1.0,2763.0,True,2006,2010,-0.918309758328606
63594,QUIMBAYA,QUINDIO,Andina,2014,13.390596745027125,16.440281634230207,-3.049684889203082,5.679993884259614,7.604457785598454,1050.0,0,1.0,12215.0,True,2006,2010,4.252946652014328
63690,SALENTO,QUINDIO,Andina,2014,8.90840652446675,15.2531223878804,-6.344715863413649,3.005259203606311,5.834445927903872,1050.0,0,1.0,2608.0,True,2006,2010,0.9579156778037614
66001,PEREIRA,RISARALDA,Andina,2014,15.447428760644511,15.815391409378893,-0.3679626487343821,4.119262030985168,5.878216570532207,2390.0,0,1.0,176767.0,True,2006,2010,6.934668892483028
66045,APIA,RISARALDA,Andina,2014,6.9262109551833415,15.370080368163851,-8.44386941298051,2.526357668589616,9.566685424873382,2390.0,0,1.0,4762.0,True,2006,2010,-1.1412378717630993
66075,BALBOA,RISARALDA,Andina,2014,5.132823052678973,15.297148601297096,-10.164325548618123,2.245451025938831,9.967845659163988,2390.0,0,1.0,2435.0,True,2006,2010,-2.861694007400713
66088,BELEN DE UMBRIA,RISARALDA,Andina,2014,8.803222094361335,15.852527555850436,-7.0493054614891015,3.3318325078793336,13.024581736610898,2390.0,0,1.0,9326.0,True,2006,2010,0.2533260797283088
66170,DOSQUEBRADAS,RISARALDA,Andina,2014,14.172899075190992,15.876855844458204,-1.7039567692672115,4.253839466821211,4.347445541088097,2390.0,0,1.0,69336.0,True,2006,2010,5.598674771950199
66318,GUATICA,RISARALDA,Andina,2014,5.936395759717315,15.512316063194707,-9.575920303477393,2.5591397849462365,10.958666203542895,2390.0,0,1.0,4556.0,True,2006,2010,-2.273288762259982
66383,LA CELIA,RISARALDA,Andina,2014,7.470414201183432,15.85673722971849,-8.38632302853506,3.650137741046832,12.13844653883653,2390.0,0,1.0,2904.0,True,2006,2010,-1.0836914873176493
66400,LA VIRGINIA,RISARALDA,Andina,2014,13.911237996366468,16.73447146272089,-2.823233466354422,6.091113203447527,6.5856208138139305,2390.0,0,1.0,12722.0,True,2006,2010,4.4793980748629885
66440,MARSELLA,RISARALDA,Andina,2014,7.521395655036207,15.832075431688665,-8.310679776652458,2.684271619268717,17.29347685125146,2390.0,0,1.0,6591.0,True,2006,2010,-1.008048235435048
66456,MISTRATO,RISARALDA,Andina,2014,10.961907371882708,17.714375660501606,-6.752468288618898,4.34918648310388,41.17203693235349,2390.0,0,1.0,3912.0,True,2006,2010,0.5501632525985123
66572,PUEBLO RICO,RISARALDA,Andina,2014,5.132939438700148,17.72166150715132,-12.588722068451172,2.7225901398086827,55.47161965486173,2390.0,0,1.0,2847.0,True,2006,2010,-5.286090527233762
66594,QUINCHIA,RISARALDA,Andina,2014,22.754409769335144,17.998243657103146,4.756166112231998,8.057538394981615,16.416487967595902,2390.0,0,1.0,8360.0,True,2006,2010,12.058797653449409
66682,SANTA ROSA DE CABAL,RISARALDA,Andina,2014,12.472327640733711,16.271946719817898,-3.799619079084186,5.169617282672465,7.708327430368628,2390.0,0,1.0,27684.0,True,2006,2010,3.503012462133224
66687,SANTUARIO,RISARALDA,Andina,2014,6.729131175468483,15.121759584093637,-8.392628408625153,1.713367838657862,10.337480824953127,2390.0,0,1.0,5022.0,True,2006,2010,-1.0899968674077432
68001,BUCARAMANGA,SANTANDER,Andina,2014,18.913939819282398,16.174339949245418,2.7395998700369795,5.655853083671599,5.558569883804014,2644.0,0,1.0,210967.0,True,2006,2010,10.04223141125439
68013,AGUADA,SANTANDER,Andina,2014,3.149606299212598,14.911254580732136,-11.761648281519538,0.4291845493562232,16.555488174651305,2644.0,0,1.0,529.0,True,2006,2010,-4.459016740302127
68020,ALBANIA,SANTANDER,Andina,2014,3.68,15.37688620467996,-11.696886204679961,2.2525192649673977,15.482310250982763,2644.0,0,1.0,1307.0,True,2006,2010,-4.394254663462551
68051,ARATOCA,SANTANDER,Andina,2014,8.536025699862321,16.268822782090524,-7.732797082228203,2.910762160091919,20.124666073018695,2644.0,0,1.0,2355.0,True,2006,2010,-0.4301655410107923
68077,BARBOSA,SANTANDER,Andina,2014,15.9595722176519,17.785042215546568,-1.8254699978946682,9.591652453095216,8.076133477156477,2644.0,0,1.0,9379.0,True,2006,2010,5.477161543322742
68079,BARICHARA,SANTANDER,Andina,2014,10.326086956521738,15.534083748570144,-5.207996792048405,2.226086956521739,11.002509576013736,2644.0,0,1.0,2449.0,True,2006,2010,2.094634749169005
68081,BARRANCABERMEJA,SANTANDER,Andina,2014,33.49306164404269,22.911874764058833,10.581186879983857,23.79869547004967,11.647489064220554,2644.0,0,1.0,70837.0,True,2006,2010,17.88381842120127
68092,BETULIA,SANTANDER,Andina,2014,12.155059132720108,16.51727838797499,-4.362219255254882,3.494623655913978,21.581485053037607,2644.0,0,1.0,1659.0,True,2006,2010,2.9404122859625286
68101,BOLIVAR,SANTANDER,Andina,2014,6.091205211726384,16.90047673740741,-10.809271525681025,5.277044854881266,25.67553247854191,2644.0,0,1.0,3290.0,True,2006,2010,-3.5066399844636145
68121,CABRERA,SANTANDER,Andina,2014,1.7699115044247788,15.433448636203252,-13.663537131778472,1.9971469329529243,12.834890965732088,2644.0,0,1.0,699.0,True,2006,2010,-6.360905590561062
68132,CALIFORNIA,SANTANDER,Andina,2014,4.654654654654655,14.534590749700165,-9.87993609504551,0.6389776357827476,6.894618834080718,2644.0,0,1.0,751.0,True,2006,2010,-2.5773045538280996
68147,CAPITANEJO,SANTANDER,Andina,2014,2.5654730090860505,15.050801183329792,-12.485328174243742,1.4895330112721417,16.357088703563306,2644.0,0,1.0,1961.0,True,2006,2010,-5.182696633026332
68152,CARCASI,SANTANDER,Andina,2014,2.4294156270518714,15.627224616153416,-13.197808989101546,0.9803921568627452,28.18401937046005,2644.0,0,1.0,1600.0,True,2006,2010,-5.8951774478841354
68160,CEPITA,SANTANDER,Andina,2014,2.6537997587454765,14.841993562022294,-12.188193803276818,1.5197568389057752,12.680577849117174,2644.0,0,1.0,865.0,True,2006,2010,-4.885562262059407
68162,CERRITO,SANTANDER,Andina,2014,7.719654647028949,14.929257538165142,-7.209602891136194,0.9421841541755888,16.05263157894737,2644.0,0,1.0,2114.0,True,2006,2010,0.09302865008121675
68167,CHARALA,SANTANDER,Andina,2014,7.539582809751194,16.86407590352963,-9.324493093778436,6.840539922214596,8.43241265776477,2644.0,0,1.0,4234.0,True,2006,2010,-2.0218615525610257
68169,CHARTA,SANTANDER,Andina,2014,4.199634814363969,14.44040333474129,-10.240768520377323,0.7530120481927711,9.985785358919689,2644.0,0,1.0,1694.0,True,2006,2010,-2.9381369791599123
68176,CHIMA,SANTANDER,Andina,2014,2.015677491601344,15.148532924670675,-13.13285543306933,0.7901668129938543,19.4585448392555,2644.0,0,1.0,968.0,True,2006,2010,-5.8302238918519205
68179,CHIPATA,SANTANDER,Andina,2014,3.9693593314763223,15.682487208515068,-11.713127877038746,1.5894955079474775,15.244464944649447,2644.0,0,1.0,1535.0,True,2006,2010,-4.410496335821335
68190,CIMITARRA,SANTANDER,Andina,2014,13.33019865992712,17.333488411368965,-4.003289751441844,6.813289658399626,17.8923640462102,2644.0,0,1.0,9445.0,True,2006,2010,3.299341789775566
68207,CONCEPCION,SANTANDER,Andina,2014,4.681933842239186,14.920579269566744,-10.238645427327558,1.093815734118637,16.641509433962263,2644.0,0,1.0,2091.0,True,2006,2010,-2.936013886110148
68209,CONFINES,SANTANDER,Andina,2014,5.647840531561462,15.076040338556982,-9.42819980699552,1.7723880597014925,10.854583046175051,2644.0,0,1.0,967.0,True,2006,2010,-2.12556826577811
68211,CONTRATACION,SANTANDER,Andina,2014,6.405990016638935,16.53207996829434,-10.126089951655405,4.863013698630137,8.7134318968229,2644.0,0,1.0,1305.0,True,2006,2010,-2.823458410437995
68217,COROMORO,SANTANDER,Andina,2014,6.936813186813187,15.561290104468164,-8.624476917654977,1.3666352497643732,21.54973821989529,2644.0,0,1.0,1601.0,True,2006,2010,-1.321845376437567
68229,CURITI,SANTANDER,Andina,2014,6.894502228826152,15.725733830309608,-8.831231601483456,2.852776362710137,14.0,2644.0,0,1.0,3619.0,True,2006,2010,-1.5286000602660454
68235,EL CARMEN DE CHUCURI,SANTANDER,Andina,2014,3.237019335216164,16.541032346217218,-13.304013011001054,1.5048908954100828,43.06939147264758,2644.0,0,1.0,4906.0,True,2006,2010,-6.001381469783643
68245,EL GUACAMAYO,SANTANDER,Andina,2014,2.9585798816568047,15.581953453316952,-12.623373571660148,2.035928143712575,9.805115712545676,2644.0,0,1.0,717.0,True,2006,2010,-5.320742030442737
68250,EL PENON,SANTANDER,Andina,2014,5.798252581413821,16.15657772995072,-10.358325148536899,2.514890800794176,31.94139194139194,2644.0,0,1.0,1329.0,True,2006,2010,-3.0556936073194887
68255,EL PLAYON,SANTANDER,Andina,2014,4.578139980824544,15.974867249866818,-11.396727269042273,2.1514448428601565,27.31308411214953,2644.0,0,1.0,4450.0,True,2006,2010,-4.094095727824863
68264,ENCINO,SANTANDER,Andina,2014,3.4482758620689653,14.546305313629937,-11.098029451560972,0.7383966244725738,9.879725085910652,2644.0,0,1.0,878.0,True,2006,2010,-3.7953979103435618
68266,ENCISO,SANTANDER,Andina,2014,6.531881804043546,15.735547674636239,-9.203665870592694,2.467532467532468,19.485511531638085,2644.0,0,1.0,1366.0,True,2006,2010,-1.9010343293752836
68271,FLORIAN,SANTANDER,Andina,2014,4.191980558930741,15.925453020203236,-11.733472461272495,1.835253947930004,31.266318537859007,2644.0,0,1.0,1711.0,True,2006,2010,-4.4308409200550845
68276,FLORIDABLANCA,SANTANDER,Andina,2014,17.83747552144256,16.256494468384574,1.580981053057986,6.1017778321344,3.9718579642907854,2644.0,0,1.0,82689.0,True,2006,2010,8.883612594275396
68296,GALAN,SANTANDER,Andina,2014,3.451581975071908,15.476561602531316,-12.024979627459407,2.276064610866373,17.704426106526633,2644.0,0,1.0,1098.0,True,2006,2010,-4.722348086241997
68298,GAMBITA,SANTANDER,Andina,2014,2.7156549520766773,15.165591564619863,-12.449936612543185,0.7772020725388601,23.859749144811857,2644.0,0,1.0,1341.0,True,2006,2010,-5.147305071325775
68307,GIRON,SANTANDER,Andina,2014,17.612258752788286,16.77828241459074,0.8339763381975445,7.091563898286587,6.665277226857423,2644.0,0,1.0,44906.0,True,2006,2010,8.136607879414955
68318,GUACA,SANTANDER,Andina,2014,2.4024024024024024,14.947398096277514,-12.544995693875112,0.8449669360764144,18.582375478927204,2644.0,0,1.0,2108.0,True,2006,2010,-5.242364152657702
68320,GUADALUPE,SANTANDER,Andina,2014,4.9409237379162185,15.329418088075709,-10.38849435015949,1.8578727357176037,13.986380303823992,2644.0,0,1.0,1944.0,True,2006,2010,-3.08586280894208
68322,GUAPOTA,SANTANDER,Andina,2014,5.6865464632454925,14.67253107385474,-8.985984610609247,0.5154639175257731,12.57309941520468,2644.0,0,1.0,774.0,True,2006,2010,-1.6833530693918366
68324,GUAVATA,SANTANDER,Andina,2014,5.436337625178827,15.421946919181243,-9.985609294002415,2.265951103160406,13.367129135538956,2644.0,0,1.0,1514.0,True,2006,2010,-2.682977752785005
68327,GUEPSA,SANTANDER,Andina,2014,10.803127221037668,17.670837490493067,-6.867710269455399,8.383961117861482,10.699681962744208,2644.0,0,1.0,1530.0,True,2006,2010,0.43492127176201123
68344,HATO,SANTANDER,Andina,2014,7.307692307692308,16.65337322392883,-9.345680916236523,3.022974607013301,19.90566037735849,2644.0,0,1.0,854.0,True,2006,2010,-2.0430493750191125
68368,JESUS MARIA,SANTANDER,Andina,2014,4.854368932038835,16.74241465324649,-11.888045721207657,5.903527717782577,12.52092400401741,2644.0,0,1.0,1106.0,True,2006,2010,-4.585414179990247
68370,JORDAN,SANTANDER,Andina,2014,3.820224719101124,15.361819150502274,-11.541594431401151,1.0183299389002036,24.84952708512468,2644.0,0,0.922,461.0,True,2006,2010,-4.238962890183741
68377,LA BELLEZA,SANTANDER,Andina,2014,3.089187842551071,14.590142861595519,-11.500955019044447,0.6213592233009709,11.363636363636363,2644.0,0,1.0,2081.0,True,2006,2010,-4.198323477827037
68385,LANDAZURI,SANTANDER,Andina,2014,7.425742574257425,16.8315645254552,-9.405821951197774,5.129507364144235,17.538728198461705,2644.0,0,1.0,3113.0,True,2006,2010,-2.103190409980364
68397,LA PAZ,SANTANDER,Andina,2014,5.178268251273345,14.7930079541283,-9.614739702854955,1.321079839172889,8.178625188158556,2644.0,0,1.0,1244.0,True,2006,2010,-2.3121081616375445
68406,LEBRIJA,SANTANDER,Andina,2014,7.869731178429302,15.40102390886798,-7.531292730438678,2.250524639988422,10.215227333871402,2644.0,0,1.0,13327.0,True,2006,2010,-0.22866118922126777
68418,LOS SANTOS,SANTANDER,Andina,2014,8.32286432160804,15.966640141914128,-7.643775820306088,2.2393630256282657,21.123921631863254,2644.0,0,1.0,3489.0,True,2006,2010,-0.3411442790886774
68425,MACARAVITA,SANTANDER,Andina,2014,1.7985611510791366,15.207610559572725,-13.409049408493589,1.0546500479386385,24.272300469483568,2644.0,0,1.0,852.0,True,2006,2010,-6.106417867276178
68432,MALAGA,SANTANDER,Andina,2014,10.59582770523788,15.512395260870509,-4.9165675556326285,3.440335906812949,7.640414984412531,2644.0,0,1.0,7171.0,True,2006,2010,2.386063985584782
68444,MATANZA,SANTANDER,Andina,2014,4.768454837230628,15.017687778150826,-10.249232940920198,1.5861027190332326,13.937360178970918,2644.0,0,1.0,2299.0,True,2006,2010,-2.9466013997027876
68464,MOGOTES,SANTANDER,Andina,2014,6.863860447478196,16.26064612107276,-9.396785673594565,3.018046048537648,20.97300504301394,2644.0,0,1.0,3012.0,True,2006,2010,-2.094154132377154
68468,MOLAGAVITA,SANTANDER,Andina,2014,1.88953488372093,15.293501634202784,-13.403966750481853,0.547945205479452,26.845466155810985,2644.0,0,1.0,1439.0,True,2006,2010,-6.101335209264443
68498,OCAMONTE,SANTANDER,Andina,2014,4.595336076817558,14.950239136009106,-10.354903059191548,1.3457556935817805,12.232752920432004,2644.0,0,1.0,1554.0,True,2006,2010,-3.0522715179741375
68500,OIBA,SANTANDER,Andina,2014,11.09717868338558,15.223630016293653,-4.126451332908072,1.6295913088463527,12.592665810022734,2644.0,0,1.0,3513.0,True,2006,2010,3.1761802083093382
68502,ONZAGA,SANTANDER,Andina,2014,6.640316205533598,15.748110697809416,-9.107794492275818,1.351351351351351,26.04378818737271,2644.0,0,1.0,1374.0,True,2006,2010,-1.8051629510584082
68522,PALMAR,SANTANDER,Andina,2014,4.752851711026616,15.137077547783425,-10.384225836756809,1.9230769230769231,14.228295819935692,2644.0,0,1.0,545.0,True,2006,2010,-3.0815942955393982
68524,PALMAS DEL SOCORRO,SANTANDER,Andina,2014,4.840370751802266,15.088283015303219,-10.247912263500954,1.875,12.088815789473683,2644.0,0,1.0,1008.0,True,2006,2010,-2.9452807222835435
68533,PARAMO,SANTANDER,Andina,2014,7.642276422764227,14.83942402501123,-7.197147602247003,1.1928429423459244,10.424710424710424,2644.0,0,1.0,1361.0,True,2006,2010,0.10548393897040764
68547,PIEDECUESTA,SANTANDER,Andina,2014,17.543731066158507,16.403638698734582,1.1400923674239252,6.158714192912973,5.552151155368313,2644.0,0,1.0,44705.0,True,2006,2010,8.442723908641335
68549,PINCHOTE,SANTANDER,Andina,2014,9.899328859060402,15.787585510232386,-5.888256651171984,4.1454545454545455,7.067534215840252,2644.0,0,1.0,1288.0,True,2006,2010,1.4143748900454263
68572,PUENTE NACIONAL,SANTANDER,Andina,2014,9.754418177645167,16.045710169586417,-6.29129199194125,5.020007275372863,7.2122721066581,2644.0,0,1.0,4709.0,True,2006,2010,1.01133954927616
68573,PUERTO PARRA,SANTANDER,Andina,2014,7.392197125256674,15.861628170603709,-8.469431045347035,2.713178294573644,18.45212068211631,2644.0,0,1.0,1591.0,True,2006,2010,-1.1667995041296244
68575,PUERTO WILCHES,SANTANDER,Andina,2014,20.36149022500922,20.43466316012296,-0.0731729351137389,14.054821448072513,32.099817023156035,2644.0,0,1.0,8568.0,True,2006,2010,7.229458606103671
68615,RIONEGRO,SANTANDER,Andina,2014,5.769230769230769,15.749059249469884,-9.979828480239114,2.8725500362957583,16.272341774660166,2644.0,0,1.0,8648.0,True,2006,2010,-2.6771969390217034
68655,SABANA DE TORRES,SANTANDER,Andina,2014,11.569430710552338,17.956515672037895,-6.387084961485558,8.577878103837472,21.065733458402484,2644.0,0,1.0,7476.0,True,2006,2010,0.9155465797318527
68669,SAN ANDRES,SANTANDER,Andina,2014,5.674255691768827,15.01661217380964,-9.342356482040813,1.3982102908277405,13.487789605510333,2644.0,0,1.0,2994.0,True,2006,2010,-2.039724940823403
68673,SAN BENITO,SANTANDER,Andina,2014,3.2537960954446854,15.07777830859418,-11.823982213149495,1.859099804305284,11.977818853974124,2644.0,0,1.0,980.0,True,2006,2010,-4.521350671932085
68679,SAN GIL,SANTANDER,Andina,2014,21.10924369747899,16.26195705159164,4.847286645887351,5.765256173175242,5.023489808752266,2644.0,0,1.0,16445.0,True,2006,2010,12.149918187104761
68682,SAN JOAQUIN,SANTANDER,Andina,2014,5.347593582887701,15.504089914896072,-10.156496332008372,1.0893246187363834,12.87494231656668,2644.0,0,1.0,809.0,True,2006,2010,-2.8538647907909613
68684,SAN JOSE DE MIRANDA,SANTANDER,Andina,2014,4.934021801491681,15.999526208450554,-11.065504406958873,2.075098814229249,26.234269119070667,2644.0,0,1.0,1816.0,True,2006,2010,-3.7628728657414623
68686,SAN MIGUEL,SANTANDER,Andina,2014,2.337023370233702,15.31498458746032,-12.977961217226618,1.8584070796460177,17.87916152897657,2644.0,0,1.0,864.0,True,2006,2010,-5.675329676009207
68689,SAN VICENTE DE CHUCURI,SANTANDER,Andina,2014,14.47835344215756,16.767939747336822,-2.2895863051792613,4.56140350877193,22.17663421418637,2644.0,0,1.0,9305.0,True,2006,2010,5.013045236038149
68705,SANTA BARBARA,SANTANDER,Andina,2014,4.993429697766097,15.536295324117084,-10.542865626350988,2.054794520547945,16.74854845913354,2644.0,0,1.0,812.0,True,2006,2010,-3.2402340851335776
68720,SANTA HELENA DEL OPON,SANTANDER,Andina,2014,2.571711177052423,16.084277145849278,-13.512565968796855,1.7747440273037545,22.658227848101262,2644.0,0,1.0,1109.0,True,2006,2010,-6.209934427579444
68745,SIMACOTA,SANTANDER,Andina,2014,6.336206896551724,16.724917826998144,-10.38871093044642,4.332273449920509,24.797009923959276,2644.0,0,1.0,2480.0,True,2006,2010,-3.0860793892290097
68755,SOCORRO,SANTANDER,Andina,2014,10.492778249787596,15.640507364006776,-5.14772911421918,4.246996367700475,4.134598792062122,2644.0,0,1.0,10177.0,True,2006,2010,2.1549024269982304
68770,SUAITA,SANTANDER,Andina,2014,5.755131964809384,15.683996520569066,-9.92886455575968,2.9567854435178167,14.166380592745163,2644.0,0,1.0,2995.0,True,2006,2010,-2.6262330145422705
68773,SUCRE,SANTANDER,Andina,2014,4.408914728682171,15.298660010539306,-10.889745281857135,2.187698161065314,15.319642265650876,2644.0,0,1.0,2175.0,True,2006,2010,-3.587113740639724
68780,SURATA,SANTANDER,Andina,2014,4.901960784313726,15.242577502742195,-10.34061671842847,1.710526315789474,17.869318181818183,2644.0,0,1.0,1394.0,True,2006,2010,-3.037985177211059
68820,TONA,SANTANDER,Andina,2014,7.699950322901143,15.442446300126196,-7.742495977225054,2.4310595065312044,13.45808383233533,2644.0,0,1.0,2304.0,True,2006,2010,-0.43986443600764336
68855,VALLE DE SAN JOSE,SANTANDER,Andina,2014,10.40398450470393,15.688607753867958,-5.284623249164028,3.645320197044335,8.923512747875353,2644.0,0,1.0,1930.0,True,2006,2010,2.0180082920533824
68861,VELEZ,SANTANDER,Andina,2014,10.976292701138696,17.12179358255318,-6.145500881414485,7.131716999858216,12.697203786312697,2644.0,0,1.0,6132.0,True,2006,2010,1.1571306598029256
68867,VETAS,SANTANDER,Andina,2014,2.898550724637681,14.401771523363358,-11.503220798725676,0.7322175732217573,8.683314415437003,2644.0,0,1.0,685.0,True,2006,2010,-4.200589257508266
68872,VILLANUEVA,SANTANDER,Andina,2014,8.98876404494382,15.305782174820685,-6.317018129876864,2.563249001331558,9.308550185873608,2644.0,0,1.0,2627.0,True,2006,2010,0.9856134113405464
68895,ZAPATOCA,SANTANDER,Andina,2014,9.216226860968886,15.393290652349075,-6.1770637913801885,3.146633102580239,6.632825719120135,2644.0,0,1.0,2772.0,True,2006,2010,1.1255677498372219
70001,SINCELEJO,SUCRE,Caribe,2014,14.278074866310162,26.369488952936983,-12.091414086626822,32.88115999065317,18.89944185195352,3356.0,0,1.0,68041.0,True,2006,2010,-4.788782545409411
70110,BUENAVISTA,SUCRE,Caribe,2014,4.578120841096619,26.689537444962642,-22.111416603866022,31.824164253750983,36.571714142928535,3356.0,0,1.0,3877.0,True,2006,2010,-14.808785062648612
70124,CAIMITO,SUCRE,Caribe,2014,5.194805194805195,20.72460250930455,-15.529797314499355,15.463917525773196,32.18813292326157,3356.0,0,1.0,3868.0,True,2006,2010,-8.227165773281945
70204,COLOSO,SUCRE,Caribe,2014,2.2491967154587647,20.258696743702572,-18.009500028243806,10.046237915090376,61.027809816737154,3356.0,0,1.0,2880.0,True,2006,2010,-10.706868487026396
70215,COROZAL,SUCRE,Caribe,2014,15.508565951838984,25.54692112024971,-10.038355168410726,30.83949543279687,18.18885919086381,3356.0,0,1.0,17596.0,True,2006,2010,-2.735723627193316
70221,COVENAS,SUCRE,Caribe,2014,6.789250353606789,22.214330697285245,-15.425080343678456,19.696176008381357,28.20699226753024,3356.0,0,1.0,4446.0,True,2006,2010,-8.122448802461046
70230,CHALAN,SUCRE,Caribe,2014,3.961456102783726,19.900550126581592,-15.939094023797866,9.371069182389936,60.271186440677965,3356.0,0,1.0,1906.0,True,2006,2010,-8.636462482580455
70233,EL ROBLE,SUCRE,Caribe,2014,5.823569951757409,31.96931222353255,-26.14574227177514,47.08722240102993,34.72307377886777,3356.0,0,1.0,3013.0,True,2006,2010,-18.843110730557733
70235,GALERAS,SUCRE,Caribe,2014,5.273200346921075,18.20954025911524,-12.936339912194164,8.633215070113195,26.99244033796136,3356.0,0,1.0,5995.0,True,2006,2010,-5.633708370976754
70265,GUARANDA,SUCRE,Caribe,2014,1.8953752843062923,18.204031630403385,-16.30865634609709,4.642776650890241,58.17006018696376,3356.0,0,1.0,4022.0,True,2006,2010,-9.006024804879681
70400,LA UNION,SUCRE,Caribe,2014,6.089644513137558,23.990631560629804,-17.900987047492247,24.527203956939196,33.4144222415291,3356.0,0,1.0,3335.0,True,2006,2010,-10.598355506274837
70418,LOS PALMITOS,SUCRE,Caribe,2014,7.250232805640548,28.138798448788677,-20.88856564314813,37.87779667669764,22.234437268104987,3356.0,0,1.0,7764.0,True,2006,2010,-13.58593410193072
70429,MAJAGUAL,SUCRE,Caribe,2014,2.882973380210949,18.15739295008476,-15.27441956987381,5.517115804806992,51.64612837962112,3356.0,0,1.0,10159.0,True,2006,2010,-7.9717880286564
70473,MORROA,SUCRE,Caribe,2014,10.012038523274478,23.584269760041206,-13.572231236766727,24.059616749467708,28.514436405436477,3356.0,0,1.0,5226.0,True,2006,2010,-6.269599695549317
70508,OVEJAS,SUCRE,Caribe,2014,7.850811557499712,21.563123608951983,-13.71231205145227,18.075735041757238,29.27537526804861,3356.0,0,1.0,8961.0,True,2006,2010,-6.40968051023486
70523,PALMITO,SUCRE,Caribe,2014,7.690156599552572,19.462028241850902,-11.77187164229833,10.067991631799163,45.14919419179831,3356.0,0,1.0,3670.0,True,2006,2010,-4.469240101080919
70670,SAMPUES,SUCRE,Caribe,2014,5.655194700274681,25.831441041796573,-20.176246341521892,28.469079939668173,41.49763543044131,3356.0,0,1.0,12879.0,True,2006,2010,-12.873614800304482
70678,SAN BENITO ABAD,SUCRE,Caribe,2014,4.62962962962963,20.98776366871642,-16.35813403908679,15.828076866656888,36.22750970169731,3356.0,0,1.0,6963.0,True,2006,2010,-9.055502497869378
70702,SAN JUAN DE BETULIA,SUCRE,Caribe,2014,5.596529284164859,31.46030338495444,-25.86377410078958,46.89683518290177,25.396352809825085,3356.0,0,1.0,4807.0,True,2006,2010,-18.56114255957217
70708,SAN MARCOS,SUCRE,Caribe,2014,4.154084713947605,18.61123257016464,-14.457147856217034,9.516790566521404,30.154740692112917,3356.0,0,1.0,12820.0,True,2006,2010,-7.154516314999624
70713,SAN ONOFRE,SUCRE,Caribe,2014,9.427639121615664,23.02752942588844,-13.599890304272774,20.64810291483472,41.90857524190857,3356.0,0,1.0,11700.0,True,2006,2010,-6.297258763055364
70717,SAN PEDRO,SUCRE,Caribe,2014,6.304152972811473,27.23353138111382,-20.929378408302348,34.05300774270399,30.08328706274292,3356.0,0,1.0,7064.0,True,2006,2010,-13.626746867084938
70742,SAN LUIS DE SINCE,SUCRE,Caribe,2014,6.121766280107047,24.86471692279609,-18.742950642689046,27.2126570497906,30.717503643831986,3356.0,0,1.0,9527.0,True,2006,2010,-11.440319101471635
70771,SUCRE,SUCRE,Caribe,2014,2.166644376086666,18.30932142291211,-16.142677046825444,6.574850299401197,48.30420090943223,3356.0,0,1.0,7608.0,True,2006,2010,-8.840045505608034
70820,SANTIAGO DE TOLU,SUCRE,Caribe,2014,9.205171175484796,24.613817759265842,-15.408646583781046,27.12957900492072,23.750468574284643,3356.0,0,1.0,8837.0,True,2006,2010,-8.106015042563635
70823,SAN JOSE DE TOLUVIEJO,SUCRE,Caribe,2014,4.765222237703775,20.082961098450806,-15.317738860747031,13.86861313868613,30.64942844306893,3356.0,0,1.0,7396.0,True,2006,2010,-8.015107319529621
73001,IBAGUE,TOLIMA,Andina,2014,15.988271604938271,16.285587226099953,-0.2973156211616814,5.298381481462928,5.424858164713121,13171.0,0,1.0,178981.0,True,2006,2010,7.005315920055729
73024,ALPUJARRA,TOLIMA,Andina,2014,2.763496143958869,15.247731200269719,-12.484235056310851,2.055555555555556,12.475442043222005,13171.0,0,1.0,1624.0,True,2006,2010,-5.181603515093441
73026,ALVARADO,TOLIMA,Andina,2014,7.706355003652302,18.80992613225954,-11.10357112860724,11.26326600479288,14.064362336114424,13171.0,0,1.0,2941.0,True,2006,2010,-3.800939587389829
73030,AMBALEMA,TOLIMA,Andina,2014,10.192147034252296,17.518382330107144,-7.326235295854849,7.474623192863734,16.477621091354997,13171.0,0,1.0,2574.0,True,2006,2010,-0.023603754637438357
73043,ANZOATEGUI,TOLIMA,Andina,2014,6.224737267582862,16.510546159995727,-10.285808892412865,3.775933609958506,20.906336451060465,13171.0,0,1.0,2606.0,True,2006,2010,-2.9831773511954545
73055,ARMERO,TOLIMA,Andina,2014,13.66809881847476,18.92558092240582,-5.257482103931061,11.29560847716845,14.930248984637116,13171.0,0,1.0,3963.0,True,2006,2010,2.0451494372863497
73067,ATACO,TOLIMA,Andina,2014,3.369639210347175,16.612329782284213,-13.242690571937038,2.4001401541695864,34.77330113074981,13171.0,0,1.0,6061.0,True,2006,2010,-5.9400590307196275
73124,CAJAMARCA,TOLIMA,Andina,2014,11.723614274867122,15.72893351390243,-4.005319239035307,2.8871758934828318,11.22827346465817,13171.0,0,1.0,7292.0,True,2006,2010,3.297312302182103
73148,CARMEN DE APICALA,TOLIMA,Andina,2014,6.376573617952928,15.82870068467594,-9.452127066723012,3.16288877174486,8.550031204493447,13171.0,0,1.0,3923.0,True,2006,2010,-2.1494955255056016
73152,CASABIANCA,TOLIMA,Andina,2014,5.0875273522975935,15.921458824256234,-10.83393147195864,2.9491833030853,14.90174672489083,13171.0,0,1.0,1919.0,True,2006,2010,-3.5312999307412305
73168,CHAPARRAL,TOLIMA,Andina,2014,7.60732057012735,17.024557703551558,-9.417237133424209,4.848112918073029,21.12399065269198,13171.0,0,1.0,12630.0,True,2006,2010,-2.1146055922067983
73200,COELLO,TOLIMA,Andina,2014,10.975143403441685,17.037221407287227,-6.062078003845542,5.959086866291136,15.730486991327552,13171.0,0,1.0,2762.0,True,2006,2010,1.2405535373718681
73217,COYAIMA,TOLIMA,Andina,2014,19.41469013006886,21.09314155204653,-1.6784514219776696,14.751085867023054,37.57039844202326,13171.0,0,1.0,5496.0,True,2006,2010,5.624180119239741
73226,CUNDAY,TOLIMA,Andina,2014,4.268719384184744,15.769914752058433,-11.501195367873688,2.738095238095238,19.02860087606287,13171.0,0,1.0,2940.0,True,2006,2010,-4.198563826656278
73236,DOLORES,TOLIMA,Andina,2014,7.353552139592854,17.675008398213556,-10.321456258620703,8.086077600260841,17.956485816579455,13171.0,0,1.0,2533.0,True,2006,2010,-3.0188247174032927
73268,ESPINAL,TOLIMA,Andina,2014,9.819317421369618,16.81436774563293,-6.99505032426331,5.8900431064942405,8.89183314973055,13171.0,0,1.0,24417.0,True,2006,2010,0.3075812169540999
73270,FALAN,TOLIMA,Andina,2014,8.123620309050773,17.017514918158383,-8.89389460910761,5.034588777863182,18.78402903811252,13171.0,0,1.0,2457.0,True,2006,2010,-1.5912630678901998
73275,FLANDES,TOLIMA,Andina,2014,13.037469287469287,16.711884709517815,-3.6744154220485274,6.039017974572556,7.04163462594749,13171.0,0,1.0,7000.0,True,2006,2010,3.628216119168883
73283,FRESNO,TOLIMA,Andina,2014,8.701049542940979,16.133097019653597,-7.432047476712619,3.624442218377197,11.777175423964415,13171.0,0,1.0,9604.0,True,2006,2010,-0.12941593549520825
73319,GUAMO,TOLIMA,Andina,2014,8.237861429350792,16.471155493885842,-8.23329406453505,4.855259864853592,14.3426426030826,13171.0,0,1.0,9680.0,True,2006,2010,-0.9306625233176398
73347,HERVEO,TOLIMA,Andina,2014,8.280254777070063,16.39258409979272,-8.112329322722658,4.051927616050354,15.673636220720011,13171.0,0,1.0,2317.0,True,2006,2010,-0.809697781505248
73349,HONDA,TOLIMA,Andina,2014,13.276768642447417,17.13174122582368,-3.8549725833762647,6.990881458966565,10.301938205950863,13171.0,0,1.0,9121.0,True,2006,2010,3.4476589578411456
73352,ICONONZO,TOLIMA,Andina,2014,11.45063801208865,17.546102638806012,-6.095464626717362,7.884558167212139,13.428199218358554,13171.0,0,1.0,3192.0,True,2006,2010,1.207166914500048
73408,LERIDA,TOLIMA,Andina,2014,22.09724238026125,19.33554035324675,2.7617020270145005,12.789212207239176,13.723410523834778,13171.0,0,1.0,5868.0,True,2006,2010,10.06433356823191
73411,LIBANO,TOLIMA,Andina,2014,16.00206700542589,17.17191341438093,-1.169846408955042,6.968145620022753,11.445599951347075,13171.0,0,1.0,12616.0,True,2006,2010,6.132785132262368
73443,SAN SEBASTIAN DE MARIQUITA,TOLIMA,Andina,2014,11.986691182908675,16.968842893599867,-4.982151710691191,6.203546986533225,12.04139775568347,13171.0,0,1.0,12628.0,True,2006,2010,2.320479830526219
73449,MELGAR,TOLIMA,Andina,2014,5.88076125191666,15.860067666300369,-9.979306414383709,3.477769708706528,9.498711988866846,13171.0,0,1.0,11794.0,True,2006,2010,-2.6766748731662986
73461,MURILLO,TOLIMA,Andina,2014,8.54126679462572,16.799633329990677,-8.258366535364956,4.949784791965567,14.48626045400239,13171.0,0,1.0,1171.0,True,2006,2010,-0.9557349941475461
73483,NATAGAIMA,TOLIMA,Andina,2014,20.015869867089865,18.692315265416212,1.3235546016736528,9.932170542635658,20.65994115174443,13171.0,0,1.0,5261.0,True,2006,2010,8.626186142891063
73504,ORTEGA,TOLIMA,Andina,2014,8.171032012536378,16.85773860639345,-8.686706593857073,3.909006499535748,28.346031960083607,13171.0,0,1.0,9434.0,True,2006,2010,-1.3840750526396626
73520,PALOCABILDO,TOLIMA,Andina,2014,12.723492723492724,17.457540327408747,-4.734047603916023,6.78851174934726,17.294296909011756,13171.0,0,1.0,2608.0,True,2006,2010,2.568583937301387
73547,PIEDRAS,TOLIMA,Andina,2014,18.0,18.618166937580078,-0.618166937580078,10.858369098712446,12.341428053642623,13171.0,0,1.0,1817.0,True,2006,2010,6.684464603637332
73555,PLANADAS,TOLIMA,Andina,2014,9.902200488997554,17.921064248067598,-8.018863759070044,5.500658761528326,30.46086592568479,13171.0,0,1.0,6239.0,True,2006,2010,-0.7162322178526335
73563,PRADO,TOLIMA,Andina,2014,5.226960110041266,15.985888279469007,-10.75892816942774,2.92515055921996,17.711896617255796,13171.0,0,1.0,3064.0,True,2006,2010,-3.45629662821033
73585,PURIFICACION,TOLIMA,Andina,2014,13.934426229508196,17.223600626803414,-3.289174397295218,6.387932779914962,15.1239926984551,13171.0,0,1.0,8451.0,True,2006,2010,4.013457143922192
73616,RIOBLANCO,TOLIMA,Andina,2014,6.736741519350215,18.181887919314793,-11.445146399964578,4.357682619647355,34.078153684762654,13171.0,0,1.0,4609.0,True,2006,2010,-4.142514858747168
73622,RONCESVALLES,TOLIMA,Andina,2014,8.144475920679886,15.806949044860833,-7.662473124180947,1.9732654360280075,16.70920871784803,13171.0,0,1.0,1523.0,True,2006,2010,-0.3598415829635364
73624,ROVIRA,TOLIMA,Andina,2014,5.975692099932478,16.124854331596396,-10.149162231663919,2.815793613339625,20.840751730959447,13171.0,0,1.0,6261.0,True,2006,2010,-2.8465306904465084
73671,SALDANA,TOLIMA,Andina,2014,15.10580819450698,16.36942516332006,-1.2636169688130785,3.2125336287387243,19.94601505895724,13171.0,0,1.0,4776.0,True,2006,2010,6.039014572404332
73675,SAN ANTONIO,TOLIMA,Andina,2014,3.934593765968319,15.987533378011628,-12.052939612043309,1.8509615384615383,26.25893012719986,13171.0,0,1.0,4084.0,True,2006,2010,-4.7503080708258985
73678,SAN LUIS,TOLIMA,Andina,2014,6.042228212039532,15.76324091363265,-9.721012701593118,2.6669053159119387,16.088639920916055,13171.0,0,1.0,4688.0,True,2006,2010,-2.4183811603757075
73686,SANTA ISABEL,TOLIMA,Andina,2014,4.474505723204994,15.396888516111389,-10.922382792906394,2.246256239600666,12.315957023477916,13171.0,0,1.0,2000.0,True,2006,2010,-3.6197512516889834
73770,SUAREZ,TOLIMA,Andina,2014,4.556213017751479,16.385151990110515,-11.828938972359037,4.056246619794483,18.86244921648288,13171.0,0,1.0,1748.0,True,2006,2010,-4.5263074311416265
73854,VALLE DE SAN JUAN,TOLIMA,Andina,2014,4.522096608427543,15.587108409139397,-11.065011800711854,2.346805736636245,16.459351399378054,13171.0,0,1.0,2003.0,True,2006,2010,-3.762380259494444
73861,VENADILLO,TOLIMA,Andina,2014,8.43819393042191,17.273554432999266,-8.835360502577355,6.66136408828793,17.97919762258544,13171.0,0,1.0,4352.0,True,2006,2010,-1.532728961359945
73870,VILLAHERMOSA,TOLIMA,Andina,2014,5.011476664116297,16.043151406547942,-11.031674742431644,3.130041949015812,13.908450704225352,13171.0,0,1.0,2756.0,True,2006,2010,-3.7290432012142336
73873,VILLARRICA,TOLIMA,Andina,2014,5.043301069791136,15.859672064254145,-10.816370994463009,2.8665028665028665,17.842157842157842,13171.0,0,1.0,2030.0,True,2006,2010,-3.5137394532455986
76001,CALI,VALLE DEL CAUCA,Pacifica,2014,21.923089978615028,18.707685873499372,3.215404105115656,9.68739625554912,4.113592637677799,64755.0,0,1.0,547830.0,True,2006,2010,10.518035646333066
76020,ALCALA,VALLE DEL CAUCA,Pacifica,2014,9.43802097337994,19.942160501693234,-10.504139528313294,11.779059449866905,11.63173037402384,64755.0,0,1.0,4050.0,True,2006,2010,-3.2015079870958836
76036,ANDALUCIA,VALLE DEL CAUCA,Pacifica,2014,19.284414796846576,18.39824287527318,0.8861719215733963,8.270487682252387,5.850858309874703,64755.0,0,1.0,7186.0,True,2006,2010,8.188803462790807
76041,ANSERMANUEVO,VALLE DEL CAUCA,Pacifica,2014,9.299781181619256,16.858437212760233,-7.558656031140977,3.4957934435741223,12.759568078717017,64755.0,0,1.0,6778.0,True,2006,2010,-0.25602448992356663
76054,ARGELIA,VALLE DEL CAUCA,Pacifica,2014,3.622872108249672,16.61749044507203,-12.994618336822358,2.556818181818182,15.754792332268371,64755.0,0,1.0,2360.0,True,2006,2010,-5.691986795604947
76100,BOLIVAR,VALLE DEL CAUCA,Pacifica,2014,7.55880337976707,17.217099721903768,-9.658296342136698,4.207238655153408,15.706165911216637,64755.0,0,1.0,4644.0,True,2006,2010,-2.3556648009192873
76109,BUENAVENTURA,VALLE DEL CAUCA,Pacifica,2014,14.384918954624752,18.751672794742397,-4.366753840117646,7.650740828777434,16.653757380673436,64755.0,0,1.0,64544.0,True,2006,2010,2.9358777010997645
76111,GUADALAJARA DE BUGA,VALLE DEL CAUCA,Pacifica,2014,18.3981116386363,18.5570872546266,-0.1589756159903004,8.88431580810763,4.1891287769216605,64755.0,0,1.0,41353.0,True,2006,2010,7.14365592522711
76113,BUGALAGRANDE,VALLE DEL CAUCA,Pacifica,2014,25.76722640416908,21.41311097814514,4.354115426023938,16.53756301487766,10.44484793463459,64755.0,0,1.0,7490.0,True,2006,2010,11.656746967241348
76122,CAICEDONIA,VALLE DEL CAUCA,Pacifica,2014,7.641259006446719,16.95894423474823,-9.31768522830151,4.374259771022503,8.460890861778662,64755.0,0,1.0,11435.0,True,2006,2010,-2.0150536870841
76126,CALIMA,VALLE DEL CAUCA,Pacifica,2014,17.09763709317878,18.33400918192436,-1.2363720887455791,7.461003570757377,8.735014985014985,64755.0,0,1.0,4815.0,True,2006,2010,6.066259452471831
76130,CANDELARIA,VALLE DEL CAUCA,Pacifica,2014,22.68202312396768,22.518087552421004,0.16393557154667704,19.327795723734813,6.442464490818424,64755.0,0,1.0,24963.0,True,2006,2010,7.466567112764087
76147,CARTAGO,VALLE DEL CAUCA,Pacifica,2014,16.155317202960006,17.290168356935837,-1.1348511539758306,5.326295585412668,5.3997188977384045,64755.0,0,1.0,39735.0,True,2006,2010,6.16778038724158
76233,DAGUA,VALLE DEL CAUCA,Pacifica,2014,6.892145169534844,17.32692747779305,-10.434782308258205,4.947304241790785,10.981036662452592,64755.0,0,1.0,12450.0,True,2006,2010,-3.1321507670407946
76243,EL AGUILA,VALLE DEL CAUCA,Pacifica,2014,5.145565335138795,16.437122286087465,-11.29155695094867,1.9966722129783692,13.929201139292012,64755.0,0,1.0,3172.0,True,2006,2010,-3.9889254097312605
76246,EL CAIRO,VALLE DEL CAUCA,Pacifica,2014,6.057866184448463,16.704109080815073,-10.646242896366608,3.0327214684756583,12.299724874575174,64755.0,0,1.0,2334.0,True,2006,2010,-3.343611355149198
76248,EL CERRITO,VALLE DEL CAUCA,Pacifica,2014,26.57443609022556,22.436412959447864,4.138023130777697,19.59342560553633,6.818223961134084,64755.0,0,1.0,18018.0,True,2006,2010,11.440654671995107
76250,EL DOVIO,VALLE DEL CAUCA,Pacifica,2014,4.809976247030879,17.067473579018078,-12.2574973319872,3.3279220779220777,16.701977401129945,64755.0,0,1.0,3533.0,True,2006,2010,-4.954865790769789
76275,FLORIDA,VALLE DEL CAUCA,Pacifica,2014,29.719093499796443,22.563677378247437,7.155416121549006,19.65727304244465,8.605899607061819,64755.0,0,1.0,16122.0,True,2006,2010,14.458047662766417
76306,GINEBRA,VALLE DEL CAUCA,Pacifica,2014,15.246861924686192,18.233712465731404,-2.9868505410452126,7.437227074235809,5.982274741506647,64755.0,0,1.0,6524.0,True,2006,2010,4.315781000172198
76318,GUACARI,VALLE DEL CAUCA,Pacifica,2014,20.26831785345717,21.24766109309791,-0.9793432396407411,15.881933297663634,7.181787969425058,64755.0,0,1.0,10486.0,True,2006,2010,6.323288301576669
76364,JAMUNDI,VALLE DEL CAUCA,Pacifica,2014,16.96018503221543,18.652314348136613,-1.692129315921182,8.68493464801651,6.56047197640118,64755.0,0,1.0,33433.0,True,2006,2010,5.610502225296228
76377,LA CUMBRE,VALLE DEL CAUCA,Pacifica,2014,10.680287903413047,17.17657087273545,-6.496282969322403,4.866769434045364,9.237479554482436,64755.0,0,1.0,4560.0,True,2006,2010,0.8063485718950076
76400,LA UNION,VALLE DEL CAUCA,Pacifica,2014,9.956185326745596,16.895531230072358,-6.939345903326762,3.722124177763517,8.999897844519358,64755.0,0,1.0,11780.0,True,2006,2010,0.36328563789064816
76403,LA VICTORIA,VALLE DEL CAUCA,Pacifica,2014,10.5573287503069,17.487756180876442,-6.930427430569543,5.862006189695976,8.37407206228499,64755.0,0,1.0,4394.0,True,2006,2010,0.37220411064786774
76497,OBANDO,VALLE DEL CAUCA,Pacifica,2014,10.897755610972569,18.296645532070237,-7.398889921097668,7.179930795847751,12.342752962625342,64755.0,0,1.0,4385.0,True,2006,2010,-0.09625837988025765
76520,PALMIRA,VALLE DEL CAUCA,Pacifica,2014,23.325551294923127,19.426508894764098,3.899042400159029,11.414466866391573,4.569262600568901,64755.0,0,1.0,90352.0,True,2006,2010,11.20167394137644
76563,PRADERA,VALLE DEL CAUCA,Pacifica,2014,19.344363692593166,20.714820519206707,-1.370456826613541,14.041033710585246,10.377878913253344,64755.0,0,1.0,14225.0,True,2006,2010,5.932174714603869
76606,RESTREPO,VALLE DEL CAUCA,Pacifica,2014,8.102815177478579,17.45447637728637,-9.35166119980779,5.0395256916996045,9.24363181747148,64755.0,0,1.0,4474.0,True,2006,2010,-2.0490296585903796
76616,RIOFRIO,VALLE DEL CAUCA,Pacifica,2014,17.71000535045479,19.056905097400502,-1.346899746945713,10.0,9.18942040350752,64755.0,0,1.0,5994.0,True,2006,2010,5.955731794271697
76622,ROLDANILLO,VALLE DEL CAUCA,Pacifica,2014,10.717245189209097,17.565335757699764,-6.848090568490667,6.602695910440941,5.809445115362614,64755.0,0,1.0,11628.0,True,2006,2010,0.4545409727267433
76670,SAN PEDRO,VALLE DEL CAUCA,Pacifica,2014,12.227873855544251,18.529413383317404,-6.301539527773153,6.867811301883648,7.514563106796117,64755.0,0,1.0,5317.0,True,2006,2010,1.0010920134442571
76736,SEVILLA,VALLE DEL CAUCA,Pacifica,2014,14.518041673725223,18.12723460357546,-3.609192929850236,6.451612903225806,10.188224994528344,64755.0,0,1.0,13090.0,True,2006,2010,3.693438611367174
76823,TORO,VALLE DEL CAUCA,Pacifica,2014,5.625913297613249,16.547302901995266,-10.921389604382018,2.953348382242288,10.855154126615844,64755.0,0,1.0,4393.0,True,2006,2010,-3.6187580631646075
76828,TRUJILLO,VALLE DEL CAUCA,Pacifica,2014,7.753554502369668,17.543674316077258,-9.79011981370759,4.931549471064094,14.952541151027274,64755.0,0,1.0,5602.0,True,2006,2010,-2.4874882724901806
76834,TULUA,VALLE DEL CAUCA,Pacifica,2014,20.8047140481527,18.544465483154305,2.2602485649983954,8.663284697900144,5.547420893401234,64755.0,0,1.0,60980.0,True,2006,2010,9.562880106215806
76845,ULLOA,VALLE DEL CAUCA,Pacifica,2014,6.712564543889846,16.794347476954687,-10.081782933064842,3.632478632478633,7.942162615255658,64755.0,0,1.0,1859.0,True,2006,2010,-2.7791513918474315
76863,VERSALLES,VALLE DEL CAUCA,Pacifica,2014,5.839668279198341,15.868131000576918,-10.028462721378578,1.6801680168016802,10.460452430611262,64755.0,0,1.0,3039.0,True,2006,2010,-2.725831180161167
76869,VIJES,VALLE DEL CAUCA,Pacifica,2014,10.03904071388734,18.065679383802344,-8.026638669915004,7.493014986029972,7.131551997020762,64755.0,0,1.0,3793.0,True,2006,2010,-0.7240071286975933
76890,YOTOCO,VALLE DEL CAUCA,Pacifica,2014,10.26655560183257,18.178024140807615,-7.911468538975045,7.320671215194542,8.79300215418761,64755.0,0,1.0,5167.0,True,2006,2010,-0.6088369977576349
76892,YUMBO,VALLE DEL CAUCA,Pacifica,2014,27.961458530134134,22.38242704292208,5.5790314872120526,19.21549558311046,7.678036851203778,64755.0,0,1.0,34985.0,True,2006,2010,12.881663028429463
76895,ZARZAL,VALLE DEL CAUCA,Pacifica,2014,19.50144141088689,19.99343809605479,-0.49199668516789785,12.848011363636363,6.094923018195699,64755.0,0,1.0,13106.0,True,2006,2010,6.8106348560495125
81001,ARAUCA,ARAUCA,Orinoquia,2014,6.556881051175657,16.614053332590824,-10.057172281415166,2.911978821972204,31.560754049600064,3831.0,0,1.0,24797.0,True,2006,2010,-2.754540740197756
81065,ARAUQUITA,ARAUCA,Orinoquia,2014,23.73895696779709,22.648431917790955,1.0905250500061356,17.776861208496598,41.56453017212511,3831.0,0,1.0,7465.0,True,2006,2010,8.393156591223546
81220,CRAVO NORTE,ARAUCA,Orinoquia,2014,3.7934668071654376,16.281923320122445,-12.488456512957008,2.3508137432188065,29.82985729967069,3831.0,0,1.0,1010.0,True,2006,2010,-5.1858249717395974
81300,FORTUL,ARAUCA,Orinoquia,2014,25.530481643651058,26.31849111143629,-0.7880094677852334,28.272656855151045,34.44866045762907,3831.0,0,1.0,3297.0,True,2006,2010,6.514622073432177
81591,PUERTO RONDON,ARAUCA,Orinoquia,2014,1.4177693761814745,15.478514551635383,-14.060745175453908,0.3593890386343217,23.088057901085644,3831.0,0,1.0,1126.0,True,2006,2010,-6.758113634236498
81736,SARAVENA,ARAUCA,Orinoquia,2014,16.581271121770413,20.24155760105812,-3.6602864792877057,12.907538825465393,27.95057194230843,3831.0,0,1.0,10241.0,True,2006,2010,3.6423450619297046
81794,TAME,ARAUCA,Orinoquia,2014,11.539241533157576,18.054426225692943,-6.515184692535367,6.813406703351676,30.124200225818598,3831.0,0,1.0,10586.0,True,2006,2010,0.787446848682043
85001,YOPAL,CASANARE,Orinoquia,2014,11.608489431924983,15.603605408695138,-3.9951159767701547,3.2653577146709365,11.534975854166936,1469.0,0,1.0,49548.0,True,2006,2010,3.3075155644472556
85010,AGUAZUL,CASANARE,Orinoquia,2014,11.814840878880288,15.387553578117089,-3.572712699236801,2.3887855814618795,14.035560344827584,1469.0,0,1.0,13995.0,True,2006,2010,3.7299188419806093
85015,CHAMEZA,CASANARE,Orinoquia,2014,5.860349127182045,14.796546907231383,-8.936197780049337,0.92485549132948,17.424629535002556,1469.0,0,1.0,836.0,True,2006,2010,-1.6335662388319268
85125,HATO COROZAL,CASANARE,Orinoquia,2014,7.576243980738363,15.819829280762747,-8.243585300024383,1.351702625422407,33.03595812471552,1469.0,0,1.0,3264.0,True,2006,2010,-0.9409537588069732
85136,LA SALINA,CASANARE,Orinoquia,2014,16.558441558441558,21.844761590654095,-5.2863200322125365,14.285714285714285,24.190800681431003,1469.0,0,0.736,368.0,True,2006,2010,2.0163115090048738
85139,MANI,CASANARE,Orinoquia,2014,8.704108922927304,15.843109423471452,-7.139000500544148,3.157670151482825,15.736633201027317,1469.0,0,1.0,4424.0,True,2006,2010,0.16363104067326262
85162,MONTERREY,CASANARE,Orinoquia,2014,13.62397820163488,15.048435516516431,-1.4244573148815505,2.42492072374557,8.295615753563467,1469.0,0,1.0,5597.0,True,2006,2010,5.87817422633586
85225,NUNCHIA,CASANARE,Orinoquia,2014,4.919748778785764,16.087525624477834,-11.167776845692071,1.6551724137931034,34.039514401333015,1469.0,0,1.0,3051.0,True,2006,2010,-3.8651453044746606
85230,OROCUE,CASANARE,Orinoquia,2014,11.233740638549468,15.9150237162448,-4.681283077695332,1.6427718040621269,29.919375157470395,1469.0,0,1.0,2735.0,True,2006,2010,2.6213484635220787
85250,PAZ DE ARIPORO,CASANARE,Orinoquia,2014,7.398062171982237,15.587771650001681,-8.189709478019445,1.9385813932421416,22.467310637295324,1469.0,0,1.0,10392.0,True,2006,2010,-0.8870779368020347
85263,PORE,CASANARE,Orinoquia,2014,6.370523415977962,15.495771613868342,-9.12524819789038,1.1730205278592376,27.072599531615925,1469.0,0,1.0,3077.0,True,2006,2010,-1.8226166566729702
85279,RECETOR,CASANARE,Orinoquia,2014,13.705583756345176,16.577219641335297,-2.8716358849901216,2.857142857142857,28.130081300813007,1469.0,0,1.0,634.0,True,2006,2010,4.430995656227289
85300,SABANALARGA,CASANARE,Orinoquia,2014,13.20754716981132,14.898406615371634,-1.6908594455603136,1.6069221260815822,11.78036605657238,1469.0,0,1.0,1436.0,True,2006,2010,5.611772095657097
85315,SACAMA,CASANARE,Orinoquia,2014,24.017467248908297,18.952338738384643,5.065128510523653,7.9422382671480145,30.56716417910448,1469.0,0,0.98,490.0,True,2006,2010,12.367760051741064
85325,SAN LUIS DE PALENQUE,CASANARE,Orinoquia,2014,5.7926829268292686,15.01427457391957,-9.221591647090301,0.9418096199125462,18.30285099515869,1469.0,0,1.0,2428.0,True,2006,2010,-1.9189601058728911
85400,TAMARA,CASANARE,Orinoquia,2014,7.203630175836643,16.103514887105074,-8.899884711268431,0.7731958762886598,37.55537325676784,1469.0,0,1.0,1879.0,True,2006,2010,-1.5972531700510206
85410,TAURAMENA,CASANARE,Orinoquia,2014,12.456701305622168,15.57999993346357,-3.123298627841402,2.822470684483229,14.613866967305524,1469.0,0,1.0,8002.0,True,2006,2010,4.179332913376008
85430,TRINIDAD,CASANARE,Orinoquia,2014,6.979902227050516,15.555968338490642,-8.576066111440126,1.859229747675963,21.5660882327549,1469.0,0,1.0,3907.0,True,2006,2010,-1.2734345702227152
85440,VILLANUEVA,CASANARE,Orinoquia,2014,11.58445440956652,15.616025875141563,-4.031571465575043,2.9946053066167564,12.672367549146443,1469.0,0,1.0,8679.0,True,2006,2010,3.2710600756423673
86001,MOCOA,PUTUMAYO,Amazonia,2014,18.54011002545365,19.691439950776736,-1.1513299253230862,14.208785291176245,10.665384534983382,9875.0,0,1.0,12929.0,True,2006,2010,6.151301615894324
86219,COLON,PUTUMAYO,Amazonia,2014,14.383954154727792,19.4397160114641,-5.055761856736307,14.022517911975434,9.963454510482784,9875.0,0,1.0,1818.0,True,2006,2010,2.246869684481103
86320,ORITO,PUTUMAYO,Amazonia,2014,25.754158443755287,33.16750088540899,-7.413342441653704,51.17852712304048,22.742310991300087,9875.0,0,1.0,7494.0,True,2006,2010,-0.11071090043629361
86568,PUERTO ASIS,PUTUMAYO,Amazonia,2014,14.783355602214163,23.108979309099688,-8.325623706885525,21.78812922614576,19.342262916003502,9875.0,0,1.0,11283.0,True,2006,2010,-1.0229921656681142
86569,PUERTO CAICEDO,PUTUMAYO,Amazonia,2014,13.177041228779304,29.86985362667596,-16.692812397896652,41.37812821391841,19.6625157913734,9875.0,0,1.0,2628.0,True,2006,2010,-9.390180856679242
86571,PUERTO GUZMAN,PUTUMAYO,Amazonia,2014,18.6036036036036,19.515307166641396,-0.911703563037797,9.12863070539419,36.165279429250894,9875.0,0,1.0,2450.0,True,2006,2010,6.390927978179613
86573,PUERTO LEGUIZAMO,PUTUMAYO,Amazonia,2014,10.512037978975924,18.774909175212777,-8.262871196236853,8.276450511945391,34.1136400497378,9875.0,0,1.0,3128.0,True,2006,2010,-0.9602396550194428
86749,SIBUNDOY,PUTUMAYO,Amazonia,2014,24.3097972147569,21.82209267275872,2.4877045419981805,20.649405772495754,8.152096659559346,9875.0,0,1.0,4294.0,True,2006,2010,9.79033608321559
86755,SAN FRANCISCO,PUTUMAYO,Amazonia,2014,12.854030501089325,19.318784748894917,-6.464754247805592,13.745210727969347,7.589928057553957,9875.0,0,1.0,1925.0,True,2006,2010,0.8378772934118182
86757,SAN MIGUEL,PUTUMAYO,Amazonia,2014,13.058419243986256,31.55195224272073,-18.493532998734473,46.56040268456376,23.023807811263755,9875.0,0,1.0,3035.0,True,2006,2010,-11.190901457517063
86760,SANTIAGO,PUTUMAYO,Amazonia,2014,12.114413909141897,18.16322223159794,-6.048808322456042,8.40258541089566,23.6691597008359,9875.0,0,1.0,1837.0,True,2006,2010,1.2538232187613687
86865,VALLE DEL GUAMUEZ,PUTUMAYO,Amazonia,2014,14.287727208679724,33.31583784919982,-19.028110640520097,52.73873000484731,16.847145488029465,9875.0,0,1.0,7414.0,True,2006,2010,-11.725479099302687
86885,VILLAGARZON,PUTUMAYO,Amazonia,2014,16.736217878321984,20.131406280990902,-3.395188402668918,14.688128772635814,14.651681303180595,9875.0,0,1.0,4827.0,True,2006,2010,3.9074431385484925
88001,SAN ANDRES,ARCHIPIELAGO DE SAN ANDRES PROVIDENCIA Y SANTA CATALINA,Caribe,2014,9.667673716012084,16.435880460789456,-6.7682067447773715,4.860986547085202,15.55360484187669,10.0,0,1.0,7565.0,True,2006,2010,0.5344247964400388
88564,PROVIDENCIA,ARCHIPIELAGO DE SAN ANDRES PROVIDENCIA Y SANTA CATALINA,Caribe,2014,2.8515240904621435,15.253928769219794,-12.40240467875765,2.447163515016685,8.536853685368538,10.0,0,1.0,1082.0,True,2006,2010,-5.0997731375402395
91001,LETICIA,AMAZONAS,Amazonia,2014,15.061918018623404,18.342560816354702,-3.280642797731298,8.612111854520501,27.357347166335387,297.0,0,1.0,11020.0,True,2006,2010,4.021988743486112
91263,EL ENCANTO,AMAZONAS,Amazonia,2014,7.84313725490196,16.28935211155516,-8.446214856653201,2.631578947368421,37.50763591936469,297.0,0,0.422,211.0,True,2006,2010,-1.1435833154357908
91405,LA CHORRERA,AMAZONAS,Amazonia,2014,3.6511156186612577,22.727865807620958,-19.0767501889597,20.62780269058296,35.81580443433769,297.0,0,1.0,505.0,True,2006,2010,-11.77411864774229
91407,LA PEDRERA,AMAZONAS,Amazonia,2014,9.67741935483871,18.168595207198184,-8.491175852359474,1.530612244897959,78.83190883190883,297.0,0,0.248,124.0,True,2006,2010,-1.1885443111420635
91430,LA VICTORIA,AMAZONAS,Amazonia,2014,50.0,29.699401066609287,20.300598933390713,33.33333333333333,90.96385542168674,297.0,1,0.012,6.0,True,2006,2010,27.603230474608125
91460,MIRITI  PARANA,AMAZONAS,Amazonia,2014,17.02127659574468,19.187668433478237,-2.1663918377335563,0.0,85.76470588235294,297.0,0,0.102,51.0,True,2006,2010,5.136239703483854
91530,PUERTO ALEGRIA,AMAZONAS,Amazonia,2014,3.225806451612903,18.686898086491993,-15.46109163487909,8.695652173913043,42.87812041116006,297.0,0,0.126,63.0,True,2006,2010,-8.15846009366168
91536,PUERTO ARICA,AMAZONAS,Amazonia,2014,3.937007874015748,15.850202836991855,-11.913194962976107,1.7857142857142856,34.595300261096604,297.0,0,0.264,132.0,True,2006,2010,-4.610563421758696
91540,PUERTO NARINO,AMAZONAS,Amazonia,2014,10.187110187110187,19.811436590753438,-9.62432640364325,11.325611325611328,41.74146014735432,297.0,0,1.0,1495.0,True,2006,2010,-2.32169486242584
91669,PUERTO SANTANDER,AMAZONAS,Amazonia,2014,8.108108108108109,18.794988734797265,-10.686880626689156,7.262569832402235,49.49179046129789,297.0,0,0.234,117.0,True,2006,2010,-3.3842490854717457
91798,TARAPACA,AMAZONAS,Amazonia,2014,6.59025787965616,21.61272155708294,-15.022463677426778,15.107913669064748,50.79477216531261,297.0,0,0.724,362.0,True,2006,2010,-7.719832136209368
94001,INIRIDA,GUAINIA,Amazonia,2014,7.478061808470048,18.20003675099748,-10.721974942527432,5.017667844522968,50.79994074512999,414.0,0,1.0,5451.0,True,2006,2010,-3.4193434013100212
94343,BARRANCOMINAS,GUAINIA,Amazonia,2014,13.535911602209945,18.251220248993313,-4.7153086467833685,0.967741935483871,76.26066718386346,414.0,0,0.76,380.0,True,2006,2010,2.587322894434042
94663,MAPIRIPANA,GUAINIA,Amazonia,2014,29.545454545454547,17.22886893901113,12.316585606443418,1.5384615384615383,64.83516483516483,414.0,0,0.184,92.0,True,2006,2010,19.619217147660827
94883,SAN FELIPE,GUAINIA,Amazonia,2014,1.5384615384615383,18.182965101684438,-16.644503563222898,1.0101010101010102,88.39122486288848,414.0,0,0.272,136.0,True,2006,2010,-9.341872022005488
94884,PUERTO COLOMBIA,GUAINIA,Amazonia,2014,4.424778761061947,18.959689775449952,-14.534911014388005,0.0,95.9637561779242,414.0,0,0.234,117.0,True,2006,2010,-7.232279473170594
94885,LA GUADALUPE,GUAINIA,Amazonia,2014,3.125,18.080543523725606,-14.955543523725606,0.0,93.63057324840764,414.0,0,0.064,32.0,True,2006,2010,-7.652911982508195
94886,CACAHUAL,GUAINIA,Amazonia,2014,0.0,17.01714501166986,-17.01714501166986,0.0,71.66392092257001,414.0,1,0.04,20.0,True,2006,2010,-9.71451347045245
94887,PANA PANA,GUAINIA,Amazonia,2014,0.0,18.07914341610643,-18.07914341610643,0.0,93.6016511867905,414.0,0,0.29,145.0,True,2006,2010,-10.77651187488902
94888,MORICHAL,GUAINIA,Amazonia,2014,0.0,18.498219412631457,-18.498219412631457,0.0,92.36641221374046,414.0,1,0.05,25.0,True,2006,2010,-11.195587871414046
95001,SAN JOSE DEL GUAVIARE,GUAVIARE,Amazonia,2014,6.4055993620979885,16.81475299692465,-10.409153634826662,4.537481888202547,23.781936028057093,2175.0,0,1.0,12248.0,True,2006,2010,-3.106522093609252
95015,CALAMAR,GUAVIARE,Amazonia,2014,7.671957671957672,19.238003187075947,-11.566045515118276,8.548850574712644,40.177215189873415,2175.0,0,1.0,1606.0,True,2006,2010,-4.263413973900866
95025,EL RETORNO,GUAVIARE,Amazonia,2014,2.469135802469136,16.341800986919143,-13.872665184450007,2.023121387283237,31.88103053814781,2175.0,0,1.0,3489.0,True,2006,2010,-6.5700336432325965
95200,MIRAFLORES,GUAVIARE,Amazonia,2014,5.103280680437424,17.04441746311579,-11.941136782678363,2.861230329041488,40.06959980114343,2175.0,0,1.0,881.0,True,2006,2010,-4.638505241460953
97001,MITU,VAUPES,Amazonia,2014,8.246168815373387,18.981457277416308,-10.73528846204292,5.573951434878588,66.74059698733943,250.0,0,1.0,4229.0,True,2006,2010,-3.4326569208255098
97161,CARURU,VAUPES,Amazonia,2014,4.297994269340974,16.448957065908356,-12.150962796567383,1.4792899408284024,44.351669941060905,250.0,0,0.728,364.0,True,2006,2010,-4.848331255349972
97511,PACOA,VAUPES,Amazonia,2014,4.672897196261682,24.28740987039312,-19.614512674131436,17.613636363636363,93.6474694589878,250.0,0,0.218,109.0,True,2006,2010,-12.311881132914026
97666,TARAIRA,VAUPES,Amazonia,2014,4.054054054054054,20.529791926299097,-16.47573787224504,8.064516129032258,78.93738140417457,250.0,0,0.456,228.0,True,2006,2010,-9.17310633102763
97777,PAPUNAHUA,VAUPES,Amazonia,2014,0.0,17.758661692833357,-17.758661692833357,0.0,87.03703703703704,250.0,1,0.046,23.0,True,2006,2010,-10.456030151615947
97889,YAVARATE,VAUPES,Amazonia,2014,7.308970099667775,17.482860784396625,-10.17389068472885,0.0,76.65847665847666,250.0,0,0.622,311.0,True,2006,2010,-2.8712591435114394
99001,PUERTO CARRENO,VICHADA,Orinoquia,2014,7.556512378902045,17.25573938542521,-9.699227006523163,3.8004196782466777,41.98469253101082,702.0,0,1.0,4868.0,True,2006,2010,-2.3965954653057526
99524,LA PRIMAVERA,VICHADA,Orinoquia,2014,2.410939186757827,16.261689398261872,-13.850750211504046,0.8376545672118069,46.57580536156792,702.0,0,1.0,2874.0,True,2006,2010,-6.548118670286636
99624,SANTA ROSALIA,VICHADA,Orinoquia,2014,2.952029520295203,15.916185142837545,-12.964155622542343,1.262135922330097,36.96251378169791,702.0,0,1.0,1114.0,True,2006,2010,-5.661524081324933
99773,CUMARIBO,VICHADA,Orinoquia,2014,4.2042042042042045,19.28205888888625,-15.077854684682046,3.1866464339908958,87.48560844971718,702.0,0,1.0,3133.0,True,2006,2010,-7.775223143464636
05001,MEDELLIN,ANTIOQUIA,Andina,2018,7.879215421657185,24.514534132192257,-16.63531871053507,17.54147589271048,5.230398664972173,36702.0,0,1.0,1008459.0,True,2006,2014,-21.206360593253827
05002,ABEJORRAL,ANTIOQUIA,Andina,2018,2.906333912494077,19.151459080100217,-16.24512516760614,7.0509977827051,13.958914243441644,36702.0,0,1.0,6497.0,True,2006,2014,-20.8161670503249
05004,ABRIAQUI,ANTIOQUIA,Andina,2018,1.1282051282051282,17.02690882313238,-15.898703694927253,2.26928895612708,11.630079402148528,36702.0,0,1.0,988.0,True,2006,2014,-20.46974557764601
05021,ALEJANDRIA,ANTIOQUIA,Andina,2018,3.3818694222639736,20.608444732933272,-17.226575310669297,3.7475345167652856,12.676424464192367,36702.0,0,1.0,2191.0,True,2006,2014,-21.797617193388056
05030,AMAGA,ANTIOQUIA,Andina,2018,5.954989046006771,22.42957583363293,-16.47458678762616,12.310261080752884,9.66388129051598,36702.0,0,1.0,10420.0,True,2006,2014,-21.045628670344918
05031,AMALFI,ANTIOQUIA,Andina,2018,4.560545168617858,24.602237068027186,-20.04169189940933,16.46412037037037,22.377240454793704,36702.0,0,1.0,5987.0,True,2006,2014,-24.61273378212809
05034,ANDES,ANTIOQUIA,Andina,2018,4.762540912430699,20.421795849513156,-15.659254937082457,8.89331814730448,12.288330137467254,36702.0,0,1.0,15344.0,True,2006,2014,-20.230296819801215
05036,ANGELOPOLIS,ANTIOQUIA,Andina,2018,3.526550466153223,20.963186258166395,-17.43663579201317,9.811320754716984,13.026132056652704,36702.0,0,1.0,2543.0,True,2006,2014,-22.00767767473193
05038,ANGOSTURA,ANTIOQUIA,Andina,2018,4.281009879253568,21.316648130714356,-17.03563825146079,9.358178053830228,20.52380952380953,36702.0,0,1.0,2897.0,True,2006,2014,-21.60668013417955
05040,ANORI,ANTIOQUIA,Andina,2018,14.83007209062822,21.20498183664668,-6.37490974601846,9.903244166192374,27.996131795261448,36702.0,0,1.0,3060.0,True,2006,2014,-10.945951628737218
05042,SANTA FE DE ANTIOQUIA,ANTIOQUIA,Andina,2018,8.212765957446809,22.81769978834957,-14.604933830902763,12.233794497124205,14.129582861621529,36702.0,0,1.0,9800.0,True,2006,2014,-19.17597571362152
05044,ANZA,ANTIOQUIA,Andina,2018,2.5597985732270248,19.236699976885106,-16.676901403658082,5.425400739827373,16.332602568117757,36702.0,0,1.0,2460.0,True,2006,2014,-21.247943286376838
05045,APARTADO,ANTIOQUIA,Andina,2018,40.718344747195104,21.213132476961633,19.50521227023347,7.813123435743045,14.6740097512367,36702.0,0,1.0,43302.0,True,2006,2014,14.934170387514714
05051,ARBOLETES,ANTIOQUIA,Andina,2018,28.11334072804276,17.63439085107231,10.47894987697045,2.2808174027686223,62.48715704554968,36702.0,0,1.0,10112.0,True,2006,2014,5.907907994251692
05055,ARGELIA,ANTIOQUIA,Andina,2018,3.106212424849699,17.38724769521184,-14.28103527036214,1.062473438164046,17.13946234962127,36702.0,0,1.0,3048.0,True,2006,2014,-18.8520771530809
05059,ARMENIA,ANTIOQUIA,Andina,2018,5.995599559955996,19.4427281937123,-13.447128633756304,4.784688995215311,8.357348703170029,36702.0,0,1.0,1893.0,True,2006,2014,-18.01817051647506
05079,BARBOSA,ANTIOQUIA,Andina,2018,7.891848747879876,23.757256696274936,-15.86540794839506,16.719292706030945,7.012393267743888,36702.0,0,1.0,21025.0,True,2006,2014,-20.43644983111382
05086,BELMIRA,ANTIOQUIA,Andina,2018,2.824074074074074,20.573787505470374,-17.7497134313963,7.462686567164178,13.385679566274067,36702.0,0,1.0,2248.0,True,2006,2014,-22.32075531411506
05088,BELLO,ANTIOQUIA,Andina,2018,8.894545454545455,25.838766740151645,-16.94422128560619,20.58340103153162,5.575304609973621,36702.0,0,1.0,185250.0,True,2006,2014,-21.51526316832495
05091,BETANIA,ANTIOQUIA,Andina,2018,3.1889895938234303,18.057256730568195,-14.868267136744764,3.1210459721636443,16.21841890790546,36702.0,0,1.0,3031.0,True,2006,2014,-19.439309019463522
05093,BETULIA,ANTIOQUIA,Andina,2018,2.92086046970594,17.77834662994761,-14.85748616024167,2.3350011913271387,17.180967549273344,36702.0,0,1.0,5235.0,True,2006,2014,-19.42852804296043
05101,CIUDAD BOLIVAR,ANTIOQUIA,Andina,2018,4.96576993539678,19.69178694857874,-14.726017013181961,7.299472661670831,11.847006843974704,36702.0,0,1.0,10687.0,True,2006,2014,-19.29705889590072
05107,BRICENO,ANTIOQUIA,Andina,2018,8.84732052578362,20.277396123338995,-11.430075597555376,6.418918918918918,25.66431214261689,36702.0,0,1.0,2088.0,True,2006,2014,-16.001117480274132
05113,BURITICA,ANTIOQUIA,Andina,2018,7.113896056026539,20.283830770906114,-13.169934714879574,5.833333333333333,29.139522258414768,36702.0,0,1.0,2820.0,True,2006,2014,-17.740976597598333
05120,CACERES,ANTIOQUIA,Andina,2018,31.34695421869088,20.504342640649522,10.842611578041357,8.493555884217198,49.83154670750383,36702.0,0,1.0,5478.0,True,2006,2014,6.271569695322599
05125,CAICEDO,ANTIOQUIA,Andina,2018,5.348837209302325,19.131828216073792,-13.782991006771468,4.757233938205002,18.617248752672843,36702.0,0,1.0,2683.0,True,2006,2014,-18.354032889490227
05129,CALDAS,ANTIOQUIA,Andina,2018,6.408971476555517,26.17498155790463,-19.766010081349112,18.93218645466788,5.473141066986087,36702.0,0,1.0,38595.0,True,2006,2014,-24.337051964067868
05134,CAMPAMENTO,ANTIOQUIA,Andina,2018,6.283029947152084,22.369854898949907,-16.086824951797823,13.618677042801556,24.641988651715756,36702.0,0,1.0,1783.0,True,2006,2014,-20.657866834516582
05138,CANASGORDAS,ANTIOQUIA,Andina,2018,3.558607772748557,18.020446332868218,-14.461838560119661,3.640602582496413,22.79162365432827,36702.0,0,1.0,6618.0,True,2006,2014,-19.03288044283842
05142,CARACOLI,ANTIOQUIA,Andina,2018,11.062225015713388,20.130086974533285,-9.067861958819897,9.276595744680852,12.13653603034134,36702.0,0,1.0,1665.0,True,2006,2014,-13.638903841538655
05145,CARAMANTA,ANTIOQUIA,Andina,2018,3.1315240083507305,18.29743300527859,-15.165908996927861,5.057351407716372,8.924806746310612,36702.0,0,1.0,2457.0,True,2006,2014,-19.73695087964662
05147,CAREPA,ANTIOQUIA,Andina,2018,36.74381301558204,20.16447606639924,16.579336949182803,6.75884575747166,20.98233995584989,36702.0,0,1.0,18211.0,True,2006,2014,12.008295066464045
05148,EL CARMEN DE VIBORAL,ANTIOQUIA,Andina,2018,9.000042353140485,26.255784837154536,-17.25574248401405,24.99512955386713,5.846360482035593,36702.0,0,1.0,24481.0,True,2006,2014,-21.82678436673281
05150,CAROLINA,ANTIOQUIA,Andina,2018,6.380575945793337,21.921333758099365,-15.540757812306028,8.601216333622936,6.234939759036145,36702.0,0,1.0,1861.0,True,2006,2014,-20.111799695024786
05154,CAUCASIA,ANTIOQUIA,Andina,2018,30.31861599091577,24.79080644216216,5.527809548753609,19.969655749712253,22.10421624693638,36702.0,0,1.0,31372.0,True,2006,2014,0.9567676660348514
05172,CHIGORODO,ANTIOQUIA,Andina,2018,36.05854286173805,20.892734618511128,15.16580824322692,8.281589568457001,21.194067461031715,36702.0,0,1.0,19606.0,True,2006,2014,10.594766360508162
05190,CISNEROS,ANTIOQUIA,Andina,2018,5.317545748116254,21.962048695569237,-16.644502947452985,11.80089485458613,13.238105949836914,36702.0,0,1.0,4894.0,True,2006,2014,-21.215544830171744
05197,COCORNA,ANTIOQUIA,Andina,2018,3.613800627301241,18.122164847703292,-14.50836422040205,4.806565064478312,14.310004760933143,36702.0,0,1.0,7459.0,True,2006,2014,-19.07940610312081
05206,CONCEPCION,ANTIOQUIA,Andina,2018,2.05840114887506,18.5526341486055,-16.49423299973044,3.918022905364678,12.483978467059728,36702.0,0,1.0,2145.0,True,2006,2014,-21.065274882449195
05209,CONCORDIA,ANTIOQUIA,Andina,2018,2.52904989747095,19.282479882547726,-16.753429985076774,4.820037886760682,18.539500715931023,36702.0,0,1.0,6040.0,True,2006,2014,-21.32447186779553
05212,COPACABANA,ANTIOQUIA,Andina,2018,9.172562458545212,26.788843721148073,-17.61628126260286,23.73902248379236,3.807933962512159,36702.0,0,1.0,37682.0,True,2006,2014,-22.18732314532162
05234,DABEIBA,ANTIOQUIA,Andina,2018,11.388344323649974,19.833542572580676,-8.445198248930701,5.873493975903615,47.26166328600406,36702.0,0,1.0,5825.0,True,2006,2014,-13.01624013164946
05237,DONMATIAS,ANTIOQUIA,Andina,2018,3.37547848277462,21.504532028545377,-18.129053545770756,9.06192314146669,6.100402457106545,36702.0,0,1.0,8921.0,True,2006,2014,-22.70009542848951
05240,EBEJICO,ANTIOQUIA,Andina,2018,3.951367781155015,18.81841186513965,-14.867044083984636,4.111479028697572,13.891310665504214,36702.0,0,1.0,4760.0,True,2006,2014,-19.438085966703394
05250,EL BAGRE,ANTIOQUIA,Andina,2018,23.51264695404346,23.46173832237729,0.050908631666171544,14.33587786259542,35.6179940692759,36702.0,0,1.0,11655.0,True,2006,2014,-4.520133251052586
05264,ENTRERRIOS,ANTIOQUIA,Andina,2018,3.112313937753721,22.872107764232688,-19.759793826478965,10.112781954887218,7.028135322929718,36702.0,0,1.0,4571.0,True,2006,2014,-24.33083570919772
05266,ENVIGADO,ANTIOQUIA,Andina,2018,5.320982627578719,24.35827319702485,-19.03729056944613,16.50706004604821,2.067045443802645,36702.0,0,1.0,151354.0,True,2006,2014,-23.608332452164888
05282,FREDONIA,ANTIOQUIA,Andina,2018,5.923151616035511,21.774613497904205,-15.851461881868694,11.459353574926542,11.128894579598803,36702.0,0,1.0,7472.0,True,2006,2014,-20.422503764587454
05284,FRONTINO,ANTIOQUIA,Andina,2018,9.373769200472628,21.43621180385012,-12.062442603377493,8.012906695348212,34.09576848490876,36702.0,0,1.0,5335.0,True,2006,2014,-16.63348448609625
05306,GIRALDO,ANTIOQUIA,Andina,2018,7.656903765690376,20.118714537851265,-12.461810772160888,8.612099644128115,15.36484081471228,36702.0,0,1.0,2459.0,True,2006,2014,-17.032852654879648
05308,GIRARDOTA,ANTIOQUIA,Andina,2018,7.950107595441142,26.736034355906128,-18.785926760464985,22.672064777327936,5.050714137859656,36702.0,0,1.0,26332.0,True,2006,2014,-23.35696864318374
05310,GOMEZ PLATA,ANTIOQUIA,Andina,2018,3.709721093961549,22.3395474421704,-18.62982634820885,8.85960926851431,10.39941548952752,36702.0,0,1.0,3871.0,True,2006,2014,-23.20086823092761
05313,GRANADA,ANTIOQUIA,Andina,2018,3.814064362336114,18.776308945033513,-14.962244582697398,5.575197171607289,11.039878300554166,36702.0,0,1.0,5188.0,True,2006,2014,-19.533286465416154
05315,GUADALUPE,ANTIOQUIA,Andina,2018,7.991475759190197,24.982547890237896,-16.991072131047698,18.79245283018868,15.315480557593544,36702.0,0,1.0,1985.0,True,2006,2014,-21.562114013766454
05318,GUARNE,ANTIOQUIA,Andina,2018,6.760576017226684,22.932309967146438,-16.171733949919755,14.027215888194188,6.214017224151877,36702.0,0,1.0,23103.0,True,2006,2014,-20.742775832638515
05321,GUATAPE,ANTIOQUIA,Andina,2018,6.820756854747337,22.064005777745393,-15.243248922998056,13.847643641058747,4.358388110888825,36702.0,0,1.0,4540.0,True,2006,2014,-19.814290805716816
05347,HELICONIA,ANTIOQUIA,Andina,2018,5.091383812010443,20.0180987902906,-14.926714978280158,6.027397260273973,12.423019749416012,36702.0,0,1.0,2397.0,True,2006,2014,-19.497756860998916
05353,HISPANIA,ANTIOQUIA,Andina,2018,5.480093676814988,20.00029319151829,-14.5201995147033,5.710401087695445,12.12121212121212,36702.0,0,1.0,2184.0,True,2006,2014,-19.09124139742206
05360,ITAGUI,ANTIOQUIA,Andina,2018,6.891176449460157,25.12437324162193,-18.233196792161774,18.40685714285714,3.946462978254886,36702.0,0,1.0,144199.0,True,2006,2014,-22.80423867488053
05361,ITUANGO,ANTIOQUIA,Andina,2018,11.236783870174577,25.77303570339193,-14.536251833217353,16.436309301456856,35.71002548392344,36702.0,0,1.0,4364.0,True,2006,2014,-19.10729371593611
05364,JARDIN,ANTIOQUIA,Andina,2018,10.464946800757907,20.565649880986783,-10.100703080228875,9.429735234215888,9.78963799895934,36702.0,0,1.0,7051.0,True,2006,2014,-14.671744962947633
05368,JERICO,ANTIOQUIA,Andina,2018,3.224013340744859,20.206852033092865,-16.982838692348007,8.196300102774924,9.053050878145935,36702.0,0,1.0,5590.0,True,2006,2014,-21.553880575066763
05376,LA CEJA,ANTIOQUIA,Andina,2018,4.676563824110982,23.026137499250957,-18.349573675139975,13.830662729341142,4.109752156088931,36702.0,0,1.0,33043.0,True,2006,2014,-22.92061555785873
05380,LA ESTRELLA,ANTIOQUIA,Andina,2018,6.91313307937301,25.276326132328332,-18.363193052955324,18.829096511499944,3.5133279603593923,36702.0,0,1.0,33187.0,True,2006,2014,-22.934234935674084
05390,LA PINTADA,ANTIOQUIA,Andina,2018,6.017538554581192,18.392938731230302,-12.37540017664911,4.3478260869565215,12.854276398294456,36702.0,0,1.0,3430.0,True,2006,2014,-16.946442059367868
05400,LA UNION,ANTIOQUIA,Andina,2018,4.461510330956299,21.394824838901403,-16.933314507945106,10.792463286228871,6.66891696402739,36702.0,0,1.0,11193.0,True,2006,2014,-21.504356390663865
05411,LIBORINA,ANTIOQUIA,Andina,2018,4.041128646580583,19.11323804082216,-15.072109394241577,6.796727501573317,13.857251328777524,36702.0,0,1.0,4299.0,True,2006,2014,-19.643151276960335
05425,MACEO,ANTIOQUIA,Andina,2018,6.157420853906477,20.34750050318009,-14.190079649273613,7.227671657201859,13.178826110806364,36702.0,0,1.0,3527.0,True,2006,2014,-18.761121531992373
05440,MARINILLA,ANTIOQUIA,Andina,2018,7.142857142857142,23.182449812037174,-16.03959266918003,16.916538779364892,5.091896785875962,36702.0,0,1.0,27119.0,True,2006,2014,-20.61063455189879
05467,MONTEBELLO,ANTIOQUIA,Andina,2018,4.004449388209121,19.862323543570298,-15.857874155361177,5.101509630400833,15.524570651249787,36702.0,0,1.0,2810.0,True,2006,2014,-20.428916038079933
05475,MURINDO,ANTIOQUIA,Andina,2018,68.30357142857143,21.340952831791775,46.962618596779656,13.277310924369749,81.73201206376562,36702.0,0,1.0,922.0,True,2006,2014,42.391576714060896
05480,MUTATA,ANTIOQUIA,Andina,2018,20.152477763659466,18.8779773288678,1.2745004347916655,3.5940803382663846,43.36613235994287,36702.0,0,1.0,4060.0,True,2006,2014,-3.2965414479270922
05483,NARINO,ANTIOQUIA,Andina,2018,3.102291783119061,16.393449666099535,-13.291157882980475,1.095890410958904,15.641353645772764,36702.0,0,1.0,3662.0,True,2006,2014,-17.86219976569923
05490,NECOCLI,ANTIOQUIA,Andina,2018,23.048684555545844,18.095760129702853,4.9529244258429905,2.8791657220584903,57.62883914627798,36702.0,0,1.0,11817.0,True,2006,2014,0.38188254312423275
05495,NECHI,ANTIOQUIA,Andina,2018,18.865784499054826,19.313894663276766,-0.4481101642219407,6.962380685008422,54.34456928838952,36702.0,0,1.0,5418.0,True,2006,2014,-5.0191520469406985
05501,OLAYA,ANTIOQUIA,Andina,2018,4.817618719889883,18.191685648474277,-13.374066928584394,2.49728555917481,12.0264803236484,36702.0,0,1.0,1490.0,True,2006,2014,-17.94510881130315
05541,PENOL,ANTIOQUIA,Andina,2018,5.661013141637651,20.94811010556959,-15.28709696393194,10.024918535556832,6.857079350966882,36702.0,0,1.0,9109.0,True,2006,2014,-19.858138846650697
05543,PEQUE,ANTIOQUIA,Andina,2018,4.519161243673174,19.149709898329426,-14.630548654656252,3.64797081623347,27.363114409746533,36702.0,0,1.0,2858.0,True,2006,2014,-19.20159053737501
05576,PUEBLORRICO,ANTIOQUIA,Andina,2018,4.7361299052774015,18.45223184537696,-13.71610194009956,4.155374887082204,15.856706470424882,36702.0,0,1.0,3044.0,True,2006,2014,-18.287143822818315
05579,PUERTO BERRIO,ANTIOQUIA,Andina,2018,12.290871734663927,21.649207538810415,-9.358335804146488,11.911798135939987,13.766030566343494,36702.0,0,1.0,14204.0,True,2006,2014,-13.929377686865246
05585,PUERTO NARE,ANTIOQUIA,Andina,2018,21.02857142857143,21.814660800545816,-0.7860893719743878,17.307692307692307,13.75443225859652,36702.0,0,1.0,5376.0,True,2006,2014,-5.3571312546931456
05591,PUERTO TRIUNFO,ANTIOQUIA,Andina,2018,7.93368857312019,19.539024602184014,-11.605336029063825,6.589057043073342,13.15041962556488,36702.0,0,1.0,6918.0,True,2006,2014,-16.17637791178258
05604,REMEDIOS,ANTIOQUIA,Andina,2018,14.679225164385995,25.407089725145703,-10.727864560759707,18.25148032044584,22.20347262311825,36702.0,0,1.0,5953.0,True,2006,2014,-15.298906443478465
05607,RETIRO,ANTIOQUIA,Andina,2018,3.200136904252588,22.180578325796446,-18.98044142154386,13.2617015013247,4.609101516919487,36702.0,0,1.0,11942.0,True,2006,2014,-23.551483304262618
05615,RIONEGRO,ANTIOQUIA,Andina,2018,6.492214532871972,24.192009511617346,-17.699794978745373,17.575031140567347,5.1980391986138565,36702.0,0,1.0,71694.0,True,2006,2014,-22.270836861464133
05628,SABANALARGA,ANTIOQUIA,Andina,2018,3.998632946001367,18.352278628755336,-14.35364568275397,3.566465956461325,27.569435556124407,36702.0,0,1.0,3042.0,True,2006,2014,-18.924687565472727
05631,SABANETA,ANTIOQUIA,Andina,2018,6.107680641317301,24.23401551000392,-18.12633486868662,16.534743892229244,1.5913267181183388,36702.0,0,1.0,47200.0,True,2006,2014,-22.69737675140538
05642,SALGAR,ANTIOQUIA,Andina,2018,2.4926144756277693,18.99782984343293,-16.50521536780516,5.1120448179271705,16.593553309174137,36702.0,0,1.0,5502.0,True,2006,2014,-21.076257250523916
05647,SAN ANDRES DE CUERQUIA,ANTIOQUIA,Andina,2018,6.0606060606060606,22.421253478938528,-16.36064741833247,8.05316653635653,24.54328832406672,36702.0,0,1.0,1955.0,True,2006,2014,-20.93168930105123
05649,SAN CARLOS,ANTIOQUIA,Andina,2018,5.139521640091116,18.012971320937012,-12.873449680845896,4.2250700841009206,12.071244694914077,36702.0,0,1.0,7200.0,True,2006,2014,-17.444491563564654
05652,SAN FRANCISCO,ANTIOQUIA,Andina,2018,6.711675933280381,17.744161796060254,-11.032485862779874,3.488372093023256,19.797051502967644,36702.0,0,1.0,2573.0,True,2006,2014,-15.603527745498631
05656,SAN JERONIMO,ANTIOQUIA,Andina,2018,3.957131079967024,20.509349066881853,-16.55221798691483,8.075511274252753,13.2871392674941,36702.0,0,1.0,6266.0,True,2006,2014,-21.123259869633586
05658,SAN JOSE DE LA MONTANA,ANTIOQUIA,Andina,2018,3.8539553752535496,21.593143210755755,-17.739187835502207,8.179419525065963,10.230352303523036,36702.0,0,1.0,1537.0,True,2006,2014,-22.310229718220967
05659,SAN JUAN DE URABA,ANTIOQUIA,Andina,2018,24.1445998214817,17.85921415973455,6.285385661747153,3.347562345540328,59.82392957182873,36702.0,0,1.0,6868.0,True,2006,2014,1.714343779028395
05660,SAN LUIS,ANTIOQUIA,Andina,2018,6.430923903622812,19.2111859369055,-12.780262033282689,4.416037187681581,12.992161455987024,36702.0,0,1.0,5879.0,True,2006,2014,-17.35130391600145
05664,SAN PEDRO DE LOS MILAGROS,ANTIOQUIA,Andina,2018,3.7176082776302537,22.49983929953478,-18.782231021904526,9.770462096043492,6.668625146886017,36702.0,0,1.0,11403.0,True,2006,2014,-23.35327290462328
05665,SAN PEDRO DE URABA,ANTIOQUIA,Andina,2018,13.859668148790805,18.692705955135693,-4.833037806344889,4.323570432357044,66.14222990952635,36702.0,0,1.0,9444.0,True,2006,2014,-9.404079689063646
05667,SAN RAFAEL,ANTIOQUIA,Andina,2018,5.148342059336824,20.008041613117715,-14.859699553780892,7.525453740593183,11.117305088795094,36702.0,0,1.0,5925.0,True,2006,2014,-19.430741436499652
05670,SAN ROQUE,ANTIOQUIA,Andina,2018,4.552741263225393,20.18928721514723,-15.636545951921835,7.423687423687424,14.845070422535212,36702.0,0,1.0,6483.0,True,2006,2014,-20.20758783464059
05674,SAN VICENTE FERRER,ANTIOQUIA,Andina,2018,5.327181208053691,19.15133497989742,-13.82415377184373,7.559302657902258,10.974592761438815,36702.0,0,1.0,9808.0,True,2006,2014,-18.395195654562485
05679,SANTA BARBARA,ANTIOQUIA,Andina,2018,6.680118946474087,23.109887305395006,-16.429768358920917,15.576134810991348,9.814068510716249,36702.0,0,1.0,9861.0,True,2006,2014,-21.000810241639677
05686,SANTA ROSA DE OSOS,ANTIOQUIA,Andina,2018,4.014648977335544,22.480021990413796,-18.465373013078253,10.10663848592564,9.225700164744646,36702.0,0,1.0,15329.0,True,2006,2014,-23.03641489579701
05690,SANTO DOMINGO,ANTIOQUIA,Andina,2018,4.761904761904762,20.518060312441165,-15.756155550536402,7.621951219512195,11.544117647058824,36702.0,0,1.0,4307.0,True,2006,2014,-20.327197433255158
05697,EL SANTUARIO,ANTIOQUIA,Andina,2018,4.244673075841908,19.59025908732192,-15.34558601148001,8.082268819795935,6.795570980003305,36702.0,0,1.0,18171.0,True,2006,2014,-19.91662789419877
05736,SEGOVIA,ANTIOQUIA,Andina,2018,22.85348141819735,27.498811055242783,-4.645329637045432,24.03575989782886,23.14920444311018,36702.0,0,1.0,7632.0,True,2006,2014,-9.21637151976419
05756,SONSON,ANTIOQUIA,Andina,2018,3.0766987459900847,19.10431212469848,-16.027613378708395,6.394140354350193,13.235014874359136,36702.0,0,1.0,14194.0,True,2006,2014,-20.598655261427155
05761,SOPETRAN,ANTIOQUIA,Andina,2018,6.363156969590437,20.213076541738097,-13.849919572147659,8.492392807745505,11.306441024144725,36702.0,0,1.0,5857.0,True,2006,2014,-18.420961454866415
05789,TAMESIS,ANTIOQUIA,Andina,2018,6.2884292901062055,21.288962949908644,-15.00053365980244,10.039028620988724,12.407182395031729,36702.0,0,1.0,7409.0,True,2006,2014,-19.571575542521195
05790,TARAZA,ANTIOQUIA,Andina,2018,24.271844660194176,22.424408896760333,1.8474357634338432,14.53168044077135,32.41673632803907,36702.0,0,1.0,5562.0,True,2006,2014,-2.7236061192849146
05792,TARSO,ANTIOQUIA,Andina,2018,7.128514056224899,19.63281238926858,-12.50429833304368,4.330963154492566,16.24158696422246,36702.0,0,1.0,2046.0,True,2006,2014,-17.075340215762438
05809,TITIRIBI,ANTIOQUIA,Andina,2018,3.826086956521739,21.96878977938148,-18.142702822859743,8.41452612931798,11.2238659982883,36702.0,0,1.0,2988.0,True,2006,2014,-22.7137447055785
05819,TOLEDO,ANTIOQUIA,Andina,2018,8.412483039348711,25.366815323735203,-16.954332284386492,10.767590618336886,23.91304347826087,36702.0,0,1.0,1614.0,True,2006,2014,-21.525374167105248
05837,TURBO,ANTIOQUIA,Andina,2018,39.89791578051893,18.70194602697962,21.19596975353931,3.277201561698939,39.15000175112948,36702.0,0,1.0,34404.0,True,2006,2014,16.62492787082055
05842,URAMITA,ANTIOQUIA,Andina,2018,3.8018433179723514,18.379696791518498,-14.577853473546146,3.76249265138154,27.10409320864633,36702.0,0,1.0,2662.0,True,2006,2014,-19.1488953562649
05847,URRAO,ANTIOQUIA,Andina,2018,6.598334401024984,21.61742650450548,-15.019092103480496,6.557668384574374,24.45252945252945,36702.0,0,1.0,8209.0,True,2006,2014,-19.590133986199255
05854,VALDIVIA,ANTIOQUIA,Andina,2018,12.838633686690224,20.767743654955062,-7.929109968264838,9.327036599763874,26.97419859265051,36702.0,0,1.0,2723.0,True,2006,2014,-12.500151850983595
05856,VALPARAISO,ANTIOQUIA,Andina,2018,9.33078393881453,19.26791298153466,-9.93712904272013,7.230142566191446,8.88437384558552,36702.0,0,1.0,2692.0,True,2006,2014,-14.508170925438888
05858,VEGACHI,ANTIOQUIA,Andina,2018,4.891762721394433,22.153286487644543,-17.26152376625011,11.506849315068491,22.03161487336088,36702.0,0,1.0,3679.0,True,2006,2014,-21.832565648968867
05861,VENECIA,ANTIOQUIA,Andina,2018,3.950777202072539,20.738845714136957,-16.788068512064417,8.029942157196325,9.62723803933079,36702.0,0,1.0,4749.0,True,2006,2014,-21.359110394783173
05873,VIGIA DEL FUERTE,ANTIOQUIA,Andina,2018,29.179030662710183,19.653868895581375,9.525161767128807,8.156911581569117,78.25498400196899,36702.0,0,1.0,2064.0,True,2006,2014,4.95411988441005
05885,YALI,ANTIOQUIA,Andina,2018,5.162116040955631,20.98032711667736,-15.818211075721727,8.856088560885608,21.783766442091757,36702.0,0,1.0,2425.0,True,2006,2014,-20.389252958440487
05887,YARUMAL,ANTIOQUIA,Andina,2018,5.621280562128056,22.662157795506186,-17.04087723337813,13.44794852863622,11.751576362926176,36702.0,0,1.0,14653.0,True,2006,2014,-21.611919116096885
05890,YOLOMBO,ANTIOQUIA,Andina,2018,7.195730762609744,21.263329185651266,-14.06759842304152,9.732874900819889,16.11948189267777,36702.0,0,1.0,5997.0,True,2006,2014,-18.638640305760276
05893,YONDO,ANTIOQUIA,Andina,2018,31.57974072957492,24.861116976715394,6.718623752859525,24.36246595692003,26.010404161664667,36702.0,0,1.0,6952.0,True,2006,2014,2.147581870140767
05895,ZARAGOZA,ANTIOQUIA,Andina,2018,19.82909302777238,23.603631760355235,-3.7745387325828545,16.53202538949798,45.77166140029935,36702.0,0,1.0,5370.0,True,2006,2014,-8.345580615301612
08001,BARRANQUILLA,ATLANTICO,Caribe,2018,38.58471783957565,22.66659479600884,15.918123043566812,17.6956024708197,9.102008982599576,492.0,0,1.0,500817.0,True,2006,2014,11.347081160848054
08078,BARANOA,ATLANTICO,Caribe,2018,38.49885226731344,19.422706780401818,19.07614548691162,11.909234352693666,14.277577059531946,492.0,0,1.0,23503.0,True,2006,2014,14.505103604192863
08137,CAMPO DE LA CRUZ,ATLANTICO,Caribe,2018,17.766497461928935,16.45388624585492,1.3126112160740142,3.0765185379963187,34.98027181060938,492.0,0,1.0,8561.0,True,2006,2014,-3.2584306666447436
08141,CANDELARIA,ATLANTICO,Caribe,2018,9.48289836278165,15.52325229546026,-6.0403539326786095,1.286549707602339,32.96014330497089,492.0,0,1.0,6230.0,True,2006,2014,-10.611395815397367
08296,GALAPA,ATLANTICO,Caribe,2018,41.42779225501485,18.63519668625456,22.79259556876029,9.108054138007544,13.652888355691278,492.0,0,1.0,16940.0,True,2006,2014,18.22155368604153
08372,JUAN DE ACOSTA,ATLANTICO,Caribe,2018,24.75992732935375,18.522232550068743,6.2376947792850075,9.397163120567376,17.845761631612493,492.0,0,1.0,7817.0,True,2006,2014,1.6666528965662497
08421,LURUACO,ATLANTICO,Caribe,2018,25.271769584220557,17.351220027355005,7.920549556865552,5.3528431190961285,24.834520924512606,492.0,0,1.0,9111.0,True,2006,2014,3.3495076741467944
08433,MALAMBO,ATLANTICO,Caribe,2018,44.81081081081081,20.219872708081915,24.59093810272889,13.401278723808318,12.915190803983158,492.0,0,1.0,38060.0,True,2006,2014,20.019896220010132
08436,MANATI,ATLANTICO,Caribe,2018,10.59736753290584,15.534411423898998,-4.9370438909931575,2.3415547923821416,23.86523163313056,492.0,0,1.0,5998.0,True,2006,2014,-9.508085773711915
08520,PALMAR DE VARELA,ATLANTICO,Caribe,2018,46.02335316148932,19.191521640347826,26.831831521141492,10.068365444375388,18.16369476132462,492.0,0,1.0,9249.0,True,2006,2014,22.260789638422736
08549,PIOJO,ATLANTICO,Caribe,2018,23.97594889139421,15.39703862531321,8.578910266081001,1.8061408789885611,20.51100070972321,492.0,0,1.0,2697.0,True,2006,2014,4.0078683833622435
08558,POLONUEVO,ATLANTICO,Caribe,2018,38.50931677018634,18.939643479387257,19.56967329079908,10.709046454767726,13.334566302940631,492.0,0,1.0,7688.0,True,2006,2014,14.998631408080323
08560,PONEDERA,ATLANTICO,Caribe,2018,29.45483069682312,15.988326584870771,13.466504111952348,3.005966039467645,23.21459080813258,492.0,0,1.0,7781.0,True,2006,2014,8.89546222923359
08573,PUERTO COLOMBIA,ATLANTICO,Caribe,2018,35.82554517133956,20.302151955735336,15.523393215604226,13.16074653822998,9.170122743077377,492.0,0,1.0,17039.0,True,2006,2014,10.952351332885469
08606,REPELON,ATLANTICO,Caribe,2018,17.5177304964539,16.444167453701336,1.0735630427525642,3.8051988725336674,29.53233596418895,492.0,0,1.0,10033.0,True,2006,2014,-3.4974788399661936
08634,SABANAGRANDE,ATLANTICO,Caribe,2018,42.97373119102269,19.732925667262286,23.2408055237604,9.504197687311896,16.332718577099808,492.0,0,1.0,12040.0,True,2006,2014,18.66976364104164
08638,SABANALARGA,ATLANTICO,Caribe,2018,32.9816592882194,17.164000869224957,15.81765841899444,5.319681456200227,18.143103280127438,492.0,0,1.0,35560.0,True,2006,2014,11.246616536275683
08675,SANTA LUCIA,ATLANTICO,Caribe,2018,15.331807780320366,15.759995452996515,-0.4281876726761489,3.1783869686134287,33.09090909090909,492.0,0,1.0,4845.0,True,2006,2014,-4.999229555394907
08685,SANTO TOMAS,ATLANTICO,Caribe,2018,49.05691056910569,23.262747078196234,25.794163490909455,21.58974358974359,14.789593155229614,492.0,0,1.0,12557.0,True,2006,2014,21.223121608190695
08758,SOLEDAD,ATLANTICO,Caribe,2018,50.49663406579449,22.497968457564564,27.998665608229924,18.521311215175807,8.025927910402341,492.0,0,1.0,121209.0,True,2006,2014,23.427623725511168
08770,SUAN,ATLANTICO,Caribe,2018,18.51254892931154,15.314651616385639,3.1978973129258996,1.9724483406386977,18.2734556733006,492.0,0,1.0,4398.0,True,2006,2014,-1.3731445697928581
08832,TUBARA,ATLANTICO,Caribe,2018,38.220321726735904,18.371923702280917,19.848398024454987,9.775546367395156,16.13461236043403,492.0,0,1.0,5006.0,True,2006,2014,15.27735614173623
08849,USIACURI,ATLANTICO,Caribe,2018,31.464475592073462,16.76850310692834,14.695972485145123,5.139005897219882,13.601592790527087,492.0,0,1.0,4226.0,True,2006,2014,10.124930602426366
11001,BOGOTA DC,BOGOTA DC,Andina,2018,30.382559697266835,25.373429171560865,5.00913052570597,22.288715948803045,3.471188356173964,378.0,0,1.0,3704075.0,True,2006,2014,0.4380886429872124
13001,CARTAGENA DE INDIAS,BOLIVAR,Caribe,2018,46.20122098808596,24.424313518244027,21.77690746984193,21.499841342594227,12.489537193298377,9473.0,0,1.0,303891.0,True,2006,2014,17.20586558712317
13006,ACHI,BOLIVAR,Caribe,2018,12.926992632283993,16.50833150414109,-3.5813388718570973,2.753488372093023,55.91603053435114,9473.0,0,1.0,7525.0,True,2006,2014,-8.152380754575855
13030,ALTOS DEL ROSARIO,BOLIVAR,Caribe,2018,25.86837294332724,17.143863961324847,8.724508982002394,5.277907519850538,58.45265845265845,9473.0,0,1.0,2220.0,True,2006,2014,4.153467099283636
13042,ARENAL,BOLIVAR,Caribe,2018,35.593952483801296,19.576256012617684,16.017696471183612,11.909514304723883,36.26726182173246,9473.0,0,1.0,2350.0,True,2006,2014,11.446654588464854
13052,ARJONA,BOLIVAR,Caribe,2018,45.97712680577849,22.479365867290568,23.49776093848792,14.607139693506957,26.983606557377048,9473.0,0,1.0,20521.0,True,2006,2014,18.926719055769162
13062,ARROYOHONDO,BOLIVAR,Caribe,2018,12.051282051282053,16.705439923912298,-4.654157872630245,4.631217838765009,41.87143211715066,9473.0,0,1.0,3162.0,True,2006,2014,-9.225199755349003
13074,BARRANCO DE LOBA,BOLIVAR,Caribe,2018,21.41125121241513,17.82802206958847,3.58322914282666,7.623568835520804,47.01073779009352,9473.0,0,1.0,4167.0,True,2006,2014,-0.9878127398920977
13140,CALAMAR,BOLIVAR,Caribe,2018,24.164524421593832,17.735513944965824,6.429010476628008,5.761316872427984,40.80263039365823,9473.0,0,1.0,7165.0,True,2006,2014,1.8579685939092503
13160,CANTAGALLO,BOLIVAR,Caribe,2018,35.07511430437623,22.301864789123243,12.773249515252985,18.7871581450654,39.35117835321501,9473.0,0,1.0,3134.0,True,2006,2014,8.202207632534227
13188,CICUCO,BOLIVAR,Caribe,2018,37.18295986210293,17.92706145861147,19.255898403491464,7.975260416666667,33.9405487804878,9473.0,0,1.0,4113.0,True,2006,2014,14.684856520772707
13212,CORDOBA,BOLIVAR,Caribe,2018,42.87473068636504,16.109838526251743,26.7648921601133,3.251886453467481,29.949306296691567,9473.0,0,1.0,6570.0,True,2006,2014,22.19385027739454
13222,CLEMENCIA,BOLIVAR,Caribe,2018,23.13606710158434,19.28204202749789,3.854025074086451,8.004268943436498,84.94320237320021,9473.0,0,1.0,4391.0,True,2006,2014,-0.717016808632307
13244,EL CARMEN DE BOLIVAR,BOLIVAR,Caribe,2018,20.56515605713278,16.776410591788782,3.7887454653439967,2.669197461296637,41.54595108050344,9473.0,0,1.0,23105.0,True,2006,2014,-0.7822964173747611
13248,EL GUAMO,BOLIVAR,Caribe,2018,25.33639645553003,15.829732458287587,9.506663997242441,2.0444444444444447,29.398295382266888,9473.0,0,1.0,3071.0,True,2006,2014,4.935622114523683
13268,EL PENON,BOLIVAR,Caribe,2018,26.43723113023074,17.92598756293349,8.51124356729725,7.592800899887514,47.87116394802322,9473.0,0,1.0,2595.0,True,2006,2014,3.9402016845784917
13300,HATILLO DE LOBA,BOLIVAR,Caribe,2018,13.65991521431936,17.97021987717497,-4.310304662855609,7.944208611279563,50.45029736618522,9473.0,0,1.0,4288.0,True,2006,2014,-8.881346545574367
13430,MAGANGUE,BOLIVAR,Caribe,2018,40.6655534351145,18.381912940186965,22.283640494927532,8.413863256557438,26.45072212503236,9473.0,0,1.0,42694.0,True,2006,2014,17.712598612208772
13433,MAHATES,BOLIVAR,Caribe,2018,26.75619834710744,17.670208407384372,9.085989939723067,7.441305212892956,28.63960887785193,9473.0,0,1.0,7875.0,True,2006,2014,4.514948057004309
13440,MARGARITA,BOLIVAR,Caribe,2018,18.62591431556949,18.266271005039926,0.3596433105295631,8.903278025091057,36.69753086419753,9473.0,0,1.0,3872.0,True,2006,2014,-4.211398572189195
13442,MARIA LA BAJA,BOLIVAR,Caribe,2018,47.92219274977896,17.549807947338227,30.37238480244073,5.270214521452146,46.59870700116944,9473.0,0,1.0,12716.0,True,2006,2014,25.801342919721975
13458,MONTECRISTO,BOLIVAR,Caribe,2018,33.01453710788064,16.313867818261418,16.700669289619224,1.7899199246349504,63.11061618411284,9473.0,0,1.0,2640.0,True,2006,2014,12.129627406900466
13468,SANTA CRUZ DE MOMPOX,BOLIVAR,Caribe,2018,37.16872307804629,20.03014758519744,17.13857549284885,13.45952851004529,29.19762086602328,9473.0,0,1.0,13891.0,True,2006,2014,12.567533610130093
13473,MORALES,BOLIVAR,Caribe,2018,19.834413246940244,17.305004119220378,2.529409127719866,4.4324324324324325,58.68936716993254,9473.0,0,1.0,5651.0,True,2006,2014,-2.0416327549988917
13490,NOROSI,BOLIVAR,Caribe,2018,38.643844634628046,17.563778837690887,21.08006579693716,4.731574158325751,66.32860040567951,9473.0,0,1.0,1556.0,True,2006,2014,16.509023914218403
13549,PINILLOS,BOLIVAR,Caribe,2018,20.953846153846158,17.609362518772055,3.344483635074102,5.830355463607297,62.36669664653733,9473.0,0,1.0,6582.0,True,2006,2014,-1.2265582476446557
13580,REGIDOR,BOLIVAR,Caribe,2018,35.41566554541086,15.981075431110561,19.4345901143003,3.4134007585335016,27.010309278350515,9473.0,0,1.0,2100.0,True,2006,2014,14.863548231581541
13600,RIO VIEJO,BOLIVAR,Caribe,2018,20.459846717760747,17.468193236320964,2.9916534814397835,5.876494023904383,43.53230769230769,9473.0,0,1.0,3044.0,True,2006,2014,-1.5793884012789743
13620,SAN CRISTOBAL,BOLIVAR,Caribe,2018,35.738255033557046,16.336336967241152,19.401918066315893,3.7698412698412698,25.596994902066005,9473.0,0,1.0,3013.0,True,2006,2014,14.830876183597136
13647,SAN ESTANISLAO,BOLIVAR,Caribe,2018,22.69284278868449,18.14849509426869,4.544347694415801,6.425800193986421,32.85506719941882,9473.0,0,1.0,6616.0,True,2006,2014,-0.026694188302956334
13650,SAN FERNANDO,BOLIVAR,Caribe,2018,21.34059008879977,17.760998556579615,3.5795915322201566,7.203179334326876,40.73240589198036,9473.0,0,1.0,3553.0,True,2006,2014,-0.9914503504986012
13654,SAN JACINTO,BOLIVAR,Caribe,2018,26.000416840350145,18.155909456771333,7.8445073835788115,4.15497661990648,93.44401511613096,9473.0,0,1.0,9731.0,True,2006,2014,3.2734655008600537
13655,SAN JACINTO DEL CAUCA,BOLIVAR,Caribe,2018,25.853275794429187,17.50022169725412,8.353054097175068,4.460580912863071,65.04517885876965,9473.0,0,1.0,2585.0,True,2006,2014,3.7820122144563104
13657,SAN JUAN NEPOMUCENO,BOLIVAR,Caribe,2018,23.492660895747083,17.631233607545894,5.861427288201188,5.0,38.39094092398057,9473.0,0,1.0,13500.0,True,2006,2014,1.2903854054824304
13667,SAN MARTIN DE LOBA,BOLIVAR,Caribe,2018,30.504738814194404,19.753534814934497,10.751203999259907,12.419627749576987,45.589959313150814,9473.0,0,1.0,4612.0,True,2006,2014,6.180162116541149
13670,SAN PABLO,BOLIVAR,Caribe,2018,30.30742842063597,23.87045808831769,6.436970332318278,13.507828931993457,39.07422512234911,9473.0,0,1.0,7806.0,True,2006,2014,1.8659284495995205
13673,SANTA CATALINA,BOLIVAR,Caribe,2018,38.175598631698975,19.29477554592883,18.880823085770146,9.034482758620689,57.78189329724339,9473.0,0,1.0,4456.0,True,2006,2014,14.309781203051388
13683,SANTA ROSA,BOLIVAR,Caribe,2018,50.89709218395545,26.890337303901937,24.006754880053514,7.627593942793045,70.91156462585035,9473.0,0,1.0,4946.0,True,2006,2014,19.435712997334754
13688,SANTA ROSA DEL SUR,BOLIVAR,Caribe,2018,12.060867931617508,20.85066727891023,-8.789799347292721,12.48778899381309,28.056736548893124,9473.0,0,1.0,11105.0,True,2006,2014,-13.360841230011479
13744,SIMITI,BOLIVAR,Caribe,2018,20.72861874147672,20.53633131345417,0.19228742802254928,13.101301641199772,34.59119496855346,9473.0,0,1.0,5295.0,True,2006,2014,-4.3787544546962085
13760,SOPLAVIENTO,BOLIVAR,Caribe,2018,54.35016111707841,18.618933915012825,35.73122720206558,9.556057185854025,28.289974964623926,9473.0,0,1.0,3789.0,True,2006,2014,31.160185319346823
13780,TALAIGUA NUEVO,BOLIVAR,Caribe,2018,23.961735884274383,16.9236118736617,7.038124010612684,5.555555555555555,26.344881276761384,9473.0,0,1.0,4338.0,True,2006,2014,2.467082127893926
13810,TIQUISIO,BOLIVAR,Caribe,2018,19.24022346368715,16.998349109996525,2.2418743536906263,3.45252774352651,60.31365107712914,9473.0,0,1.0,4547.0,True,2006,2014,-2.3291675290281315
13836,TURBACO,BOLIVAR,Caribe,2018,44.36540016168149,23.107685526641447,21.257714635040045,17.517866480739062,17.193535271396627,9473.0,0,1.0,25381.0,True,2006,2014,16.686672752321286
13838,TURBANA,BOLIVAR,Caribe,2018,45.4897993592986,19.58055468931886,25.909244669979742,8.84297520661157,48.56536284096757,9473.0,0,1.0,6059.0,True,2006,2014,21.338202787260983
13873,VILLANUEVA,BOLIVAR,Caribe,2018,24.12795370519209,18.84955138224148,5.278402322950612,8.531409168081494,39.92902767920511,9473.0,0,1.0,6399.0,True,2006,2014,0.7073604402318541
13894,ZAMBRANO,BOLIVAR,Caribe,2018,60.28368794326241,16.448828395682277,43.83485954758013,2.60577915376677,41.91079440485616,9473.0,0,1.0,4336.0,True,2006,2014,39.26381766486137
15001,TUNJA,BOYACA,Andina,2018,28.8532721811633,27.56905121864339,1.2842209625199104,34.22407003791278,3.6320047947258014,357.0,0,1.0,82666.0,True,2006,2014,-3.2868209201988474
15022,ALMEIDA,BOYACA,Andina,2018,12.681912681912683,17.970586861611427,-5.288674179698743,8.357348703170029,7.458912768647282,357.0,0,1.0,979.0,True,2006,2014,-9.859716062417501
15047,AQUITANIA,BOYACA,Andina,2018,9.53686336747944,17.29786445090674,-7.761001083427301,7.678278314791173,13.001443001443002,357.0,0,1.0,7110.0,True,2006,2014,-12.332042966146059
15051,ARCABUCO,BOYACA,Andina,2018,21.86886533176286,21.727627378961213,0.14123795280164586,17.12989222915485,8.9407013034698,357.0,0,1.0,2642.0,True,2006,2014,-4.429803929917112
15087,BELEN,BOYACA,Andina,2018,26.51704073150457,22.717315163544974,3.7997255679595945,20.11090573012939,7.634526085768916,357.0,0,1.0,3730.0,True,2006,2014,-0.7713163147591633
15090,BERBEO,BOYACA,Andina,2018,39.57746478873239,24.89361515128624,14.683849637446151,19.53488372093023,15.048543689320388,357.0,0,1.0,739.0,True,2006,2014,10.112807754727394
15092,BETEITIVA,BOYACA,Andina,2018,25.821064552661383,21.440555830013956,4.380508722647427,14.20289855072464,11.134564643799472,357.0,0,1.0,926.0,True,2006,2014,-0.1905331600713307
15097,BOAVITA,BOYACA,Andina,2018,11.543235415804716,18.251216137781096,-6.70798072197638,9.43579766536965,19.748580697485806,357.0,0,1.0,2480.0,True,2006,2014,-11.279022604695138
15104,BOYACA,BOYACA,Andina,2018,23.97626112759644,23.674129144840876,0.3021319827555651,24.6485473289597,11.225402504472273,357.0,0,1.0,1762.0,True,2006,2014,-4.268909899963193
15106,BRICENO,BOYACA,Andina,2018,10.301953818827709,17.08019141584338,-6.778237597015671,5.090909090909091,15.61429270680372,357.0,0,1.0,1162.0,True,2006,2014,-11.34927947973443
15109,BUENAVISTA,BOYACA,Andina,2018,11.303298471440064,17.7069171972891,-6.403618725849038,7.010656197420079,14.599056603773583,357.0,0,1.0,2551.0,True,2006,2014,-10.974660608567795
15114,BUSBANZA,BOYACA,Andina,2018,16.141732283464567,19.048133267587225,-2.9064009841226586,10.27027027027027,10.379464285714286,357.0,0,1.0,529.0,True,2006,2014,-7.477442866841416
15131,CALDAS,BOYACA,Andina,2018,15.145631067961164,22.772883094878804,-7.62725202691764,15.94488188976378,15.3322528363047,357.0,0,1.0,1580.0,True,2006,2014,-12.198293909636398
15135,CAMPOHERMOSO,BOYACA,Andina,2018,8.873974645786726,18.395163035562714,-9.521188389775988,7.040913415794481,20.73937153419593,357.0,0,1.0,1372.0,True,2006,2014,-14.092230272494746
15162,CERINZA,BOYACA,Andina,2018,34.05275779376499,24.106770591079695,9.945987202685295,24.8868778280543,8.608360836083609,357.0,0,1.0,2176.0,True,2006,2014,5.374945319966537
15172,CHINAVITA,BOYACA,Andina,2018,11.154598825831702,19.362605246915045,-8.208006421083343,11.971830985915492,13.359319631467043,357.0,0,1.0,1554.0,True,2006,2014,-12.779048303802101
15176,CHIQUINQUIRA,BOYACA,Andina,2018,20.10628504477362,23.011991566478006,-2.905706521704385,19.42697828923953,5.280662854475435,357.0,0,1.0,24571.0,True,2006,2014,-7.476748404423143
15180,CHISCAS,BOYACA,Andina,2018,7.631738340399758,16.78424456646949,-9.152506226069733,5.256064690026954,28.826317256760525,357.0,0,1.0,1691.0,True,2006,2014,-13.72354810878849
15183,CHITA,BOYACA,Andina,2018,10.85481682496608,17.514401020734518,-6.659584195768437,5.836018617973505,42.7278603749192,357.0,0,1.0,3013.0,True,2006,2014,-11.230626078487195
15185,CHITARAQUE,BOYACA,Andina,2018,9.26347760060744,18.019605507969374,-8.756127907361934,7.737321196358908,22.92040694195093,357.0,0,1.0,2683.0,True,2006,2014,-13.327169790080692
15187,CHIVATA,BOYACA,Andina,2018,20.65217391304348,21.090114275003902,-0.43794036196042185,17.481884057971016,20.553359683794465,357.0,0,1.0,1514.0,True,2006,2014,-5.00898224467918
15189,CIENEGA,BOYACA,Andina,2018,10.02055498458376,17.77500813304684,-7.75445314846308,6.98356807511737,9.995547640249333,357.0,0,1.0,1999.0,True,2006,2014,-12.325495031181838
15204,COMBITA,BOYACA,Andina,2018,27.46886120996441,23.730639950244598,3.7382212597198112,24.50354609929078,10.523498554758593,357.0,0,1.0,4669.0,True,2006,2014,-0.8328206229989465
15212,COPER,BOYACA,Andina,2018,6.826801517067003,17.449438179796367,-10.622636662729363,5.128205128205128,13.845644253063927,357.0,0,1.0,1615.0,True,2006,2014,-15.19367854544812
15215,CORRALES,BOYACA,Andina,2018,26.84172137126185,23.743813438302517,3.097907932959334,22.255489021956087,14.602662363856394,357.0,0,1.0,1395.0,True,2006,2014,-1.4731339497594238
15218,COVARACHIA,BOYACA,Andina,2018,4.242424242424243,16.342285631750723,-12.099861389326481,4.576271186440678,26.831148804934465,357.0,0,1.0,1495.0,True,2006,2014,-16.670903272045237
15223,CUBARA,BOYACA,Andina,2018,41.36363636363637,24.257319757869993,17.106316605766374,18.83067577828398,61.10440555220278,357.0,0,1.0,2119.0,True,2006,2014,12.535274723047616
15224,CUCAITA,BOYACA,Andina,2018,41.20845921450151,22.720283395222957,18.488175819278553,20.88323353293413,10.962962962962964,357.0,0,1.0,1722.0,True,2006,2014,13.917133936559795
15226,CUITIVA,BOYACA,Andina,2018,18.75637104994903,19.437335680323873,-0.6809646303748416,12.910798122065728,9.582309582309582,357.0,0,1.0,998.0,True,2006,2014,-5.252006513093599
15232,CHIQUIZA,BOYACA,Andina,2018,50.28530670470756,23.678758295291885,26.606548409415673,18.20040899795501,17.759374281113413,357.0,0,1.0,1501.0,True,2006,2014,22.035506526696913
15236,CHIVOR,BOYACA,Andina,2018,4.887585532746823,16.52200250439678,-11.634416971649959,3.48993288590604,16.836428999400837,357.0,0,1.0,1045.0,True,2006,2014,-16.205458854368715
15238,DUITAMA,BOYACA,Andina,2018,28.08951699711796,26.368407166099043,1.721109831018918,30.40799459012698,3.382817786991271,357.0,0,1.0,59072.0,True,2006,2014,-2.84993205169984
15244,EL COCUY,BOYACA,Andina,2018,7.421249332621463,18.72001317602057,-11.298763843399104,7.138304652644997,30.89574898785425,357.0,0,1.0,1941.0,True,2006,2014,-15.869805726117862
15248,EL ESPINO,BOYACA,Andina,2018,5.372217958557176,15.499828971025316,-10.12761101246814,2.81195079086116,13.130535232961108,357.0,0,1.0,1323.0,True,2006,2014,-14.698652895186898
15272,FIRAVITOBA,BOYACA,Andina,2018,26.354679802955665,26.039636519342796,0.3150432836128694,31.978609625668447,6.530737390771118,357.0,0,1.0,2917.0,True,2006,2014,-4.255998599105888
15276,FLORESTA,BOYACA,Andina,2018,17.88939051918736,18.732042141197198,-0.8426516220098392,9.492273730684326,15.67211055276382,357.0,0,1.0,1798.0,True,2006,2014,-5.413693504728597
15293,GACHANTIVA,BOYACA,Andina,2018,19.296116504854368,19.6043877268553,-0.3082712220009327,12.90893015030946,10.459183673469388,357.0,0,1.0,1712.0,True,2006,2014,-4.8793131047196905
15296,GAMEZA,BOYACA,Andina,2018,13.901345291479824,19.636412920350885,-5.735067628871061,12.600536193029493,14.630261660978384,357.0,0,1.0,2069.0,True,2006,2014,-10.306109511589819
15299,GARAGOA,BOYACA,Andina,2018,18.504171632896306,22.21868826345011,-3.714516630553806,18.14214463840399,7.312012592115619,357.0,0,1.0,6973.0,True,2006,2014,-8.285558513272564
15317,GUACAMAYAS,BOYACA,Andina,2018,6.284454244762955,15.962112056658677,-9.677657811895722,3.717948717948718,11.678004535147393,357.0,0,1.0,921.0,True,2006,2014,-14.24869969461448
15322,GUATEQUE,BOYACA,Andina,2018,16.987310683585754,22.074345984484147,-5.087035300898393,15.82755501959602,6.778816199376947,357.0,0,1.0,5069.0,True,2006,2014,-9.65807718361715
15325,GUAYATA,BOYACA,Andina,2018,9.0,17.440567595651185,-8.440567595651185,6.5015479876161,9.9384914211719,357.0,0,1.0,2150.0,True,2006,2014,-13.011609478369943
15332,GUICAN DE LA SIERRA,BOYACA,Andina,2018,26.43962848297214,18.74561068433137,7.694017798640768,7.519325368938862,29.744897959183675,357.0,0,1.0,1681.0,True,2006,2014,3.1229759159220105
15362,IZA,BOYACA,Andina,2018,15.785256410256409,22.3522476989412,-6.56699128868479,21.205357142857142,8.539094650205762,357.0,0,1.0,1268.0,True,2006,2014,-11.138033171403547
15367,JENESANO,BOYACA,Andina,2018,21.109817617384557,23.008963755700133,-1.8991461383155759,20.77596996245307,12.11160431198478,357.0,0,1.0,2680.0,True,2006,2014,-6.470188021034334
15368,JERICO,BOYACA,Andina,2018,9.45142101784534,17.3611807939966,-7.90975977615126,6.254826254826256,36.07344632768361,357.0,0,1.0,1551.0,True,2006,2014,-12.480801658870018
15377,LABRANZAGRANDE,BOYACA,Andina,2018,11.021505376344086,17.28585901688787,-6.264353640543783,6.382978723404255,37.00813008130081,357.0,0,1.0,1525.0,True,2006,2014,-10.835395523262541
15380,LA CAPILLA,BOYACA,Andina,2018,19.284149013878743,21.54494283289647,-2.260793819017728,16.205128205128204,7.136602451838879,357.0,0,1.0,1422.0,True,2006,2014,-6.831835701736486
15401,LA VICTORIA,BOYACA,Andina,2018,9.212121212121213,16.482128423055734,-7.270007210934521,2.9684601113172544,16.84100418410042,357.0,0,1.0,840.0,True,2006,2014,-11.841049093653279
15403,LA UVITA,BOYACA,Andina,2018,5.003734129947722,16.228574067638824,-11.224839937691103,4.062229904926534,13.121845710165823,357.0,0,1.0,1372.0,True,2006,2014,-15.79588182040986
15407,VILLA DE LEYVA,BOYACA,Andina,2018,17.19967750604676,22.496752363848344,-5.297074857801583,18.70674740484429,8.270834793579589,357.0,0,1.0,7623.0,True,2006,2014,-9.86811674052034
15425,MACANAL,BOYACA,Andina,2018,10.415570752235666,19.219939539426463,-8.804368787190796,11.9434628975265,7.878270762229807,357.0,0,1.0,1952.0,True,2006,2014,-13.375410669909554
15442,MARIPI,BOYACA,Andina,2018,6.493506493506493,16.64931391471864,-10.155807421212147,4.400185270958777,32.03212551363467,357.0,0,1.0,2894.0,True,2006,2014,-14.726849303930905
15455,MIRAFLORES,BOYACA,Andina,2018,37.12335216572505,27.1833283366205,9.94002382910455,21.43508665247796,7.683863885839736,357.0,0,1.0,4456.0,True,2006,2014,5.368981946385793
15464,MONGUA,BOYACA,Andina,2018,8.751458576429405,17.48603487969925,-8.734576303269845,7.965860597439544,20.813953488372093,357.0,0,1.0,2601.0,True,2006,2014,-13.305618185988603
15466,MONGUI,BOYACA,Andina,2018,21.103117505995204,26.400223172506525,-5.297105666511321,33.61702127659574,12.066752246469832,357.0,0,1.0,2148.0,True,2006,2014,-9.868147549230079
15469,MONIQUIRA,BOYACA,Andina,2018,23.407660300864183,23.99496576124636,-0.5873054603821757,24.414031775994964,9.832099482266417,357.0,0,1.0,9755.0,True,2006,2014,-5.1583473431009335
15476,MOTAVITA,BOYACA,Andina,2018,43.77372817008352,25.175336495399232,18.59839167468429,26.411865373645178,15.269804822043628,357.0,0,1.0,2736.0,True,2006,2014,14.027349791965532
15480,MUZO,BOYACA,Andina,2018,13.228809407153356,18.45588011494413,-5.227070707790773,7.14828897338403,23.06242934304736,357.0,0,1.0,4255.0,True,2006,2014,-9.79811259050953
15491,NOBSA,BOYACA,Andina,2018,43.66666666666666,29.22481056627199,14.441856100394666,40.1989876069122,4.033854344413351,357.0,0,1.0,8600.0,True,2006,2014,9.870814217675909
15494,NUEVO COLON,BOYACA,Andina,2018,28.74454677653902,25.350936718381313,3.3936100581577087,23.61308677098151,15.215654952076678,357.0,0,1.0,2150.0,True,2006,2014,-1.1774318245610491
15500,OICATA,BOYACA,Andina,2018,26.448362720403026,24.147510134994018,2.3008525854090074,26.610348468849,6.614229531641044,357.0,0,1.0,1630.0,True,2006,2014,-2.2701892973097504
15507,OTANCHE,BOYACA,Andina,2018,6.826347305389222,17.94330066051054,-11.11695335512132,5.960264900662252,27.571898697953927,357.0,0,1.0,3394.0,True,2006,2014,-15.687995237840077
15511,PACHAVITA,BOYACA,Andina,2018,11.609756097560975,19.179288655407788,-7.569532557846813,10.209102091020911,8.624502432551969,357.0,0,1.0,1057.0,True,2006,2014,-12.14057444056557
15514,PAEZ,BOYACA,Andina,2018,11.579651941097724,17.14978856416056,-5.570136623062835,3.61952861952862,13.23076923076923,357.0,0,1.0,1530.0,True,2006,2014,-10.141178505781593
15516,PAIPA,BOYACA,Andina,2018,24.37325038880249,24.380404588769004,-0.007154199966514341,22.169188585355943,5.116249155867125,357.0,0,1.0,16504.0,True,2006,2014,-4.578196082685272
15518,PAJARITO,BOYACA,Andina,2018,9.029345372460496,18.118553371525334,-9.089207999064838,8.786610878661087,11.347150259067355,357.0,0,1.0,895.0,True,2006,2014,-13.660249881783596
15522,PANQUEBA,BOYACA,Andina,2018,6.526806526806526,16.089423145284727,-9.5626166184782,4.028776978417266,15.19456454601606,357.0,0,1.0,872.0,True,2006,2014,-14.133658501196958
15531,PAUNA,BOYACA,Andina,2018,20.1338199513382,18.19412303614787,1.9396969151903285,7.336343115124154,25.948072383949647,357.0,0,1.0,3391.0,True,2006,2014,-2.6313449675284293
15533,PAYA,BOYACA,Andina,2018,14.750290360046458,18.3393229517243,-3.5890325916778405,6.200317965023848,59.34012615235323,357.0,0,1.0,891.0,True,2006,2014,-8.160074474396598
15537,PAZ DE RIO,BOYACA,Andina,2018,38.88637392485288,26.88573185614539,12.000642068707492,31.78683385579937,7.103960396039604,357.0,0,1.0,2288.0,True,2006,2014,7.429600185988734
15542,PESCA,BOYACA,Andina,2018,15.029300241296104,20.133425763935108,-5.104125522639004,14.09731696225557,12.855844942459116,357.0,0,1.0,2968.0,True,2006,2014,-9.675167405357762
15550,PISBA,BOYACA,Andina,2018,16.240875912408757,18.09961879255591,-1.858742880147151,7.53880266075388,34.007585335018966,357.0,0,1.0,553.0,True,2006,2014,-6.429784762865909
15572,PUERTO BOYACA,BOYACA,Andina,2018,15.973874740519468,21.160214016760392,-5.186339276240924,13.725490196078432,14.207278337417188,357.0,0,1.0,20983.0,True,2006,2014,-9.757381158959681
15580,QUIPAMA,BOYACA,Andina,2018,9.6932979931844,17.553584922310627,-7.860286929126227,5.930359085963003,40.46256556986171,357.0,0,1.0,2723.0,True,2006,2014,-12.431328811844985
15599,RAMIRIQUI,BOYACA,Andina,2018,22.558425584255843,21.562478532740208,0.9959470515156355,15.767634854771783,12.220943613348677,357.0,0,1.0,4210.0,True,2006,2014,-3.5750948312031223
15600,RAQUIRA,BOYACA,Andina,2018,16.72876304023845,20.664448271372983,-3.9356852311345314,13.85,14.03725006847439,357.0,0,1.0,2817.0,True,2006,2014,-8.50672711385329
15621,RONDON,BOYACA,Andina,2018,18.52159468438538,18.39825831721418,0.123336367171202,7.362637362637363,7.9113924050632916,357.0,0,1.0,1228.0,True,2006,2014,-4.447705515547556
15632,SABOYA,BOYACA,Andina,2018,25.37254122789589,20.51639112423851,4.856150103657381,12.244355909694557,15.993190574321297,357.0,0,1.0,5243.0,True,2006,2014,0.2851082209386231
15638,SACHICA,BOYACA,Andina,2018,22.63083451202263,22.521400315674896,0.10943419634773477,20.0583515681984,9.019282604188264,357.0,0,1.0,2200.0,True,2006,2014,-4.461607686371023
15646,SAMACA,BOYACA,Andina,2018,22.42837653478854,25.105346821977804,-2.6769702871892633,21.947294306980485,9.282241921647126,357.0,0,1.0,7632.0,True,2006,2014,-7.248012169908021
15660,SAN EDUARDO,BOYACA,Andina,2018,22.51572327044025,22.7241217869507,-0.20839851651044938,10.471204188481677,12.066752246469832,357.0,0,1.0,846.0,True,2006,2014,-4.779440399229207
15664,SAN JOSE DE PARE,BOYACA,Andina,2018,12.055888223552891,18.925190965206475,-6.869302741653584,7.702100572883514,17.711464147702877,357.0,0,1.0,2585.0,True,2006,2014,-11.440344624372342
15667,SAN LUIS DE GACENO,BOYACA,Andina,2018,6.4856100526955816,17.814745525870094,-11.329135473174514,8.44559585492228,15.284516982796648,357.0,0,1.0,2510.0,True,2006,2014,-15.900177355893272
15673,SAN MATEO,BOYACA,Andina,2018,4.381049414161997,15.975863899515483,-11.594814485353485,3.664302600472813,20.471726640459632,357.0,0,1.0,1978.0,True,2006,2014,-16.16585636807224
15676,SAN MIGUEL DE SEMA,BOYACA,Andina,2018,10.63238359972203,18.217070134412516,-7.584686534690487,7.799442896935933,8.89348500517063,357.0,0,1.0,1491.0,True,2006,2014,-12.155728417409245
15681,SAN PABLO DE BORBUR,BOYACA,Andina,2018,8.602494403581709,16.91946948386724,-8.31697508028553,4.6028880866426,22.5501973571306,357.0,0,1.0,3225.0,True,2006,2014,-12.888016963004288
15686,SANTANA,BOYACA,Andina,2018,20.0,19.059163184657695,0.9408368153423048,9.742647058823527,15.357509910438996,357.0,0,1.0,3388.0,True,2006,2014,-3.630205067376453
15690,SANTA MARIA,BOYACA,Andina,2018,18.02743305029393,21.1442697470027,-3.11683669670877,13.658146964856227,10.830908503071452,357.0,0,1.0,1625.0,True,2006,2014,-7.687878579427528
15693,SANTA ROSA DE VITERBO,BOYACA,Andina,2018,16.87843732220747,20.88203779707461,-4.003600474867138,15.384615384615383,6.295511107014471,357.0,0,1.0,5394.0,True,2006,2014,-8.574642357585896
15696,SANTA SOFIA,BOYACA,Andina,2018,8.81477069684336,18.31534776553001,-9.50057706868665,7.02656383890317,10.054719562243502,357.0,0,1.0,1727.0,True,2006,2014,-14.071618951405409
15720,SATIVANORTE,BOYACA,Andina,2018,7.079646017699115,17.14132047881989,-10.061674461120774,6.136363636363637,21.16076014381099,357.0,0,1.0,1263.0,True,2006,2014,-14.632716343839531
15723,SATIVASUR,BOYACA,Andina,2018,16.969696969696972,17.99985798941951,-1.030161019722538,9.51219512195122,7.662835249042145,357.0,0,1.0,503.0,True,2006,2014,-5.601202902441296
15740,SIACHOQUE,BOYACA,Andina,2018,17.292057535959977,21.335173999095993,-4.043116463136016,17.74133432724562,19.777410136862684,357.0,0,1.0,3324.0,True,2006,2014,-8.614158345854774
15753,SOATA,BOYACA,Andina,2018,13.680926916221036,17.632771981541854,-3.9518450653208177,8.033604620635337,7.592242194891202,357.0,0,1.0,4597.0,True,2006,2014,-8.522886948039575
15755,SOCOTA,BOYACA,Andina,2018,17.68826619964974,18.465616047072533,-0.7773498474227942,8.333333333333332,27.30974445380511,357.0,0,1.0,2963.0,True,2006,2014,-5.348391730141552
15757,SOCHA,BOYACA,Andina,2018,25.23725834797891,25.089390256864828,0.1478680911140806,25.50239234449761,9.016940109377083,357.0,0,1.0,2993.0,True,2006,2014,-4.423173791604677
15759,SOGAMOSO,BOYACA,Andina,2018,26.73549975213251,27.564011545981675,-0.8285117938491631,35.157338457842904,3.593215233090383,357.0,0,1.0,60207.0,True,2006,2014,-5.399553676567921
15761,SOMONDOCO,BOYACA,Andina,2018,17.32824427480916,21.613298617721163,-4.285054342912005,18.35443037974684,8.925549915397632,357.0,0,1.0,1348.0,True,2006,2014,-8.856096225630763
15762,SORA,BOYACA,Andina,2018,31.5748031496063,22.70294685375744,8.871856295848861,18.14780168381665,14.810518174787315,357.0,0,1.0,1336.0,True,2006,2014,4.300814413130103
15763,SOTAQUIRA,BOYACA,Andina,2018,15.233485193621869,19.933059085124178,-4.699573891502309,14.05176967776017,18.35785238274865,357.0,0,1.0,3616.0,True,2006,2014,-9.270615774221067
15764,SORACA,BOYACA,Andina,2018,21.26531964226565,21.574095992593843,-0.30877635032819484,19.833625218914182,11.300785250938889,357.0,0,1.0,3105.0,True,2006,2014,-4.879818233046953
15774,SUSACON,BOYACA,Andina,2018,10.211267605633804,16.42144567110134,-6.2101780654675345,5.018587360594796,14.990215264187867,357.0,0,1.0,1459.0,True,2006,2014,-10.781219948186292
15776,SUTAMARCHAN,BOYACA,Andina,2018,15.545376467220152,18.875233253429506,-3.329856786209355,8.80853036624942,11.138140747176369,357.0,0,1.0,3555.0,True,2006,2014,-7.900898668928113
15778,SUTATENZA,BOYACA,Andina,2018,14.673913043478262,19.60016486395079,-4.92625182047253,11.221590909090908,11.749497270899166,357.0,0,1.0,2080.0,True,2006,2014,-9.497293703191287
15790,TASCO,BOYACA,Andina,2018,28.58560794044665,23.548838034979823,5.0367699054668265,23.42121397915389,10.75875486381323,357.0,0,1.0,2074.0,True,2006,2014,0.4657280227480687
15798,TENZA,BOYACA,Andina,2018,12.281722933643772,19.021422936599116,-6.7397000029553435,9.692671394799056,9.39871570344425,357.0,0,1.0,1786.0,True,2006,2014,-11.310741885674101
15804,TIBANA,BOYACA,Andina,2018,24.564926372155288,22.941206111761076,1.6237202603942116,21.48837209302325,14.587791063561989,357.0,0,1.0,3100.0,True,2006,2014,-2.947321622324546
15806,TIBASOSA,BOYACA,Andina,2018,28.653348131705517,24.98239059125665,3.6709575404488675,27.702349869451695,6.997005172883202,357.0,0,1.0,5569.0,True,2006,2014,-0.9000843422698903
15808,TINJACA,BOYACA,Andina,2018,26.258581235697942,21.186309470290382,5.07227176540756,15.017064846416384,11.885674451028232,357.0,0,1.0,1785.0,True,2006,2014,0.5012298826888024
15810,TIPACOQUE,BOYACA,Andina,2018,11.241507103150091,17.53886278683717,-6.29735568368708,5.593869731800766,24.41344324667089,357.0,0,1.0,1665.0,True,2006,2014,-10.868397566405838
15814,TOCA,BOYACA,Andina,2018,24.59966869133076,24.366094807994383,0.2335738833363763,22.708719851576998,9.888595383025152,357.0,0,1.0,3810.0,True,2006,2014,-4.3374679993823815
15816,TOGUI,BOYACA,Andina,2018,11.57194060419867,19.4345255653128,-7.8625849611141305,9.34959349593496,25.35511363636364,357.0,0,1.0,2021.0,True,2006,2014,-12.433626843832888
15820,TOPAGA,BOYACA,Andina,2018,21.71875,20.992651350280497,0.7260986497195034,17.707618393960193,12.149532710280374,357.0,0,1.0,1974.0,True,2006,2014,-3.8449432329992543
15822,TOTA,BOYACA,Andina,2018,11.616766467065869,17.88648447883065,-6.26971801176478,8.333333333333332,16.71081677704194,357.0,0,1.0,1710.0,True,2006,2014,-10.840759894483538
15832,TUNUNGUA,BOYACA,Andina,2018,26.666666666666668,18.61353069733034,8.053135969336328,7.524752475247524,20.9043250327654,357.0,0,1.0,711.0,True,2006,2014,3.48209408661757
15835,TURMEQUE,BOYACA,Andina,2018,21.664626682986537,30.237810288660782,-8.573183605674245,36.32632119035403,12.133676092544988,357.0,0,1.0,2559.0,True,2006,2014,-13.144225488393003
15837,TUTA,BOYACA,Andina,2018,22.809040590405903,23.056431871996487,-0.2473912815905841,22.760963557751698,11.727864423431168,357.0,0,1.0,4468.0,True,2006,2014,-4.818433164309342
15839,TUTAZA,BOYACA,Andina,2018,31.08910891089109,22.817129437526972,8.271979473364116,22.038216560509557,15.997770345596432,357.0,0,1.0,1052.0,True,2006,2014,3.700937590645358
15842,UMBITA,BOYACA,Andina,2018,15.753210147196995,18.244986250743622,-2.491776103546627,7.874293785310734,10.195510499637944,357.0,0,1.0,3269.0,True,2006,2014,-7.062817986265385
15861,VENTAQUEMADA,BOYACA,Andina,2018,31.45328069185937,22.566629828696634,8.886650863162735,21.73158025303895,6.705309861170746,357.0,0,1.0,5528.0,True,2006,2014,4.315608980443978
15879,VIRACACHA,BOYACA,Andina,2018,12.10967250571211,18.49434608040198,-6.384673574689868,9.34065934065934,13.24554608830364,357.0,0,1.0,1363.0,True,2006,2014,-10.955715457408626
15897,ZETAQUIRA,BOYACA,Andina,2018,21.28192288432649,22.85264195466973,-1.5707190703432374,14.094558429973238,19.405430711610485,357.0,0,1.0,2043.0,True,2006,2014,-6.141760953061995
17001,MANIZALES,CALDAS,Andina,2018,8.599796460396654,23.92806950354883,-15.328273043152176,19.67953617440283,6.20234552243708,320.0,0,1.0,208379.0,True,2006,2014,-19.899314925870932
17013,AGUADAS,CALDAS,Andina,2018,2.5077399380804954,17.649028835654846,-15.14128889757435,5.505558496559026,11.006090133982948,320.0,0,1.0,9963.0,True,2006,2014,-19.712330780293108
17042,ANSERMA,CALDAS,Andina,2018,5.949547834364588,18.384008305418924,-12.434460471054336,6.8584070796460175,10.66543673261658,320.0,0,1.0,15299.0,True,2006,2014,-17.005502353773096
17050,ARANZAZU,CALDAS,Andina,2018,2.069211559043881,17.595275027355704,-15.526063468311824,4.544480171489818,9.833570123807592,320.0,0,1.0,5756.0,True,2006,2014,-20.09710535103058
17088,BELALCAZAR,CALDAS,Andina,2018,4.627392677940903,17.44117920055909,-12.813786522618187,4.956195244055069,17.824241796915434,320.0,0,1.0,5526.0,True,2006,2014,-17.384828405336947
17174,CHINCHINA,CALDAS,Andina,2018,6.757323931839167,20.883270006839783,-14.125946075000616,12.645697885550284,7.992049360221955,320.0,0,1.0,24917.0,True,2006,2014,-18.696987957719372
17272,FILADELFIA,CALDAS,Andina,2018,4.032078413900646,18.94469142843755,-14.912613014536905,7.822757111597374,10.849890772911682,320.0,0,1.0,4608.0,True,2006,2014,-19.48365489725566
17380,LA DORADA,CALDAS,Andina,2018,12.939753737906774,19.624132731039985,-6.684378993133212,9.972592200798193,12.600237385287905,320.0,0,1.0,28780.0,True,2006,2014,-11.25542087585197
17388,LA MERCED,CALDAS,Andina,2018,4.326923076923077,17.355735088050494,-13.028812011127417,5.842081241442264,12.246431254695718,320.0,0,1.0,2594.0,True,2006,2014,-17.599853893846173
17433,MANZANARES,CALDAS,Andina,2018,3.837118245888802,16.55517683823433,-12.718058592345528,2.7734496727952638,17.137316688886195,320.0,0,1.0,7867.0,True,2006,2014,-17.289100475064288
17442,MARMATO,CALDAS,Andina,2018,10.466004583651642,26.37178754291828,-15.905782959266638,28.94029047875202,14.661166764879198,320.0,0,1.0,2787.0,True,2006,2014,-20.476824841985398
17444,MARQUETALIA,CALDAS,Andina,2018,3.1467936723932644,15.62623925406388,-12.479445581670614,1.9958182854970536,12.716284460634158,320.0,0,1.0,6034.0,True,2006,2014,-17.05048746438937
17446,MARULANDA,CALDAS,Andina,2018,2.406417112299465,16.145150696113536,-13.73873358381407,2.2706630336058127,7.880826525708794,320.0,0,1.0,1161.0,True,2006,2014,-18.309775466532827
17486,NEIRA,CALDAS,Andina,2018,4.642372552820314,19.11578205056683,-14.473409497746514,6.331618519984171,11.775976418570377,320.0,0,1.0,10722.0,True,2006,2014,-19.044451380465272
17495,NORCASIA,CALDAS,Andina,2018,9.083969465648854,18.62866760025537,-9.544698134606515,6.107891217119929,18.012108980827445,320.0,0,1.0,2767.0,True,2006,2014,-14.115740017325273
17513,PACORA,CALDAS,Andina,2018,3.1787645420285107,17.440750953695872,-14.261986411667362,4.373839488343305,13.255315894141043,320.0,0,1.0,6330.0,True,2006,2014,-18.833028294386118
17524,PALESTINA,CALDAS,Andina,2018,6.0441972779159965,18.06868791669084,-12.024490638774845,6.084840055632823,9.251297257227575,320.0,0,1.0,7069.0,True,2006,2014,-16.595532521493602
17541,PENSILVANIA,CALDAS,Andina,2018,3.6543323373937024,15.919435824779082,-12.26510348738538,2.1731168355512147,10.703220903723622,320.0,0,1.0,8957.0,True,2006,2014,-16.836145370104138
17614,RIOSUCIO,CALDAS,Andina,2018,17.041378265043196,22.31872981864379,-5.277351553600592,17.996521739130436,11.313838207114888,320.0,0,1.0,20706.0,True,2006,2014,-9.84839343631935
17616,RISARALDA,CALDAS,Andina,2018,4.364596021112464,18.065857015525292,-13.701260994412827,6.068416119962512,11.46341463414634,320.0,0,1.0,5072.0,True,2006,2014,-18.272302877131587
17653,SALAMINA,CALDAS,Andina,2018,5.115606936416185,18.629998870736998,-13.514391934320813,7.330761136443353,10.297427163797822,320.0,0,1.0,7184.0,True,2006,2014,-18.085433817039572
17662,SAMANA,CALDAS,Andina,2018,5.537768291236808,16.457262775380435,-10.919494484143627,3.393153370532348,13.53305785123967,320.0,0,1.0,8640.0,True,2006,2014,-15.490536366862385
17665,SAN JOSE,CALDAS,Andina,2018,4.416282642089094,16.683116882600586,-12.266834240511493,2.8890959925442683,13.7511071744907,320.0,0,1.0,2669.0,True,2006,2014,-16.837876123230252
17777,SUPIA,CALDAS,Andina,2018,10.258797244460997,21.985119521682485,-11.726322277221488,15.489093154067774,11.181363140265702,320.0,0,1.0,11632.0,True,2006,2014,-16.297364159940244
17867,VICTORIA,CALDAS,Andina,2018,5.418138987043581,16.463622037020148,-11.045483049976568,3.0404463040446306,13.549337260677468,320.0,0,1.0,4414.0,True,2006,2014,-15.616524932695325
17873,VILLAMARIA,CALDAS,Andina,2018,7.353984393473634,22.321615706757463,-14.967631313283828,15.196537201684604,6.861227681064607,320.0,0,1.0,26280.0,True,2006,2014,-19.538673196002584
17877,VITERBO,CALDAS,Andina,2018,5.526957464101869,17.505297545064806,-11.978340080962937,6.301687065828647,8.724346076458753,320.0,0,1.0,7565.0,True,2006,2014,-16.549381963681697
18001,FLORENCIA,CAQUETA,Amazonia,2018,20.27442738791423,20.19307220482447,0.08135518308975875,11.281203792293642,14.509358972677308,3924.0,0,1.0,67544.0,True,2006,2014,-4.489686699628999
18029,ALBANIA,CAQUETA,Amazonia,2018,12.815013404825738,18.809096997052876,-5.994083592227138,7.915758896151052,20.169608067843228,3924.0,0,1.0,1937.0,True,2006,2014,-10.565125474945896
18094,BELEN DE LOS ANDAQUIES,CAQUETA,Amazonia,2018,17.22794322293348,20.58271629031518,-3.3547730673817,11.405216037368628,28.491236109519992,3924.0,0,1.0,3747.0,True,2006,2014,-7.925814950100458
18150,CARTAGENA DEL CHAIRA,CAQUETA,Amazonia,2018,39.87665198237885,27.83581536339347,12.040836618985384,29.224293445580276,38.14501045219496,3924.0,0,1.0,6051.0,True,2006,2014,7.469794736266627
18205,CURILLO,CAQUETA,Amazonia,2018,19.49186184994045,18.897745038378932,0.5941168115615163,5.938914027149321,22.97059222116818,3924.0,0,1.0,2627.0,True,2006,2014,-3.9769250711572415
18247,EL DONCELLO,CAQUETA,Amazonia,2018,19.402291731186125,19.988260071012842,-0.5859683398267173,10.669828097213989,20.4131572956977,3924.0,0,1.0,6843.0,True,2006,2014,-5.157010222545475
18256,EL PAUJIL,CAQUETA,Amazonia,2018,33.5939350864724,20.463519991920904,13.130415094551495,10.75728155339806,24.286382779597567,3924.0,0,1.0,4448.0,True,2006,2014,8.559373211832737
18410,LA MONTANITA,CAQUETA,Amazonia,2018,46.15965751699824,24.00263525166325,22.157022265334987,20.77794190054161,32.853175980562305,3924.0,0,1.0,4092.0,True,2006,2014,17.585980382616228
18460,MILAN,CAQUETA,Amazonia,2018,31.33369041242635,20.313962159620175,11.019728252806175,8.978583196046129,47.106017191977074,3924.0,0,1.0,1930.0,True,2006,2014,6.448686370087417
18479,MORELIA,CAQUETA,Amazonia,2018,16.203143893591292,18.0690058762346,-1.865861982643306,6.915377616014559,21.22388059701493,3924.0,0,1.0,1706.0,True,2006,2014,-6.436903865362064
18592,PUERTO RICO,CAQUETA,Amazonia,2018,23.196526124107017,23.73460099273812,-0.538074868631103,17.14922048997773,32.04183604336043,3924.0,0,1.0,7636.0,True,2006,2014,-5.109116751349861
18610,SAN JOSE DEL FRAGUA,CAQUETA,Amazonia,2018,27.43620899149453,21.767749950688795,5.668459040805736,11.961722488038278,26.72138622891017,3924.0,0,1.0,4309.0,True,2006,2014,1.0974171580869783
18753,SAN VICENTE DEL CAGUAN,CAQUETA,Amazonia,2018,27.700896367353355,22.189539318099655,5.5113570492537,16.48230088495575,30.465264499681325,3924.0,0,1.0,13254.0,True,2006,2014,0.9403151665349423
18756,SOLANO,CAQUETA,Amazonia,2018,44.41210710128056,24.13658322036366,20.2755238809169,20.65868263473054,44.71680400542401,3924.0,0,1.0,1828.0,True,2006,2014,15.704481998198142
18785,SOLITA,CAQUETA,Amazonia,2018,18.910457107075768,22.00280992194168,-3.0923528148659116,11.30952380952381,27.27966425028615,3924.0,0,1.0,1762.0,True,2006,2014,-7.663394697584669
18860,VALPARAISO,CAQUETA,Amazonia,2018,16.876818622696412,17.35687177175901,-0.48005314906259855,2.9275808936825887,27.650581190560057,3924.0,0,1.0,2138.0,True,2006,2014,-5.051095031781356
19001,POPAYAN,CAUCA,Pacifica,2018,39.35921068536202,24.159580054402543,15.19963063095948,20.75103801068979,9.097438265158427,10863.0,0,1.0,136872.0,True,2006,2014,10.628588748240722
19022,ALMAGUER,CAUCA,Pacifica,2018,78.44187963726299,17.40918344308804,61.032696194174946,4.695246427529892,33.69848090540459,10863.0,0,1.0,4932.0,True,2006,2014,56.461654311456186
19050,ARGELIA,CAUCA,Pacifica,2018,83.76383763837639,24.249060280692255,59.51477735768413,24.543610547667345,23.39774153074028,10863.0,0,1.0,8325.0,True,2006,2014,54.94373547496537
19075,BALBOA,CAUCA,Pacifica,2018,80.02262809115888,19.916297793918435,60.10633029724045,13.249819320645628,20.36077020736352,10863.0,0,1.0,6320.0,True,2006,2014,55.53528841452169
19100,BOLIVAR,CAUCA,Pacifica,2018,68.74123422159887,18.549218453849093,50.19201576774978,7.550556419767859,27.48631578947369,10863.0,0,1.0,11721.0,True,2006,2014,45.62097388503102
19110,BUENOS AIRES,CAUCA,Pacifica,2018,30.755370755370752,19.342087251830634,11.413283503540118,7.047619047619048,15.180694246314788,10863.0,0,1.0,7760.0,True,2006,2014,6.84224162082136
19130,CAJIBIO,CAUCA,Pacifica,2018,42.25109220510463,19.96187823410741,22.289213970997217,10.420936465394924,23.558244144563364,10863.0,0,1.0,9183.0,True,2006,2014,17.718172088278457
19137,CALDONO,CAUCA,Pacifica,2018,67.048417132216,23.816862742513333,43.231554389702666,14.937759336099584,23.77528841330881,10863.0,0,1.0,11068.0,True,2006,2014,38.660512506983906
19142,CALOTO,CAUCA,Pacifica,2018,55.29910504003768,22.647391277274327,32.65171376276335,16.208435295811142,22.910069664344523,10863.0,0,1.0,11130.0,True,2006,2014,28.08067188004459
19212,CORINTO,CAUCA,Pacifica,2018,54.9869556492073,25.065178028967424,29.92177762023988,16.46825396825397,18.84158461609578,10863.0,0,1.0,10488.0,True,2006,2014,25.35073573752112
19256,EL TAMBO,CAUCA,Pacifica,2018,33.14990959830202,18.831109361848632,14.318800236453384,7.016909304638756,23.404918330779815,10863.0,0,1.0,13511.0,True,2006,2014,9.747758353734627
19290,FLORENCIA,CAUCA,Pacifica,2018,56.01873536299766,17.364185927869812,38.65454943512785,5.059523809523809,12.261741010021614,10863.0,0,1.0,2197.0,True,2006,2014,34.08350755240909
19300,GUACHENE,CAUCA,Pacifica,2018,48.93265565438373,17.80818228188418,31.12447337249955,5.820685338757628,4.953276076270729,10863.0,0,1.0,8529.0,True,2006,2014,26.55343148978079
19318,GUAPI,CAUCA,Pacifica,2018,67.73590781687948,21.304356031455143,46.43155178542433,14.613744464490733,70.68349106203996,10863.0,0,1.0,6600.0,True,2006,2014,41.86050990270557
19355,INZA,CAUCA,Pacifica,2018,66.0125107322458,25.728444704242943,40.284066028002854,28.689743045232536,19.003397508493773,10863.0,0,1.0,8395.0,True,2006,2014,35.713024145284095
19364,JAMBALO,CAUCA,Pacifica,2018,87.38902340597255,23.391989239454055,63.997034166518496,16.692307692307693,15.57512383048982,10863.0,0,1.0,5067.0,True,2006,2014,59.42599228379974
19392,LA SIERRA,CAUCA,Pacifica,2018,49.35459377372817,20.156926308829895,29.197667464898274,8.326967150496563,23.02969300452944,10863.0,0,1.0,4137.0,True,2006,2014,24.626625582179514
19397,LA VEGA,CAUCA,Pacifica,2018,61.87936741449063,19.805466567638735,42.0739008468519,9.782016348773842,16.98943216868079,10863.0,0,1.0,5599.0,True,2006,2014,37.50285896413314
19418,LOPEZ DE MICAY,CAUCA,Pacifica,2018,42.83121597096189,24.027549508408118,18.803666462553775,25.919869174161896,42.77303697823642,10863.0,0,1.0,3917.0,True,2006,2014,14.232624579835017
19450,MERCADERES,CAUCA,Pacifica,2018,68.48698375415933,18.72008670847243,49.766897045686896,8.00942285041225,25.503174388761312,10863.0,0,1.0,5206.0,True,2006,2014,45.19585516296814
19455,MIRANDA,CAUCA,Pacifica,2018,55.97263787943566,25.192975244594795,30.779662634840864,26.89639222941721,9.337771548703572,10863.0,0,1.0,12295.0,True,2006,2014,26.20862075212211
19473,MORALES,CAUCA,Pacifica,2018,38.62992531547773,19.011906086400636,19.618019229077092,6.96310312204352,27.07737835020345,10863.0,0,1.0,8030.0,True,2006,2014,15.046977346358334
19513,PADILLA,CAUCA,Pacifica,2018,54.48814169918943,18.168672693704483,36.31946900548495,5.727848101265823,8.319068812050668,10863.0,0,1.0,3682.0,True,2006,2014,31.748427122766188
19517,PAEZ,CAUCA,Pacifica,2018,64.61764042409203,20.99338216557726,43.62425825851477,12.28727025187202,21.657490890715177,10863.0,0,1.0,9204.0,True,2006,2014,39.05321637579601
19532,PATIA,CAUCA,Pacifica,2018,58.5227867993714,26.71155663931604,31.811230160055363,29.9532921500678,20.67628080815204,10863.0,0,1.0,9891.0,True,2006,2014,27.240188277336607
19533,PIAMONTE,CAUCA,Pacifica,2018,52.44403837368662,22.979733683856097,29.46430468983052,13.427856547122602,21.67321729365525,10863.0,0,1.0,2290.0,True,2006,2014,24.89326280711176
19548,PIENDAMO  TUNIA,CAUCA,Pacifica,2018,28.416705625681782,21.65080349955135,6.765902126130431,13.112533858655503,13.515863971690758,10863.0,0,1.0,13415.0,True,2006,2014,2.1948602434116733
19573,PUERTO TEJADA,CAUCA,Pacifica,2018,62.42420674633543,20.695268420091725,41.72893832624371,12.258573117855736,7.976011994002999,10863.0,0,1.0,18190.0,True,2006,2014,37.15789644352495
19585,PURACE,CAUCA,Pacifica,2018,46.89673622257892,20.85459213752543,26.042144085053494,12.287334593572778,20.75041876046901,10863.0,0,1.0,3927.0,True,2006,2014,21.471102202334734
19622,ROSAS,CAUCA,Pacifica,2018,36.27992633517496,18.929938330124557,17.349988005050406,7.606490872210954,18.15552699228792,10863.0,0,1.0,3970.0,True,2006,2014,12.778946122331648
19693,SAN SEBASTIAN,CAUCA,Pacifica,2018,35.79935041501263,15.889011675298526,19.910338739714106,1.796221740476928,15.835807145050673,10863.0,0,1.0,2826.0,True,2006,2014,15.339296856995349
19698,SANTANDER DE QUILICHAO,CAUCA,Pacifica,2018,42.64747030244448,23.346578330100847,19.300891972343635,18.821052631578947,12.193229013718168,10863.0,0,1.0,41644.0,True,2006,2014,14.729850089624877
19701,SANTA ROSA,CAUCA,Pacifica,2018,50.684116597263525,21.396829617004855,29.28728698025867,10.797665369649806,35.618090452261306,10863.0,0,1.0,1719.0,True,2006,2014,24.71624509753991
19743,SILVIA,CAUCA,Pacifica,2018,70.10365029292474,21.22950113974736,48.874149153177385,14.595103578154426,14.176153385260635,10863.0,0,1.0,11584.0,True,2006,2014,44.303107270458625
19760,SOTARA PAISPAMBA,CAUCA,Pacifica,2018,47.99010513296228,18.860865898513996,29.12923923444828,7.769726247987117,18.5554903112155,10863.0,0,1.0,3407.0,True,2006,2014,24.558197351729525
19780,SUAREZ,CAUCA,Pacifica,2018,40.753828032979975,19.481372754157974,21.272455278822,7.0231275196265655,28.57215654300856,10863.0,0,1.0,6379.0,True,2006,2014,16.70141339610324
19785,SUCRE,CAUCA,Pacifica,2018,78.92215568862275,24.124167384218417,54.797988304404335,22.24025974025974,35.47814868569586,10863.0,0,1.0,2545.0,True,2006,2014,50.226946421685575
19807,TIMBIO,CAUCA,Pacifica,2018,35.38549121665582,19.700798951211965,15.684692265443857,9.3205574912892,17.466583773702208,10863.0,0,1.0,12832.0,True,2006,2014,11.1136503827251
19809,TIMBIQUI,CAUCA,Pacifica,2018,47.63341804320203,20.17516268576614,27.45825535743589,12.145041502839668,64.12510409919497,10863.0,0,1.0,6395.0,True,2006,2014,22.88721347471713
19821,TORIBIO,CAUCA,Pacifica,2018,83.62819164196232,22.874356787763922,60.753834854198395,15.88959343528534,22.50603510145495,10863.0,0,1.0,10732.0,True,2006,2014,56.182792971479635
19824,TOTORO,CAUCA,Pacifica,2018,69.93502658003544,19.474473578369818,50.46055300166562,9.034165571616294,25.730713943459516,10863.0,0,1.0,5226.0,True,2006,2014,45.889511118946864
19845,VILLA RICA,CAUCA,Pacifica,2018,60.55058131765336,19.298959238330028,41.25162207932333,10.185676392572944,11.177442567027343,10863.0,0,1.0,8032.0,True,2006,2014,36.68058019660457
20001,VALLEDUPAR,CESAR,Caribe,2018,39.53563978217876,20.68677974446816,18.8488600377106,12.859083850931675,17.826291162243546,1743.0,0,1.0,151908.0,True,2006,2014,14.277818154991843
20011,AGUACHICA,CESAR,Caribe,2018,18.786290529777503,19.222807134475488,-0.43651660469798514,9.799231097821444,18.79474190982543,1743.0,0,1.0,40055.0,True,2006,2014,-5.007558487416743
20013,AGUSTIN CODAZZI,CESAR,Caribe,2018,33.79838406614055,20.530785671069058,13.267598395071492,13.941635840526098,28.66695168875588,1743.0,0,1.0,21901.0,True,2006,2014,8.696556512352734
20032,ASTREA,CESAR,Caribe,2018,35.15569959137664,18.296715066738948,16.85898452463769,8.37696335078534,37.75089508516871,1743.0,0,1.0,7211.0,True,2006,2014,12.287942641918933
20045,BECERRIL,CESAR,Caribe,2018,55.23716789539574,21.104809077576242,34.1323588178195,15.251336898395722,35.52310247142717,1743.0,0,1.0,7402.0,True,2006,2014,29.56131693510074
20060,BOSCONIA,CESAR,Caribe,2018,40.00147470874502,20.826048572266956,19.175426136478066,13.942161339421611,31.77151390703752,1743.0,0,1.0,13867.0,True,2006,2014,14.604384253759308
20175,CHIMICHAGUA,CESAR,Caribe,2018,30.077044646384827,19.84646141786581,10.230583228519016,13.77919911012236,30.37130021141649,1743.0,0,1.0,10287.0,True,2006,2014,5.659541345800259
20178,CHIRIGUANA,CESAR,Caribe,2018,45.13757822588656,21.035328578531562,24.102249647354995,16.433998939742004,25.45966785290629,1743.0,0,1.0,10248.0,True,2006,2014,19.531207764636235
20228,CURUMANI,CESAR,Caribe,2018,38.45360006350718,20.45290781545923,18.00069224804795,14.367160775370582,28.6624752389975,1743.0,0,1.0,12990.0,True,2006,2014,13.429650365329193
20238,EL COPEY,CESAR,Caribe,2018,48.078891059633456,18.893681420016662,29.185209639616794,8.976522940003068,26.984238178633976,1743.0,0,1.0,10956.0,True,2006,2014,24.614167756898034
20250,EL PASO,CESAR,Caribe,2018,62.04049014384656,20.735650682799992,41.30483946104657,15.221821602131996,22.784517619872904,1743.0,0,1.0,11600.0,True,2006,2014,36.73379757832781
20295,GAMARRA,CESAR,Caribe,2018,20.315981365201537,16.66072884455958,3.655252520641959,5.318898564368086,23.36065573770492,1743.0,0,1.0,5017.0,True,2006,2014,-0.915789362076799
20310,GONZALEZ,CESAR,Caribe,2018,17.292746113989637,19.04415495461117,-1.751408840621533,8.286908077994429,21.24442240951909,1743.0,0,1.0,1617.0,True,2006,2014,-6.322450723340291
20383,LA GLORIA,CESAR,Caribe,2018,28.813260447892787,17.711071068226964,11.102189379665823,7.733401170185703,24.555111983219437,1743.0,0,1.0,5795.0,True,2006,2014,6.5311474969470655
20400,LA JAGUA DE IBIRICO,CESAR,Caribe,2018,56.51124293005931,23.4371289858918,33.07411394416751,22.82782943251042,21.27957742683124,1743.0,0,1.0,14972.0,True,2006,2014,28.503072061448748
20443,MANAURE BALCON DEL CESAR,CESAR,Caribe,2018,35.578842315369265,17.76167757990819,17.817164735461073,7.700729927007299,27.585465491292197,1743.0,0,1.0,4072.0,True,2006,2014,13.246122852742316
20517,PAILITAS,CESAR,Caribe,2018,29.90434142752024,19.605686942222487,10.298654485297753,11.665586519766688,25.577380952380956,1743.0,0,1.0,6982.0,True,2006,2014,5.727612602578995
20550,PELAYA,CESAR,Caribe,2018,22.80831000442021,18.481543422521938,4.326766581898273,8.339013860486254,26.759344404175906,1743.0,0,1.0,6947.0,True,2006,2014,-0.244275300820485
20570,PUEBLO BELLO,CESAR,Caribe,2018,43.27209098862642,21.295653595665215,21.976437392961202,14.100346020761243,64.55212406097614,1743.0,0,1.0,5869.0,True,2006,2014,17.405395510242442
20614,RIO DE ORO,CESAR,Caribe,2018,16.03938185443669,20.79649068614667,-4.757108831709978,14.691943127962084,21.67545807884509,1743.0,0,1.0,8167.0,True,2006,2014,-9.328150714428736
20621,LA PAZ,CESAR,Caribe,2018,26.397712833545107,17.593653291175492,8.804059542369615,6.086645184389545,28.53859413905382,1743.0,0,1.0,9631.0,True,2006,2014,4.233017659650857
20710,SAN ALBERTO,CESAR,Caribe,2018,31.051821446895843,20.744330481784253,10.30749096511159,14.10612244897959,13.734614882790414,1743.0,0,1.0,10104.0,True,2006,2014,5.7364490823928325
20750,SAN DIEGO,CESAR,Caribe,2018,28.20548324563833,17.718214162300374,10.487269083337956,4.5195160922163895,22.52023745277928,1743.0,0,1.0,7391.0,True,2006,2014,5.916227200619199
20770,SAN MARTIN,CESAR,Caribe,2018,26.16682687172915,20.172140110486254,5.994686761242896,13.844781445138269,24.090553491101115,1743.0,0,1.0,9690.0,True,2006,2014,1.4236448785241382
20787,TAMALAMEQUE,CESAR,Caribe,2018,40.39517014270033,18.01040606156102,22.38476408113931,8.354430379746836,25.904856716205646,1743.0,0,1.0,4634.0,True,2006,2014,17.81372219842055
23001,MONTERIA,CORDOBA,Caribe,2018,38.26161324604927,19.645110403704415,18.616502842344858,8.967359241421477,18.79873585312524,8806.0,0,1.0,162595.0,True,2006,2014,14.0454609596261
23068,AYAPEL,CORDOBA,Caribe,2018,33.628817793536946,17.942281863590125,15.686535929946821,5.747849800713237,47.61696207749382,8806.0,0,1.0,12640.0,True,2006,2014,11.115494047228063
23079,BUENAVISTA,CORDOBA,Caribe,2018,44.412251655629134,17.05795758264707,27.354294072982064,5.036188178528348,40.93436546009595,8806.0,0,1.0,7382.0,True,2006,2014,22.783252190263305
23090,CANALETE,CORDOBA,Caribe,2018,53.63059569968276,17.779830110260086,35.85076558942267,4.4989775051124745,75.37590182725373,8806.0,0,1.0,5760.0,True,2006,2014,31.279723706703912
23162,CERETE,CORDOBA,Caribe,2018,48.016959865163805,20.202490944049664,27.81446892111414,10.22594292915654,25.190037955597152,8806.0,0,1.0,38735.0,True,2006,2014,23.24342703839538
23168,CHIMA,CORDOBA,Caribe,2018,43.29048843187661,16.77403722099546,26.51645121088115,4.649178929409255,37.911354876964126,8806.0,0,1.0,5877.0,True,2006,2014,21.94540932816239
23182,CHINU,CORDOBA,Caribe,2018,29.04674133938277,17.453460451964013,11.593280887418757,4.867509690538222,25.016402661917702,8806.0,0,1.0,21499.0,True,2006,2014,7.022239004699999
23189,CIENAGA DE ORO,CORDOBA,Caribe,2018,57.6865383791197,19.093847648239027,38.592690730880676,7.301943198804185,36.87231244891432,8806.0,0,1.0,23736.0,True,2006,2014,34.02164884816192
23300,COTORRA,CORDOBA,Caribe,2018,41.83171607071647,16.72598436647938,25.105731704237087,4.568264405606507,24.19981498612396,8806.0,0,1.0,7637.0,True,2006,2014,20.534689821518327
23350,LA APARTADA,CORDOBA,Caribe,2018,53.83444338725024,17.755608728495442,36.0788346587548,5.232837253960634,30.546857933444983,8806.0,0,1.0,5395.0,True,2006,2014,31.50779277603604
23417,LORICA,CORDOBA,Caribe,2018,44.19473916374527,18.237637830194345,25.957101333550924,6.49976231975915,33.40342963956276,8806.0,0,1.0,43723.0,True,2006,2014,21.386059450832164
23419,LOS CORDOBAS,CORDOBA,Caribe,2018,31.29462899720584,16.845518058931972,14.449110938273868,2.9518619436875566,70.7918922321541,8806.0,0,1.0,6555.0,True,2006,2014,9.87806905555511
23464,MOMIL,CORDOBA,Caribe,2018,36.57395025407863,17.696018702330075,18.877931551748556,5.948242564696795,26.66625676340384,8806.0,0,1.0,7555.0,True,2006,2014,14.306889669029799
23466,MONTELIBANO,CORDOBA,Caribe,2018,62.603878116343495,20.46771906578087,42.136159050562625,10.638172265186848,26.9924204425124,8806.0,0,1.0,28888.0,True,2006,2014,37.565117167843866
23500,MONITOS,CORDOBA,Caribe,2018,39.37534857780257,18.001962795468472,21.373385782334097,5.5274743192564815,68.34429169157202,8806.0,0,1.0,7265.0,True,2006,2014,16.802343899615337
23555,PLANETA RICA,CORDOBA,Caribe,2018,43.96385035729298,21.16594687680671,22.797903480486273,8.750972330258918,33.104821976927546,8806.0,0,1.0,24400.0,True,2006,2014,18.226861597767517
23570,PUEBLO NUEVO,CORDOBA,Caribe,2018,35.3277569136224,17.146021891036703,18.1817350225857,4.104391814210164,42.86191041234055,8806.0,0,1.0,11899.0,True,2006,2014,13.61069313986694
23574,PUERTO ESCONDIDO,CORDOBA,Caribe,2018,42.90893878120207,17.77695273467674,25.131986046525327,4.606901458555674,73.79069528602238,8806.0,0,1.0,7260.0,True,2006,2014,20.560944163806568
23580,PUERTO LIBERTADOR,CORDOBA,Caribe,2018,63.26256608206764,18.819466272222222,44.44309980984542,8.522658973434307,55.55335240631108,8806.0,0,1.0,12224.0,True,2006,2014,39.87205792712666
23586,PURISIMA DE LA CONCEPCION,CORDOBA,Caribe,2018,31.39664804469274,17.456981616334687,13.939666428358052,5.55765595463138,36.08352605087743,8806.0,0,1.0,6386.0,True,2006,2014,9.368624545639294
23660,SAHAGUN,CORDOBA,Caribe,2018,45.226389353651314,17.698780475280707,27.527608878370607,5.9588444265701455,25.29092649718115,8806.0,0,1.0,39545.0,True,2006,2014,22.956566995651848
23670,SAN ANDRES DE SOTAVENTO,CORDOBA,Caribe,2018,38.669117647058826,17.354588703868657,21.31452894319017,3.772336201191264,72.57914892604838,8806.0,0,1.0,13817.0,True,2006,2014,16.74348706047141
23672,SAN ANTERO,CORDOBA,Caribe,2018,35.78167115902965,17.10221042563365,18.679460733396,4.69558296856347,29.574893206559185,8806.0,0,1.0,10576.0,True,2006,2014,14.108418850677241
23675,SAN BERNARDO DEL VIENTO,CORDOBA,Caribe,2018,53.94476387972477,17.48827634783752,36.45648753188725,5.0639195730420745,41.98457723273432,8806.0,0,1.0,10778.0,True,2006,2014,31.88544564916849
23678,SAN CARLOS,CORDOBA,Caribe,2018,36.30834160873883,18.357466329332055,17.950875279406773,6.53222270933801,38.60275369709332,8806.0,0,1.0,8176.0,True,2006,2014,13.379833396688015
23682,SAN JOSE DE URE,CORDOBA,Caribe,2018,58.53964274522093,17.086249876284555,41.453392868936376,4.046664236237696,52.82575278054074,8806.0,0,1.0,3260.0,True,2006,2014,36.88235098621762
23686,SAN PELAYO,CORDOBA,Caribe,2018,46.164144353899886,17.520139463714887,28.644004890185,4.919551849043889,37.17437336878909,8806.0,0,1.0,17400.0,True,2006,2014,24.072963007466242
23807,TIERRALTA,CORDOBA,Caribe,2018,43.50473903160784,19.63614053682792,23.86859849477992,8.589001447178003,56.01249227972452,8806.0,0,1.0,23939.0,True,2006,2014,19.297556612061165
23815,TUCHIN,CORDOBA,Caribe,2018,30.23255813953488,17.951764165245706,12.280793974289175,5.349856430406528,77.97567007219044,8806.0,0,1.0,10744.0,True,2006,2014,7.709752091570417
23855,VALENCIA,CORDOBA,Caribe,2018,30.265889097558563,17.27663453904271,12.989254558515853,3.28427065026362,55.93148172409276,8806.0,0,1.0,10298.0,True,2006,2014,8.418212675797095
25001,AGUA DE DIOS,CUNDINAMARCA,Andina,2018,20.46223224351748,21.001664199988017,-0.539431956470537,13.738959764474975,8.079838787064581,311.0,0,1.0,5525.0,True,2006,2014,-5.110473839189295
25019,ALBAN,CUNDINAMARCA,Andina,2018,10.790598290598291,19.230920679482693,-8.440322388884402,9.73641742872512,9.949324324324325,311.0,0,1.0,2907.0,True,2006,2014,-13.01136427160316
25035,ANAPOIMA,CUNDINAMARCA,Andina,2018,10.579589572934,17.72747593963606,-7.147886366702062,6.593406593406594,10.33800494641385,311.0,0,1.0,7338.0,True,2006,2014,-11.71892824942082
25040,ANOLAIMA,CUNDINAMARCA,Andina,2018,12.407843137254902,18.68479503844909,-6.276951901194186,7.685206554350335,9.801980198019802,311.0,0,1.0,6544.0,True,2006,2014,-10.847993783912944
25053,ARBELAEZ,CUNDINAMARCA,Andina,2018,12.620126926563916,19.015674854730367,-6.395547928166451,9.599208312716478,10.142515343805265,311.0,0,1.0,5709.0,True,2006,2014,-10.966589810885209
25086,BELTRAN,CUNDINAMARCA,Andina,2018,15.377358490566037,16.7761684050421,-1.3988099144760628,4.360056258790436,9.598603839441536,311.0,0,1.0,1081.0,True,2006,2014,-5.969851797194821
25095,BITUIMA,CUNDINAMARCA,Andina,2018,10.22364217252396,17.057485428465796,-6.8338432559418365,3.9053254437869818,9.67161493477283,311.0,0,1.0,1269.0,True,2006,2014,-11.404885138660594
25099,BOJACA,CUNDINAMARCA,Andina,2018,15.192532088681446,21.15813232753426,-5.965600238852815,13.562686073436984,5.335128975448047,311.0,0,1.0,4521.0,True,2006,2014,-10.536642121571573
25120,CABRERA,CUNDINAMARCA,Andina,2018,60.22598870056497,29.27684927482174,30.94913942574323,38.10408921933085,10.304449648711945,311.0,0,1.0,1815.0,True,2006,2014,26.378097543024474
25123,CACHIPAY,CUNDINAMARCA,Andina,2018,14.266615737203972,19.392599699020003,-5.125983961816031,8.675166297117515,9.388151505341536,311.0,0,1.0,5380.0,True,2006,2014,-9.697025844534789
25126,CAJICA,CUNDINAMARCA,Andina,2018,16.79152365318609,23.462213786539376,-6.670690133353286,18.72371446195256,3.2048575756823205,311.0,0,1.0,34673.0,True,2006,2014,-11.241732016072044
25148,CAPARRAPI,CUNDINAMARCA,Andina,2018,7.109102116293404,16.98034591209172,-9.871243795798318,3.007518796992481,29.183713228131698,311.0,0,1.0,5014.0,True,2006,2014,-14.442285678517075
25151,CAQUEZA,CUNDINAMARCA,Andina,2018,18.45488546049556,21.50435890995147,-3.0494734494559097,14.917127071823206,7.521865889212828,311.0,0,1.0,8855.0,True,2006,2014,-7.6205153321746675
25154,CARMEN DE CARUPA,CUNDINAMARCA,Andina,2018,10.631001371742114,18.158742804885428,-7.527741433143314,5.538186690486825,13.023890784982935,311.0,0,1.0,3079.0,True,2006,2014,-12.098783315862072
25168,CHAGUANI,CUNDINAMARCA,Andina,2018,9.11074740861975,17.24009825923188,-8.129350850612129,4.232365145228216,14.775804995486007,311.0,0,1.0,1860.0,True,2006,2014,-12.700392733330887
25175,CHIA,CUNDINAMARCA,Andina,2018,14.00620303362291,23.009967060763294,-9.003764027140384,17.01238583760791,3.037599123903909,311.0,0,1.0,66429.0,True,2006,2014,-13.574805909859142
25178,CHIPAQUE,CUNDINAMARCA,Andina,2018,18.647717484926787,19.16698361408951,-0.5192661291627232,10.258671369782482,9.519944341372913,311.0,0,1.0,4776.0,True,2006,2014,-5.090308011881481
25181,CHOACHI,CUNDINAMARCA,Andina,2018,10.303907380607814,20.15663190034487,-9.852724519737055,10.600858369098711,8.219178082191782,311.0,0,1.0,7119.0,True,2006,2014,-14.423766402455813
25183,CHOCONTA,CUNDINAMARCA,Andina,2018,11.79985938598547,20.155275153759963,-8.355415767774492,11.082432650427489,7.760950486971597,311.0,0,1.0,8931.0,True,2006,2014,-12.92645765049325
25200,COGUA,CUNDINAMARCA,Andina,2018,24.172325976230898,21.92247705445429,2.249848921776607,16.705157813702847,3.595980962453728,311.0,0,1.0,9861.0,True,2006,2014,-2.3211929609421507
25214,COTA,CUNDINAMARCA,Andina,2018,16.32239026189598,22.592341144998308,-6.269950883102329,15.955453788509574,4.11618416018365,311.0,0,1.0,16693.0,True,2006,2014,-10.840992765821087
25224,CUCUNUBA,CUNDINAMARCA,Andina,2018,8.839381961911606,17.986105144457298,-9.146723182545692,6.810035842293908,11.496715224221653,311.0,0,1.0,2976.0,True,2006,2014,-13.71776506526445
25245,EL COLEGIO,CUNDINAMARCA,Andina,2018,17.697594501718214,19.01717591401218,-1.3195814122939673,10.717089767076684,6.755737050024413,311.0,0,1.0,12509.0,True,2006,2014,-5.890623295012725
25258,EL PENON,CUNDINAMARCA,Andina,2018,5.5858310626703,15.942429141561917,-10.356598078891617,2.342225113858165,25.76633892423366,311.0,0,1.0,2240.0,True,2006,2014,-14.927639961610375
25260,EL ROSAL,CUNDINAMARCA,Andina,2018,11.149732620320856,19.530027253753275,-8.380294633432419,9.197522730267492,7.612124537100535,311.0,0,1.0,11900.0,True,2006,2014,-12.951336516151176
25269,FACATATIVA,CUNDINAMARCA,Andina,2018,22.096963485792685,24.155827329680065,-2.05886384388738,19.665631717219966,4.046529904137722,311.0,0,1.0,63908.0,True,2006,2014,-6.629905726606138
25279,FOMEQUE,CUNDINAMARCA,Andina,2018,9.043659043659044,18.161944750846644,-9.1182857071876,7.546739626082992,6.521536887152293,311.0,0,1.0,5898.0,True,2006,2014,-13.689327589906357
25281,FOSCA,CUNDINAMARCA,Andina,2018,10.046419098143236,17.70695606154057,-7.660536963397334,7.251032583754016,13.342923934544146,311.0,0,1.0,3065.0,True,2006,2014,-12.231578846116092
25286,FUNZA,CUNDINAMARCA,Andina,2018,22.77914970299673,24.035559376455474,-1.2564096734587444,18.8514978145766,3.3594353148781293,311.0,0,1.0,47016.0,True,2006,2014,-5.827451556177502
25288,FUQUENE,CUNDINAMARCA,Andina,2018,24.153705397987192,21.12869434742143,3.0250110505657624,12.397820163487738,8.993399339933994,311.0,0,1.0,2281.0,True,2006,2014,-1.5460308321529954
25290,FUSAGASUGA,CUNDINAMARCA,Andina,2018,19.312559814433325,22.161069541051656,-2.8485097266183317,16.485635480485243,4.665010899203257,311.0,0,1.0,63664.0,True,2006,2014,-7.4195516093370895
25293,GACHALA,CUNDINAMARCA,Andina,2018,17.22972972972973,17.965863323136574,-0.7361335934068443,5.9943977591036415,17.545475477780336,311.0,0,1.0,2426.0,True,2006,2014,-5.307175476125602
25295,GACHANCIPA,CUNDINAMARCA,Andina,2018,22.918212854386223,21.887989049022426,1.0302238053637964,15.641592920353984,4.764773206433348,311.0,0,1.0,7203.0,True,2006,2014,-3.5408180773549613
25297,GACHETA,CUNDINAMARCA,Andina,2018,10.273972602739724,19.348348927519513,-9.07437632477979,7.839819514946418,15.995040297582143,311.0,0,1.0,4951.0,True,2006,2014,-13.645418207498548
25299,GAMA,CUNDINAMARCA,Andina,2018,8.009563658099223,17.370772428744345,-9.361208770645122,5.147679324894515,8.740105540897098,311.0,0,1.0,1714.0,True,2006,2014,-13.93225065336388
25307,GIRARDOT,CUNDINAMARCA,Andina,2018,17.77558802107879,21.487692383796123,-3.7121043627173336,14.52720715069782,7.536184390190616,311.0,0,1.0,48317.0,True,2006,2014,-8.283146245436091
25312,GRANADA,CUNDINAMARCA,Andina,2018,29.530394698934025,21.695286857360358,7.835107841573667,13.648293963254591,4.971735034062908,311.0,0,1.0,3591.0,True,2006,2014,3.264065958854909
25317,GUACHETA,CUNDINAMARCA,Andina,2018,8.38709677419355,23.1560138065376,-14.768917032344051,13.42925659472422,11.892284124808514,311.0,0,1.0,4810.0,True,2006,2014,-19.33995891506281
25320,GUADUAS,CUNDINAMARCA,Andina,2018,13.381995133819952,19.674719934689957,-6.292724800870005,8.41145498908437,9.415028147181202,311.0,0,1.0,12397.0,True,2006,2014,-10.863766683588763
25322,GUASCA,CUNDINAMARCA,Andina,2018,15.45872239513858,22.673522292144092,-7.214799897005513,16.14704513727315,4.747893540189915,311.0,0,1.0,7200.0,True,2006,2014,-11.78584177972427
25324,GUATAQUI,CUNDINAMARCA,Andina,2018,23.51758793969849,18.410121248505714,5.107466691192776,6.779661016949152,12.512664640324214,311.0,0,1.0,1034.0,True,2006,2014,0.5364248084740186
25326,GUATAVITA,CUNDINAMARCA,Andina,2018,8.056304282719378,19.202039958694094,-11.145735675974716,9.306409130816505,7.794955248169243,311.0,0,1.0,3450.0,True,2006,2014,-15.716777558693474
25328,GUAYABAL DE SIQUIMA,CUNDINAMARCA,Andina,2018,12.825904121110176,18.299551989086712,-5.473647867976537,8.39073262366938,10.321864594894562,311.0,0,1.0,2453.0,True,2006,2014,-10.044689750695294
25335,GUAYABETAL,CUNDINAMARCA,Andina,2018,11.95035460992908,17.692948833922234,-5.742594223993153,6.261859582542694,9.864004131520057,311.0,0,1.0,2896.0,True,2006,2014,-10.313636106711911
25339,GUTIERREZ,CUNDINAMARCA,Andina,2018,7.855504587155964,16.055971258578452,-8.20046667142249,2.660300136425648,11.295681063122924,311.0,0,1.0,1763.0,True,2006,2014,-12.771508554141247
25368,JERUSALEN,CUNDINAMARCA,Andina,2018,12.52129471890971,16.602880334553408,-4.081585615643698,4.338153503893214,14.525691699604742,311.0,0,1.0,1203.0,True,2006,2014,-8.652627498362456
25372,JUNIN,CUNDINAMARCA,Andina,2018,12.037383177570094,18.926588410930183,-6.889205233360089,8.315677966101696,16.201654800846644,311.0,0,1.0,2771.0,True,2006,2014,-11.460247116078847
25377,LA CALERA,CUNDINAMARCA,Andina,2018,21.114768174012596,27.039584105993136,-5.92481593198054,28.806396344945743,3.140292202077099,311.0,0,1.0,14424.0,True,2006,2014,-10.495857814699297
25386,LA MESA,CUNDINAMARCA,Andina,2018,13.605968888576053,19.6998199891481,-6.0938511005720475,10.661313705810192,8.911677370347352,311.0,0,1.0,14576.0,True,2006,2014,-10.664892983290805
25394,LA PALMA,CUNDINAMARCA,Andina,2018,13.39887640449438,17.13337794422461,-3.7345015397302284,3.9906103286384975,20.264660093409443,311.0,0,1.0,3653.0,True,2006,2014,-8.305543422448986
25398,LA PENA,CUNDINAMARCA,Andina,2018,4.092471102780381,16.283484090634524,-12.191012987854142,2.18435998252512,30.077691453940066,311.0,0,1.0,3243.0,True,2006,2014,-16.7620548705729
25402,LA VEGA,CUNDINAMARCA,Andina,2018,10.540880503144653,19.9502025923518,-9.409322089207148,9.594308786771776,7.530258924467596,311.0,0,1.0,8178.0,True,2006,2014,-13.980363971925906
25407,LENGUAZAQUE,CUNDINAMARCA,Andina,2018,6.851851851851852,17.237604566417943,-10.385752714566092,5.4088050314465415,10.282557892500533,311.0,0,1.0,3948.0,True,2006,2014,-14.95679459728485
25426,MACHETA,CUNDINAMARCA,Andina,2018,5.709240729841083,19.129014299849825,-13.419773570008742,8.007448789571695,12.786449684490202,311.0,0,1.0,3474.0,True,2006,2014,-17.9908154527275
25430,MADRID,CUNDINAMARCA,Andina,2018,20.84543939033103,23.268526597694347,-2.4230872073633165,18.67597458624206,3.664416586306654,311.0,0,1.0,44251.0,True,2006,2014,-6.994129090082074
25436,MANTA,CUNDINAMARCA,Andina,2018,8.06904857486953,17.04942075740143,-8.980372182531898,5.398182789951898,7.602163461538462,311.0,0,1.0,2526.0,True,2006,2014,-13.551414065250656
25438,MEDINA,CUNDINAMARCA,Andina,2018,8.973364365140936,16.698525541431263,-7.725161176290326,3.977862331373228,21.24088595405145,311.0,0,1.0,3967.0,True,2006,2014,-12.296203059009084
25473,MOSQUERA,CUNDINAMARCA,Andina,2018,23.79983214435585,23.883289969980936,-0.08345782562508575,19.42158295515729,3.4559279950341404,311.0,0,1.0,49590.0,True,2006,2014,-4.6544997083438435
25483,NARINO,CUNDINAMARCA,Andina,2018,22.68835616438356,18.50011546083903,4.18824070354453,9.29936305732484,9.857142857142858,311.0,0,1.0,1204.0,True,2006,2014,-0.38280117917422807
25486,NEMOCON,CUNDINAMARCA,Andina,2018,22.641509433962263,21.044846285849825,1.5966631481124374,13.875598086124402,4.500737825873094,311.0,0,1.0,6645.0,True,2006,2014,-2.9743787346063204
25488,NILO,CUNDINAMARCA,Andina,2018,13.529231711049894,18.031415496843906,-4.502183785794012,8.75671210243701,7.916666666666667,311.0,0,1.0,3347.0,True,2006,2014,-9.07322566851277
25489,NIMAIMA,CUNDINAMARCA,Andina,2018,5.526315789473684,16.629306432236724,-11.10299064276304,3.2281731474688184,12.912716574043806,311.0,0,1.0,1919.0,True,2006,2014,-15.674032525481797
25491,NOCAIMA,CUNDINAMARCA,Andina,2018,18.403755868544604,21.606002508213002,-3.202246639668399,14.548090865152249,10.91644204851752,311.0,0,1.0,3261.0,True,2006,2014,-7.773288522387157
25506,VENECIA,CUNDINAMARCA,Andina,2018,24.799081515499427,21.750129073875378,3.048952441624049,14.691558441558442,13.419386264003895,311.0,0,1.0,1800.0,True,2006,2014,-1.5220894410947086
25513,PACHO,CUNDINAMARCA,Andina,2018,8.357545718680568,18.317358270338,-9.959812551657434,5.804393177076942,8.15748297881338,311.0,0,1.0,12062.0,True,2006,2014,-14.530854434376192
25518,PAIME,CUNDINAMARCA,Andina,2018,9.976359338061464,16.65313388865159,-6.676774550590125,3.884711779448621,35.469641930461854,311.0,0,1.0,2154.0,True,2006,2014,-11.247816433308882
25524,PANDI,CUNDINAMARCA,Andina,2018,27.587844254510923,18.920782049251052,8.667062205259871,10.36065573770492,12.864385297845374,311.0,0,1.0,2153.0,True,2006,2014,4.096020322541113
25530,PARATEBUENO,CUNDINAMARCA,Andina,2018,7.963734378828718,17.291030372111727,-9.327295993283009,5.276225946617008,15.573053368328958,311.0,0,1.0,4202.0,True,2006,2014,-13.898337876001767
25535,PASCA,CUNDINAMARCA,Andina,2018,40.54663991975927,26.268609147371293,14.278030772387979,31.67789996452643,8.174073221275616,311.0,0,1.0,4176.0,True,2006,2014,9.706988889669221
25572,PUERTO SALGAR,CUNDINAMARCA,Andina,2018,15.877988458367684,21.2721893649476,-5.394200906579917,15.223274695534506,13.763528691035328,311.0,0,1.0,6399.0,True,2006,2014,-9.965242789298674
25580,PULI,CUNDINAMARCA,Andina,2018,9.764542936288088,16.237509835949627,-6.4729668996615395,3.3301617507136063,10.380348652931854,311.0,0,1.0,1468.0,True,2006,2014,-11.044008782380297
25592,QUEBRADANEGRA,CUNDINAMARCA,Andina,2018,4.459092671578131,17.404627840120433,-12.945535168542303,4.039238315060588,11.22104789745896,311.0,0,1.0,2617.0,True,2006,2014,-17.51657705126106
25594,QUETAME,CUNDINAMARCA,Andina,2018,21.00030129557096,20.793181824678804,0.207119470892156,13.333333333333334,9.719967532467532,311.0,0,1.0,3402.0,True,2006,2014,-4.363922411826602
25596,QUIPILE,CUNDINAMARCA,Andina,2018,7.897971727105101,17.1340641950341,-9.236092467928998,5.680425010216592,18.592471358428806,311.0,0,1.0,3307.0,True,2006,2014,-13.807134350647756
25599,APULO,CUNDINAMARCA,Andina,2018,10.09129040217123,18.291457205858826,-8.200166803687596,8.018368067820559,18.406374501992037,311.0,0,1.0,4133.0,True,2006,2014,-12.771208686406354
25612,RICAURTE,CUNDINAMARCA,Andina,2018,13.344594594594597,19.09795509807876,-5.7533605034841635,8.52475752935171,9.307499768239548,311.0,0,1.0,6107.0,True,2006,2014,-10.324402386202921
25645,SAN ANTONIO DEL TEQUENDAMA,CUNDINAMARCA,Andina,2018,17.914860070949942,19.938767557143187,-2.023907486193245,12.30577998756992,7.361301705547932,311.0,0,1.0,5186.0,True,2006,2014,-6.594949368912003
25649,SAN BERNARDO,CUNDINAMARCA,Andina,2018,21.089313371192567,18.824810517661447,2.26450285353112,9.830508474576272,8.6709886547812,311.0,0,1.0,3980.0,True,2006,2014,-2.306539029187638
25653,SAN CAYETANO,CUNDINAMARCA,Andina,2018,8.674463937621832,17.242761277729052,-8.56829734010722,6.5149136577708,8.038585209003216,311.0,0,1.0,2094.0,True,2006,2014,-13.139339222825978
25658,SAN FRANCISCO,CUNDINAMARCA,Andina,2018,11.34682755936162,19.23199398647862,-7.885166427117001,7.494836234877544,7.508532423208191,311.0,0,1.0,5265.0,True,2006,2014,-12.456208309835759
25662,SAN JUAN DE RIOSECO,CUNDINAMARCA,Andina,2018,12.96655879180151,18.962703532210362,-5.996144740408852,8.877774304470147,12.970376301040831,311.0,0,1.0,4744.0,True,2006,2014,-10.56718662312761
25718,SASAIMA,CUNDINAMARCA,Andina,2018,9.160459029595328,18.298122696132992,-9.137663666537664,7.552608820985875,8.517044843531563,311.0,0,1.0,5110.0,True,2006,2014,-13.708705549256422
25736,SESQUILE,CUNDINAMARCA,Andina,2018,18.84592966776763,22.74615600320832,-3.9002263354406885,17.28634850166482,5.756698044895003,311.0,0,1.0,5472.0,True,2006,2014,-8.471268218159446
25740,SIBATE,CUNDINAMARCA,Andina,2018,28.60701283770837,23.8471405497672,4.759872287941171,20.83166733306677,5.950303068769636,311.0,0,1.0,16464.0,True,2006,2014,0.18883040522241323
25743,SILVANIA,CUNDINAMARCA,Andina,2018,17.118575475515986,19.468795806480365,-2.3502203309643797,11.389218009478672,8.010511971968075,311.0,0,1.0,10121.0,True,2006,2014,-6.921262213683137
25745,SIMIJACA,CUNDINAMARCA,Andina,2018,16.593301435406698,18.957373532090322,-2.364072096683625,9.195088676671215,5.23979458612586,311.0,0,1.0,5442.0,True,2006,2014,-6.935113979402383
25754,SOACHA,CUNDINAMARCA,Andina,2018,36.478582546506765,24.684306790297857,11.794275756208908,22.68394434474561,5.365805995334756,311.0,0,1.0,151794.0,True,2006,2014,7.22323387349015
25758,SOPO,CUNDINAMARCA,Andina,2018,28.473145180204835,23.077352867954772,5.395792312250062,16.933475631447884,2.889543565115622,311.0,0,1.0,13345.0,True,2006,2014,0.8247504295313046
25769,SUBACHOQUE,CUNDINAMARCA,Andina,2018,8.534322820037106,19.789637400294016,-11.25531458025691,8.892328861369108,3.7483176312247646,311.0,0,1.0,8429.0,True,2006,2014,-15.826356462975667
25772,SUESCA,CUNDINAMARCA,Andina,2018,20.455945779420823,22.941139763985205,-2.4851939845643827,19.30477963997517,4.982137057486197,311.0,0,1.0,7021.0,True,2006,2014,-7.0562358672831405
25777,SUPATA,CUNDINAMARCA,Andina,2018,6.3377286261165455,17.89139146385563,-11.553662837739084,7.086167800453515,10.41049513330512,311.0,0,1.0,2413.0,True,2006,2014,-16.124704720457842
25779,SUSA,CUNDINAMARCA,Andina,2018,18.800888230940043,18.397323665298195,0.4035645656418474,8.088589311506981,13.057796805532686,311.0,0,1.0,2856.0,True,2006,2014,-4.16747731707691
25781,SUTATAUSA,CUNDINAMARCA,Andina,2018,12.362030905077264,20.497300995654918,-8.135270090577654,11.833333333333334,7.588436667934576,311.0,0,1.0,2423.0,True,2006,2014,-12.706311973296412
25785,TABIO,CUNDINAMARCA,Andina,2018,12.364425162689804,23.459146811682427,-11.094721648992623,18.22240826008093,3.933868222708485,311.0,0,1.0,11041.0,True,2006,2014,-15.66576353171138
25793,TAUSA,CUNDINAMARCA,Andina,2018,7.491856677524431,18.116108274716826,-10.624251597192394,7.193440178904212,8.096803107260232,311.0,0,1.0,3573.0,True,2006,2014,-15.195293479911152
25797,TENA,CUNDINAMARCA,Andina,2018,16.919631749191343,18.67919403229007,-1.7595622830987274,9.649122807017545,7.181840734309104,311.0,0,1.0,4107.0,True,2006,2014,-6.330604165817485
25799,TENJO,CUNDINAMARCA,Andina,2018,12.932016710976074,22.554618053239086,-9.622601342263012,14.827890556045894,4.590534171249018,311.0,0,1.0,11019.0,True,2006,2014,-14.19364322498177
25805,TIBACUY,CUNDINAMARCA,Andina,2018,23.811787072243344,18.57904203419247,5.232745038050876,10.976430976430976,11.13365457773269,311.0,0,1.0,2153.0,True,2006,2014,0.661703155332118
25807,TIBIRITA,CUNDINAMARCA,Andina,2018,10.754098360655735,20.01450824465968,-9.260409884003945,7.306434023991276,11.62217659137577,311.0,0,1.0,1560.0,True,2006,2014,-13.831451766722703
25815,TOCAIMA,CUNDINAMARCA,Andina,2018,10.299710938688577,18.467503852439506,-8.16779291375093,7.750730282375852,11.171439196727407,311.0,0,1.0,6785.0,True,2006,2014,-12.738834796469687
25817,TOCANCIPA,CUNDINAMARCA,Andina,2018,28.634122555128133,21.413407202871092,7.2207153522570415,14.529430789133247,4.235587062022003,311.0,0,1.0,19771.0,True,2006,2014,2.6496734695382838
25823,TOPAIPI,CUNDINAMARCA,Andina,2018,7.006020799124248,16.180309303845632,-9.174288504721385,2.8223220012828736,27.41981265966506,311.0,0,1.0,1860.0,True,2006,2014,-13.745330387440143
25839,UBALA,CUNDINAMARCA,Andina,2018,10.206752159120647,17.533323621780443,-7.326571462659796,7.41263678079774,21.133018605942794,311.0,0,1.0,3956.0,True,2006,2014,-11.897613345378554
25841,UBAQUE,CUNDINAMARCA,Andina,2018,16.151603498542276,20.735726230324772,-4.584122731782497,13.18355235269182,15.320813771517996,311.0,0,1.0,3543.0,True,2006,2014,-9.155164614501254
25843,VILLA DE SAN DIEGO DE UBATE,CUNDINAMARCA,Andina,2018,13.759742004837408,21.838945469251712,-8.079203464414304,12.111990261716372,5.252159025102601,311.0,0,1.0,19658.0,True,2006,2014,-12.650245347133062
25845,UNE,CUNDINAMARCA,Andina,2018,18.81240147136101,20.729504295316342,-1.9171028239553323,12.337445815271757,11.925807853934211,311.0,0,1.0,3927.0,True,2006,2014,-6.48814470667409
25851,UTICA,CUNDINAMARCA,Andina,2018,4.424446944131984,15.790153273136827,-11.365706329004844,2.7182435964453737,16.919631749191343,311.0,0,1.0,2710.0,True,2006,2014,-15.936748211723602
25862,VERGARA,CUNDINAMARCA,Andina,2018,9.839142091152816,16.590436947235556,-6.75129485608274,3.702127659574468,22.415506958250496,311.0,0,1.0,3793.0,True,2006,2014,-11.322336738801498
25867,VIANI,CUNDINAMARCA,Andina,2018,11.527093596059114,18.272496093422575,-6.745402497363461,7.437457741717377,11.744613767735157,311.0,0,1.0,2093.0,True,2006,2014,-11.316444380082219
25871,VILLAGOMEZ,CUNDINAMARCA,Andina,2018,12.195121951219512,17.19113444567154,-4.996012494452028,6.740027510316368,10.265486725663717,311.0,0,1.0,1081.0,True,2006,2014,-9.567054377170786
25873,VILLAPINZON,CUNDINAMARCA,Andina,2018,8.19555975436939,20.218048991351832,-12.022489236982443,10.996997945963027,8.758062476286835,311.0,0,1.0,8776.0,True,2006,2014,-16.5935311197012
25875,VILLETA,CUNDINAMARCA,Andina,2018,9.590651870360842,18.3139372940767,-8.723285423715856,6.5363665491829535,8.414819431999689,311.0,0,1.0,13924.0,True,2006,2014,-13.294327306434614
25878,VIOTA,CUNDINAMARCA,Andina,2018,21.38429752066116,18.811980106909196,2.572317413751964,11.48036253776435,14.587653533258893,311.0,0,1.0,5909.0,True,2006,2014,-1.9987244689667936
25885,YACOPI,CUNDINAMARCA,Andina,2018,6.078475844862781,16.896298414175263,-10.817822569312483,3.016830739917434,40.6172499311105,311.0,0,1.0,4480.0,True,2006,2014,-15.38886445203124
25898,ZIPACON,CUNDINAMARCA,Andina,2018,15.09069857197993,19.26463152562262,-4.173932953642689,9.178498985801218,7.717881738304441,311.0,0,1.0,2667.0,True,2006,2014,-8.744974836361447
25899,ZIPAQUIRA,CUNDINAMARCA,Andina,2018,33.3533922492349,25.77314207386791,7.5802501753669915,24.17763595266587,3.116276905899138,311.0,0,1.0,60897.0,True,2006,2014,3.0092082926482338
27001,QUIBDO,CHOCO,Pacifica,2018,48.72625798901791,22.699852206301426,26.026405782716484,10.888145670754366,72.80990282973862,20369.0,0,1.0,35346.0,True,2006,2014,21.455363899997728
27006,ACANDI,CHOCO,Pacifica,2018,27.37833594976452,16.708899108162694,10.669436841601826,2.128498226251478,36.44481190574618,20369.0,0,1.0,3298.0,True,2006,2014,6.098394958883068
27025,ALTO BAUDO,CHOCO,Pacifica,2018,51.693796744390674,18.57255267831828,33.12124406607239,6.067251461988303,77.84921098772648,20369.0,0,1.0,4573.0,True,2006,2014,28.550202183353633
27050,ATRATO,CHOCO,Pacifica,2018,49.87071751777634,19.340241644431412,30.53047587334493,5.8945620589456205,42.5009100837277,20369.0,0,1.0,3242.0,True,2006,2014,25.959433990626174
27073,BAGADO,CHOCO,Pacifica,2018,34.45661331086774,17.36057009598303,17.09604321488471,2.2082018927444795,70.52023121387283,20369.0,0,1.0,2420.0,True,2006,2014,12.525001332165951
27075,BAHIA SOLANO,CHOCO,Pacifica,2018,27.20994475138121,17.38174613123581,9.8281986201454,4.643370033508856,24.60864805692392,20369.0,0,1.0,3000.0,True,2006,2014,5.257156737426643
27077,BAJO BAUDO,CHOCO,Pacifica,2018,27.56876383180525,16.776766748637588,10.791997083167661,2.452107279693487,65.86634870738713,20369.0,0,1.0,3233.0,True,2006,2014,6.220955200448904
27099,BOJAYA,CHOCO,Pacifica,2018,50.90144230769232,18.006084220084283,32.89535808760804,2.93398533007335,67.56077116512992,20369.0,0,1.0,1682.0,True,2006,2014,28.32431620488928
27135,EL CANTON DEL SAN PABLO,CHOCO,Pacifica,2018,30.67940552016985,19.879999073339658,10.799406446830194,5.551020408163265,43.51590106007067,20369.0,0,1.0,1988.0,True,2006,2014,6.228364564111436
27150,CARMEN DEL DARIEN,CHOCO,Pacifica,2018,67.73874319643741,18.56903903140092,49.16970416503649,6.655974338412189,75.67691251620776,20369.0,0,1.0,2055.0,True,2006,2014,44.59866228231773
27160,CERTEGUI,CHOCO,Pacifica,2018,33.31608898085877,18.718830835185976,14.597258145672797,4.899135446685879,51.740337390561606,20369.0,0,1.0,2001.0,True,2006,2014,10.026216262954039
27205,CONDOTO,CHOCO,Pacifica,2018,52.28595178719867,23.083923168191554,29.202028619007116,13.117344922955354,66.49771092217135,20369.0,0,1.0,3843.0,True,2006,2014,24.630986736288357
27245,EL CARMEN DE ATRATO,CHOCO,Pacifica,2018,13.956127080181544,20.24548750271186,-6.289360422530317,7.279236276849642,36.47758926310458,20369.0,0,1.0,2756.0,True,2006,2014,-10.860402305249075
27250,EL LITORAL DEL SAN JUAN,CHOCO,Pacifica,2018,80.97868981846882,17.27152646844636,63.70716335002246,2.010050251256281,70.22195353657483,20369.0,0,1.0,2562.0,True,2006,2014,59.1361214673037
27361,ISTMINA,CHOCO,Pacifica,2018,51.98966408268733,24.26951348929049,27.720150593396838,13.752258582613932,83.95919412044316,20369.0,0,1.0,8224.0,True,2006,2014,23.149108710678078
27372,JURADO,CHOCO,Pacifica,2018,35.94405594405594,17.953443179546404,17.990612764509535,2.955665024630542,56.11002921129504,20369.0,0,1.0,728.0,True,2006,2014,13.419570881790778
27413,LLORO,CHOCO,Pacifica,2018,26.20215897939156,18.075006834666077,8.127152144725482,2.959094865100087,76.62410394265233,20369.0,0,1.0,3194.0,True,2006,2014,3.556110262006724
27425,MEDIO ATRATO,CHOCO,Pacifica,2018,40.26548672566372,21.97523234450444,18.29025438115928,15.136876006441224,51.6370808678501,20369.0,0,1.0,2089.0,True,2006,2014,13.719212498440521
27430,MEDIO BAUDO,CHOCO,Pacifica,2018,21.152115211521156,18.325335820695955,2.8267793908252017,2.11463550361714,63.21239663264546,20369.0,0,1.0,3370.0,True,2006,2014,-1.744262491893556
27450,MEDIO SAN JUAN,CHOCO,Pacifica,2018,63.8975424022153,22.29586454280097,41.60167785941433,11.3396331295164,64.09236548447686,20369.0,0,1.0,2997.0,True,2006,2014,37.03063597669557
27491,NOVITA,CHOCO,Pacifica,2018,26.614699331848552,21.950167452665305,4.664531879183247,10.472659870250231,50.012248897599214,20369.0,0,1.0,1935.0,True,2006,2014,0.09348999646448952
27495,NUQUI,CHOCO,Pacifica,2018,51.8188057652711,17.73985734331138,34.07894842195972,3.494176372712146,50.92592592592592,20369.0,0,1.0,1515.0,True,2006,2014,29.507906539240963
27580,RIO IRO,CHOCO,Pacifica,2018,29.38177182919057,18.296600286138695,11.085171543051874,4.49438202247191,43.0939226519337,20369.0,0,1.0,1622.0,True,2006,2014,6.514129660333117
27600,RIO QUITO,CHOCO,Pacifica,2018,40.53622725821896,17.839826725154047,22.69640053306491,3.791666666666667,58.33960371206421,20369.0,0,1.0,3251.0,True,2006,2014,18.12535865034615
27615,RIOSUCIO,CHOCO,Pacifica,2018,54.99299229152067,17.244106935302614,37.748885356218054,2.138871667699938,75.1529195632659,20369.0,0,1.0,5897.0,True,2006,2014,33.177843473499294
27660,SAN JOSE DEL PALMAR,CHOCO,Pacifica,2018,29.5169946332737,19.895866796083382,9.621127837190318,9.388097233864208,29.46409658970557,20369.0,0,1.0,1176.0,True,2006,2014,5.050085954471561
27745,SIPI,CHOCO,Pacifica,2018,75.19083969465649,20.00095301368117,55.18988668097532,8.545454545454545,49.09682080924856,20369.0,0,1.0,812.0,True,2006,2014,50.61884479825656
27787,TADO,CHOCO,Pacifica,2018,33.8789888106092,19.20313717682303,14.67585163378617,6.630122683372488,54.76541752729419,20369.0,0,1.0,5150.0,True,2006,2014,10.104809751067412
27800,UNGUIA,CHOCO,Pacifica,2018,35.2059925093633,21.93099775150855,13.27499475785475,2.324080051646223,48.58923884514436,20369.0,0,1.0,2739.0,True,2006,2014,8.703952875135991
27810,UNION PANAMERICANA,CHOCO,Pacifica,2018,34.73205257836198,19.636874913068603,15.095177665293377,6.993424985056784,52.152369154537006,20369.0,0,1.0,2107.0,True,2006,2014,10.52413578257462
41001,NEIVA,HUILA,Andina,2018,26.80857811075435,24.72720865426133,2.0813694564930216,25.35801644343394,7.570138201780984,1506.0,0,1.0,156006.0,True,2006,2014,-2.489672426225736
41006,ACEVEDO,HUILA,Andina,2018,8.379888268156424,16.74809810713488,-8.368209838978455,6.031418415319345,19.330673397931765,1506.0,0,1.0,10745.0,True,2006,2014,-12.939251721697213
41013,AGRADO,HUILA,Andina,2018,12.704701531959852,19.440513982628463,-6.735812450668611,9.03954802259887,18.325950104919563,1506.0,0,1.0,3866.0,True,2006,2014,-11.306854333387369
41016,AIPE,HUILA,Andina,2018,20.614682592940543,21.275623228435542,-0.6609406354949989,15.22661308327752,15.238485718190516,1506.0,0,1.0,7663.0,True,2006,2014,-5.231982518213757
41020,ALGECIRAS,HUILA,Andina,2018,27.24311519099793,20.109600098910434,7.133515092087496,12.719923918212078,20.214838870846865,1506.0,0,1.0,7098.0,True,2006,2014,2.562473209368738
41026,ALTAMIRA,HUILA,Andina,2018,26.682986536107716,21.709415552050338,4.973570984057378,15.60574948665298,8.89763779527559,1506.0,0,1.0,1681.0,True,2006,2014,0.4025291013386205
41078,BARAYA,HUILA,Andina,2018,22.566037735849054,22.451897631724727,0.11414010412432773,19.66325917017438,20.790995779271533,1506.0,0,1.0,2741.0,True,2006,2014,-4.45690177859443
41132,CAMPOALEGRE,HUILA,Andina,2018,25.071225071225072,22.327541398598704,2.743683672626368,17.151049133324644,13.931919420251312,1506.0,0,1.0,13297.0,True,2006,2014,-1.82735821009239
41206,COLOMBIA,HUILA,Andina,2018,11.378002528445007,17.49165917577944,-6.113656647334432,5.640794223826714,26.360373295046664,1506.0,0,1.0,3218.0,True,2006,2014,-10.68469853005319
41244,ELIAS,HUILA,Andina,2018,10.86021505376344,17.213059389372518,-6.352844335609078,7.358636715724244,9.670506295204929,1506.0,0,1.0,1887.0,True,2006,2014,-10.923886218327835
41298,GARZON,HUILA,Andina,2018,16.967809682441974,22.3250675906853,-5.3572579082433265,16.298436437797417,12.370060778640212,1506.0,0,1.0,28449.0,True,2006,2014,-9.928299790962084
41306,GIGANTE,HUILA,Andina,2018,18.02022352315061,21.783228119237826,-3.7630045960872174,15.971045741567844,13.327734064185304,1506.0,0,1.0,9765.0,True,2006,2014,-8.334046478805975
41319,GUADALUPE,HUILA,Andina,2018,12.8661595727464,18.560457762154353,-5.694298189407954,10.048553937090986,18.4503937007874,1506.0,0,1.0,6390.0,True,2006,2014,-10.265340072126712
41349,HOBO,HUILA,Andina,2018,24.623115577889447,21.455607605507918,3.1675079723815287,13.74930977360574,20.430750822614417,1506.0,0,1.0,2888.0,True,2006,2014,-1.403533910337229
41357,IQUIRA,HUILA,Andina,2018,29.005667181865014,23.182951291520645,5.822715890344369,21.130402659770965,24.06015037593985,1506.0,0,1.0,3981.0,True,2006,2014,1.2516740076256117
41359,ISNOS,HUILA,Andina,2018,26.427436688159982,20.877002366179614,5.550434321980369,16.118340289712744,19.384640429774937,1506.0,0,1.0,11135.0,True,2006,2014,0.9793924392616109
41378,LA ARGENTINA,HUILA,Andina,2018,23.896499238964992,25.992259910541204,-2.095760671576212,32.54237288135593,19.438877755511022,1506.0,0,1.0,5453.0,True,2006,2014,-6.66680255429497
41396,LA PLATA,HUILA,Andina,2018,21.40822710930569,20.915893995311947,0.4923331139937446,15.784258210645527,19.115385328070857,1506.0,0,1.0,22087.0,True,2006,2014,-4.078708768725013
41483,NATAGA,HUILA,Andina,2018,20.02417405318292,18.985854093383296,1.038319959799626,9.767943874797623,18.92155270423908,1506.0,0,1.0,2567.0,True,2006,2014,-3.532721922919132
41503,OPORAPA,HUILA,Andina,2018,8.821502412129565,16.665501921628547,-7.843999509498982,5.9459459459459465,18.40518405184052,1506.0,0,1.0,4445.0,True,2006,2014,-12.41504139221774
41518,PAICOL,HUILA,Andina,2018,9.90838140481846,16.935724144932987,-7.027342740114527,5.523101433882103,11.369670466968609,1506.0,0,1.0,3005.0,True,2006,2014,-11.598384622833285
41524,PALERMO,HUILA,Andina,2018,21.58773029806116,21.763897284105038,-0.17616698604387793,18.659234267273,12.594218504100056,1506.0,0,1.0,10637.0,True,2006,2014,-4.747208868762636
41530,PALESTINA,HUILA,Andina,2018,14.1352433115652,18.504375909817497,-4.369132598252298,8.864027538726333,20.001913143294438,1506.0,0,1.0,4931.0,True,2006,2014,-8.940174480971056
41548,PITAL,HUILA,Andina,2018,15.627435697583788,20.610233588136143,-4.982797890552355,15.91482207901373,15.742104401898215,1506.0,0,1.0,5257.0,True,2006,2014,-9.553839773271113
41551,PITALITO,HUILA,Andina,2018,21.22248427672956,20.77484200549419,0.44764227123537026,16.856607254441037,11.925271659201115,1506.0,0,1.0,52299.0,True,2006,2014,-4.1233996114833875
41615,RIVERA,HUILA,Andina,2018,25.364900586139523,23.326845786654438,2.038054799485085,21.317388003037205,12.5943508188939,1506.0,0,1.0,9048.0,True,2006,2014,-2.5329870832336727
41660,SALADOBLANCO,HUILA,Andina,2018,8.500590318772137,16.768534855054977,-8.26794453628284,5.758426966292135,20.615996025832093,1506.0,0,1.0,5166.0,True,2006,2014,-12.838986419001598
41668,SAN AGUSTIN,HUILA,Andina,2018,20.89910775566232,23.08175878664185,-2.182651030979528,20.53276505061268,15.234712785670167,1506.0,0,1.0,12123.0,True,2006,2014,-6.753692913698286
41676,SANTA MARIA,HUILA,Andina,2018,9.643916913946589,17.0658824191923,-7.42196550524571,6.205770277626565,20.959373470386687,1506.0,0,1.0,4813.0,True,2006,2014,-11.993007387964468
41770,SUAZA,HUILA,Andina,2018,16.122104617272587,19.02418030361085,-2.9020756863382644,11.915836101882611,15.280497638520908,1506.0,0,1.0,6673.0,True,2006,2014,-7.473117569057022
41791,TARQUI,HUILA,Andina,2018,14.49723397331598,19.840973340456067,-5.343739367140087,11.472797632597311,13.60193692575118,1506.0,0,1.0,6300.0,True,2006,2014,-9.914781249858844
41797,TESALIA,HUILA,Andina,2018,12.014618547281865,19.09614994162133,-7.081531394339466,10.244233378561738,10.73000921470257,1506.0,0,1.0,4512.0,True,2006,2014,-11.652573277058224
41799,TELLO,HUILA,Andina,2018,19.56350766810853,20.36721325588433,-0.8037055877757986,13.350615683732988,16.847772883015175,1506.0,0,1.0,5246.0,True,2006,2014,-5.374747470494556
41801,TERUEL,HUILA,Andina,2018,8.362091850278738,18.425198567460075,-10.063106717181338,7.682234831951113,11.07482993197279,1506.0,0,1.0,3829.0,True,2006,2014,-14.634148599900096
41807,TIMANA,HUILA,Andina,2018,10.763849712287035,18.39253161730278,-7.628681905015744,9.343157234676282,11.118024313199962,1506.0,0,1.0,9042.0,True,2006,2014,-12.199723787734502
41872,VILLAVIEJA,HUILA,Andina,2018,30.876002467612583,23.255813614490854,7.620188853121729,20.626151012891345,14.51821978971626,1506.0,0,1.0,3356.0,True,2006,2014,3.049146970402971
41885,YAGUARA,HUILA,Andina,2018,19.815303430079155,24.545787653838087,-4.730484223758932,23.28393135725429,9.237875288683602,1506.0,0,1.0,3966.0,True,2006,2014,-9.30152610647769
44001,RIOHACHA,LA GUAJIRA,Caribe,2018,46.17717177631855,20.787952485069177,25.389219291249375,12.672270051383263,36.27212577051405,965.0,0,1.0,49212.0,True,2006,2014,20.818177408530616
44035,ALBANIA,LA GUAJIRA,Caribe,2018,65.28559935639582,22.72424133894844,42.56135801744738,18.987940411444782,38.1404101697519,965.0,0,1.0,7622.0,True,2006,2014,37.99031613472862
44078,BARRANCAS,LA GUAJIRA,Caribe,2018,60.2200768192671,19.606594762463928,40.61348205680317,10.58541697858961,40.61022173958735,965.0,0,1.0,9843.0,True,2006,2014,36.04244017408441
44090,DIBULLA,LA GUAJIRA,Caribe,2018,46.16513271975457,18.067155771244302,28.097976948510265,7.483233321567242,55.42290513778477,965.0,0,1.0,7673.0,True,2006,2014,23.526935065791506
44098,DISTRACCION,LA GUAJIRA,Caribe,2018,37.667127708621486,19.191774460201902,18.475353248419584,10.54013503375844,25.027932960893853,965.0,0,1.0,4430.0,True,2006,2014,13.904311365700826
44110,EL MOLINO,LA GUAJIRA,Caribe,2018,37.176664832140894,16.36303269860204,20.813632133538853,3.563556208670096,26.640815740341807,965.0,0,1.0,3708.0,True,2006,2014,16.242590250820093
44279,FONSECA,LA GUAJIRA,Caribe,2018,57.36352729454109,20.200399247445066,37.16312804709602,13.814866760168304,19.42845948527071,965.0,0,1.0,13649.0,True,2006,2014,32.592086164377264
44378,HATONUEVO,LA GUAJIRA,Caribe,2018,62.19410687531214,18.931440824891638,43.2626660504205,10.022172949002217,30.04753282028067,965.0,0,1.0,6131.0,True,2006,2014,38.69162416770174
44420,LA JAGUA DEL PILAR,LA GUAJIRA,Caribe,2018,45.942921096810295,16.688079360779355,29.25484173603094,4.938271604938271,27.77777777777778,965.0,0,1.0,1824.0,True,2006,2014,24.68379985331218
44430,MAICAO,LA GUAJIRA,Caribe,2018,39.30489901160292,21.55467692352787,17.75022208807505,14.714957762152869,59.218888490768855,965.0,0,1.0,38272.0,True,2006,2014,13.17918020535629
44560,MANAURE,LA GUAJIRA,Caribe,2018,38.47557267382931,19.54218921964237,18.93338345418694,9.750111557340473,81.10236220472441,965.0,0,1.0,10169.0,True,2006,2014,14.362341571468184
44650,SAN JUAN DEL CESAR,LA GUAJIRA,Caribe,2018,30.979907264296752,18.735359759548782,12.24454750474797,8.071984845295727,24.23778821986668,965.0,0,1.0,16550.0,True,2006,2014,7.673505622029213
44847,URIBIA,LA GUAJIRA,Caribe,2018,26.15622671786349,18.92567643226954,7.230550285593949,7.13855421686747,88.7491622725491,965.0,0,1.0,18143.0,True,2006,2014,2.6595084028751916
44855,URUMITA,LA GUAJIRA,Caribe,2018,55.74141048824593,19.00667736911163,36.734733119134305,9.756944444444445,24.963188377343677,965.0,0,1.0,4503.0,True,2006,2014,32.163691236415545
44874,VILLANUEVA,LA GUAJIRA,Caribe,2018,41.32306298142275,18.016089930579422,23.30697305084333,7.9386482386650945,18.597292317551872,965.0,0,1.0,9017.0,True,2006,2014,18.735931168124573
47001,SANTA MARTA,MAGDALENA,Caribe,2018,39.09813103903097,21.699339453878878,17.39879158515209,16.212369767618718,14.303404664572756,1210.0,0,1.0,169927.0,True,2006,2014,12.827749702433332
47030,ALGARROBO,MAGDALENA,Caribe,2018,58.422432923139,16.42939045874219,41.99304246439681,3.649416691594376,29.480901077375123,1210.0,0,1.0,5057.0,True,2006,2014,37.42200058167805
47053,ARACATACA,MAGDALENA,Caribe,2018,37.08167238342449,19.662048441556063,17.419623941868426,10.751517037498056,29.415064102564106,1210.0,0,1.0,11109.0,True,2006,2014,12.848582059149669
47058,ARIGUANI,MAGDALENA,Caribe,2018,29.40880249773391,17.286487329707988,12.12231516802592,3.689977441185949,44.30066468674869,1210.0,0,1.0,10123.0,True,2006,2014,7.551273285307163
47161,CERRO DE SAN ANTONIO,MAGDALENA,Caribe,2018,16.36045494313211,15.47171677687944,0.8887381662526685,1.7618040873854828,38.15718157181572,1210.0,0,1.0,3470.0,True,2006,2014,-3.6823037164660892
47170,CHIVOLO,MAGDALENA,Caribe,2018,32.66068759342302,16.14489694793767,16.51579064548535,3.1648675171736995,44.90883128295255,1210.0,0,1.0,5403.0,True,2006,2014,11.944748762766592
47189,CIENAGA,MAGDALENA,Caribe,2018,38.149374432300974,21.764367841992193,16.38500659030878,16.748513827862496,28.528061289204203,1210.0,0,1.0,35154.0,True,2006,2014,11.813964707590022
47205,CONCORDIA,MAGDALENA,Caribe,2018,17.783505154639176,15.13013900434779,2.6533661502913866,1.4718133851707855,31.72192955273216,1210.0,0,1.0,4295.0,True,2006,2014,-1.9176757324273712
47245,EL BANCO,MAGDALENA,Caribe,2018,21.623180049012543,17.237742923280734,4.3854371257318085,5.877604931024362,32.17486522911051,1210.0,0,1.0,21199.0,True,2006,2014,-0.18560475698694923
47258,EL PINON,MAGDALENA,Caribe,2018,22.64933107216883,15.732816833071663,6.916514239097168,2.0620748299319724,25.7106540328172,1210.0,0,1.0,5389.0,True,2006,2014,2.3454723563784103
47268,EL RETEN,MAGDALENA,Caribe,2018,46.995670995671,16.65455822761627,30.341112768054728,4.401114206128134,35.46652881881623,1210.0,0,1.0,5935.0,True,2006,2014,25.77007088533597
47288,FUNDACION,MAGDALENA,Caribe,2018,27.415589080459768,18.180365295194747,9.23522378526502,5.26357636956349,25.23373137091549,1210.0,0,1.0,22830.0,True,2006,2014,4.664181902546263
47318,GUAMAL,MAGDALENA,Caribe,2018,23.298528116744244,17.18076770488055,6.117760411863692,6.35503187174039,33.24640429903588,1210.0,0,1.0,8073.0,True,2006,2014,1.5467185291449344
47460,NUEVA GRANADA,MAGDALENA,Caribe,2018,17.310708683872807,16.36251331985456,0.9481953640182468,1.593543046357616,68.54538157215757,1210.0,0,1.0,7122.0,True,2006,2014,-3.622846518700511
47541,PEDRAZA,MAGDALENA,Caribe,2018,21.839424805272618,15.586155847273286,6.253268957999332,2.572463768115942,35.05086537191175,1210.0,0,1.0,3375.0,True,2006,2014,1.682227075280574
47545,PIJINO DEL CARMEN,MAGDALENA,Caribe,2018,24.920418371987267,18.45710642745943,6.463311944527838,8.746686861037487,48.93866859362298,1210.0,0,1.0,4441.0,True,2006,2014,1.8922700618090804
47551,PIVIJAY,MAGDALENA,Caribe,2018,35.85483165719283,16.569739987315444,19.28509166987739,3.6848484848484846,25.04654951704876,1210.0,0,1.0,11668.0,True,2006,2014,14.71404978715863
47555,PLATO,MAGDALENA,Caribe,2018,37.38769868693849,17.35239240574719,20.035306281191303,5.317421659360286,37.417413139102095,1210.0,0,1.0,17649.0,True,2006,2014,15.464264398472546
47570,PUEBLOVIEJO,MAGDALENA,Caribe,2018,28.350799779371204,17.737122085735486,10.613677693635719,6.902518746394924,45.36129300881941,1210.0,0,1.0,7439.0,True,2006,2014,6.042635810916961
47605,REMOLINO,MAGDALENA,Caribe,2018,31.346967559943582,15.17837614319062,16.16859141675296,1.7531044558071585,21.16169544740973,1210.0,0,1.0,2860.0,True,2006,2014,11.597549534034203
47660,SABANAS DE SAN ANGEL,MAGDALENA,Caribe,2018,10.610182666148466,15.727580143090208,-5.117397476941742,0.8675682572084715,58.873780878479394,1210.0,0,1.0,5203.0,True,2006,2014,-9.6884393596605
47675,SALAMINA,MAGDALENA,Caribe,2018,24.709639953542396,15.934306274644136,8.77533367889826,1.7857142857142856,26.677350427350422,1210.0,0,1.0,3502.0,True,2006,2014,4.204291796179502
47692,SAN SEBASTIAN DE BUENAVISTA,MAGDALENA,Caribe,2018,32.71040974529347,18.849418721460676,13.860991023832792,11.212948517940715,42.68221574344023,1210.0,0,1.0,7293.0,True,2006,2014,9.289949141114034
47703,SAN ZENON,MAGDALENA,Caribe,2018,31.29161118508655,16.20005002685003,15.09156115823652,4.46584938704028,27.259022789749046,1210.0,0,1.0,4551.0,True,2006,2014,10.520519275517762
47707,SANTA ANA,MAGDALENA,Caribe,2018,17.121253038077235,16.60032518741613,0.5209278506611064,3.9768019884009935,30.640828011451223,1210.0,0,1.0,7500.0,True,2006,2014,-4.050114032057651
47720,SANTA BARBARA DE PINTO,MAGDALENA,Caribe,2018,38.82814690215868,15.450695258368237,23.377451643790444,1.219884111009454,38.42696629213483,1210.0,0,1.0,3608.0,True,2006,2014,18.806409761071684
47745,SITIONUEVO,MAGDALENA,Caribe,2018,36.94598959267899,16.84805886265594,20.09793073002305,4.036488027366021,48.55061230816928,1210.0,0,1.0,5699.0,True,2006,2014,15.526888847304294
47798,TENERIFE,MAGDALENA,Caribe,2018,23.619126133553173,16.520966508827794,7.09815962472538,4.29732868757259,39.380459398253,1210.0,0,1.0,4909.0,True,2006,2014,2.527117742006622
47960,ZAPAYAN,MAGDALENA,Caribe,2018,13.857016769638127,15.505081470823614,-1.6480647011854863,1.5795411808950734,50.13943760167325,1210.0,0,1.0,3447.0,True,2006,2014,-6.219106583904244
47980,ZONA BANANERA,MAGDALENA,Caribe,2018,48.77019089574156,19.46479009236618,29.305400803375377,11.544319220225404,28.765605820185023,1210.0,0,1.0,16897.0,True,2006,2014,24.734358920656618
50001,VILLAVICENCIO,META,Orinoquia,2018,17.275673003871887,21.80127508595903,-4.525602082087143,17.05578679738286,6.375731462342427,2376.0,0,1.0,224972.0,True,2006,2014,-9.096643964805901
50006,ACACIAS,META,Orinoquia,2018,14.716112281389307,19.89073335909174,-5.174621077702433,11.30325200406063,6.341562394318566,2376.0,0,1.0,42951.0,True,2006,2014,-9.74566296042119
50110,BARRANCA DE UPIA,META,Orinoquia,2018,18.94856278366112,18.654189287860838,0.2943734958002828,8.136924803591471,16.229648671808054,2376.0,0,1.0,2782.0,True,2006,2014,-4.276668386918475
50124,CABUYARO,META,Orinoquia,2018,10.610263522884882,17.325352283692062,-6.7150887608071805,4.202648244099021,17.631993695823482,2376.0,0,1.0,2990.0,True,2006,2014,-11.286130643525938
50150,CASTILLA LA NUEVA,META,Orinoquia,2018,13.905288280366786,18.882719492653408,-4.977431212286621,8.10130828581013,9.854986682450429,2376.0,0,1.0,8413.0,True,2006,2014,-9.548473095005379
50223,CUBARRAL,META,Orinoquia,2018,9.066577450652392,16.440134699670978,-7.373557249018585,3.92156862745098,7.536647546207775,2376.0,0,1.0,3059.0,True,2006,2014,-11.944599131737343
50226,CUMARAL,META,Orinoquia,2018,13.900550424479896,19.643582100629548,-5.743031676149652,11.192889876406054,8.375874456418982,2376.0,0,1.0,11093.0,True,2006,2014,-10.31407355886841
50245,EL CALVARIO,META,Orinoquia,2018,11.672683513838749,16.058310010117715,-4.385626496278967,3.891050583657588,4.397981254506129,2376.0,0,1.0,847.0,True,2006,2014,-8.956668378997724
50251,EL CASTILLO,META,Orinoquia,2018,38.41870824053452,21.27386454560447,17.14484369493005,16.355653128430298,26.540741762029505,2376.0,0,1.0,2833.0,True,2006,2014,12.573801812211292
50270,EL DORADO,META,Orinoquia,2018,12.587790383576444,16.35107861533551,-3.7632882317590663,3.225806451612903,15.491393670183232,2376.0,0,1.0,1902.0,True,2006,2014,-8.334330114477824
50287,FUENTE DE ORO,META,Orinoquia,2018,19.28369081343585,19.077241828937787,0.20644898449806348,8.64575363427697,17.68377253814147,2376.0,0,1.0,5178.0,True,2006,2014,-4.364592898220694
50313,GRANADA,META,Orinoquia,2018,17.626139142031562,19.833439730372675,-2.2073005883411128,10.662541892240268,11.16809205897528,2376.0,0,1.0,28304.0,True,2006,2014,-6.7783424710598705
50318,GUAMAL,META,Orinoquia,2018,10.173244757066565,18.139062183450804,-7.965817426384239,6.876993973768167,8.714502492954693,2376.0,0,1.0,7906.0,True,2006,2014,-12.536859309102997
50325,MAPIRIPAN,META,Orinoquia,2018,20.245398773006134,18.546581161836812,1.6988176111693214,4.6875,52.54942767950052,2376.0,0,1.0,1886.0,True,2006,2014,-2.8722242715494364
50330,MESETAS,META,Orinoquia,2018,44.257274119448695,20.66420283609807,23.593071283350625,12.576812781646863,29.992730293903836,2376.0,0,1.0,4137.0,True,2006,2014,19.022029400631865
50350,LA MACARENA,META,Orinoquia,2018,34.147095179233624,22.24465121509943,11.902443964134193,14.394618834080717,41.84657984683944,2376.0,0,1.0,3495.0,True,2006,2014,7.331402081415435
50370,URIBE,META,Orinoquia,2018,79.99257609502598,30.53757635123942,49.45499974378656,42.795076031860965,53.14793356508304,2376.0,0,1.0,2777.0,True,2006,2014,44.8839578610678
50400,LEJANIAS,META,Orinoquia,2018,19.8773633111906,18.351442159594868,1.5259211515957318,7.1692307692307695,20.45801526717557,2376.0,0,1.0,4133.0,True,2006,2014,-3.045120731123026
50450,PUERTO CONCORDIA,META,Orinoquia,2018,32.66313932980599,18.203322005479922,14.459817324326071,5.161656267725468,46.25936745840213,2376.0,0,1.0,2981.0,True,2006,2014,9.888775441607313
50568,PUERTO GAITAN,META,Orinoquia,2018,29.122782705099777,21.304494762760218,7.818287942339559,11.00494796109879,44.84193433805247,2376.0,0,1.0,15576.0,True,2006,2014,3.2472460596208013
50573,PUERTO LOPEZ,META,Orinoquia,2018,13.66136689021174,18.882881248966903,-5.221514358755163,9.504085973357215,19.18910222031535,2376.0,0,1.0,13771.0,True,2006,2014,-9.792556241473921
50577,PUERTO LLERAS,META,Orinoquia,2018,12.771822358346094,18.11187357967058,-5.340051221324485,5.296442687747035,32.984353428439945,2376.0,0,1.0,3383.0,True,2006,2014,-9.911093104043243
50590,PUERTO RICO,META,Orinoquia,2018,38.84220354808591,19.337170171906415,19.505033376179497,8.880182827293503,37.14311610622678,2376.0,0,1.0,4600.0,True,2006,2014,14.93399149346074
50606,RESTREPO,META,Orinoquia,2018,13.498561628678912,19.130232160897915,-5.631670532219003,9.74407884279129,6.056924678930927,2376.0,0,1.0,9265.0,True,2006,2014,-10.20271241493776
50680,SAN CARLOS DE GUAROA,META,Orinoquia,2018,11.890487609912071,18.36483806344053,-6.474350453528459,7.241379310344828,16.291986247024596,2376.0,0,1.0,5211.0,True,2006,2014,-11.045392336247216
50683,SAN JUAN DE ARAMA,META,Orinoquia,2018,22.16057441253264,18.24787017511371,3.9127042374189287,6.065934065934066,22.831050228310502,2376.0,0,1.0,3183.0,True,2006,2014,-0.6583376452998291
50686,SAN JUANITO,META,Orinoquia,2018,10.078534031413612,18.01506188087703,-7.936527849463419,3.6927621861152153,10.126582278481012,2376.0,0,1.0,791.0,True,2006,2014,-12.507569732182176
50689,SAN MARTIN,META,Orinoquia,2018,10.227914861555847,19.85387176258338,-9.625956901027534,9.80703468490474,16.469450711358718,2376.0,0,1.0,11005.0,True,2006,2014,-14.196998783746292
50711,VISTAHERMOSA,META,Orinoquia,2018,29.17524141206269,19.64798087879244,9.527260533270251,6.51123713505566,35.583728229429504,2376.0,0,1.0,6764.0,True,2006,2014,4.956218650551493
52001,PASTO,NARINO,Pacifica,2018,45.013760572339045,25.444403818018564,19.56935675432048,25.66757303214112,8.244979275916554,28272.0,0,1.0,165554.0,True,2006,2014,14.998314871601723
52019,ALBAN,NARINO,Pacifica,2018,20.06920415224913,18.204059055969235,1.865145096279896,6.885559451705452,15.895495055548771,28272.0,0,1.0,3845.0,True,2006,2014,-2.7058967864388617
52022,ALDANA,NARINO,Pacifica,2018,37.40690589031821,23.720887585223863,13.686018305094343,21.96836555360281,11.68509895227008,28272.0,0,1.0,3127.0,True,2006,2014,9.114976422375586
52036,ANCUYA,NARINO,Pacifica,2018,50.7785192246584,21.62551574555986,29.153003479098544,15.476190476190476,10.80069509423874,28272.0,0,1.0,3223.0,True,2006,2014,24.581961596379784
52051,ARBOLEDA,NARINO,Pacifica,2018,33.00546448087432,19.72475380908415,13.280710671790175,8.448687350835323,25.30815630736953,28272.0,0,1.0,2843.0,True,2006,2014,8.709668789071417
52079,BARBACOAS,NARINO,Pacifica,2018,32.30060707557044,21.56621920158528,10.73438787398516,9.201954397394136,72.19559815406461,28272.0,0,1.0,5081.0,True,2006,2014,6.163345991266402
52083,BELEN,NARINO,Pacifica,2018,40.53558327219369,22.0221515671752,18.51343170501849,13.017751479289942,13.370239892635464,28272.0,0,1.0,2842.0,True,2006,2014,13.942389822299733
52110,BUESACO,NARINO,Pacifica,2018,22.910592808551996,19.33509767533645,3.575495133215547,8.968377397615344,16.775358683656066,28272.0,0,1.0,8476.0,True,2006,2014,-0.9955467495032106
52203,COLON,NARINO,Pacifica,2018,59.59044368600682,24.709379213251115,34.88106447275571,21.852610030706245,12.982998454404946,28272.0,0,1.0,3039.0,True,2006,2014,30.31002259003695
52207,CONSACA,NARINO,Pacifica,2018,46.50366748166259,20.469372748792786,26.034294732869803,10.589318600368324,13.428401663695782,28272.0,0,1.0,4251.0,True,2006,2014,21.463252850151044
52210,CONTADERO,NARINO,Pacifica,2018,42.99141806293421,31.137330569169634,11.854087493764574,44.68810916179337,18.54851269272699,28272.0,0,1.0,2510.0,True,2006,2014,7.283045611045816
52215,CORDOBA,NARINO,Pacifica,2018,68.07810443176831,29.88228349145593,38.19582094031238,39.232945614586605,19.66682403722938,28272.0,0,1.0,4703.0,True,2006,2014,33.62477905759362
52224,CUASPUD CARLOSAMA,NARINO,Pacifica,2018,40.35628639945187,23.70006019795309,16.65622620149878,16.502778965369817,26.89693593314763,28272.0,0,1.0,3065.0,True,2006,2014,12.085184318780021
52227,CUMBAL,NARINO,Pacifica,2018,65.24049720771032,20.623059348854014,44.617437858856306,12.629713996456593,15.392384916748286,28272.0,0,1.0,11399.0,True,2006,2014,40.046395976137546
52233,CUMBITARA,NARINO,Pacifica,2018,89.78494623655914,19.522218018470994,70.26272821808814,8.72382851445663,20.451422963689893,28272.0,0,1.0,2661.0,True,2006,2014,65.69168633536938
52240,CHACHAGUI,NARINO,Pacifica,2018,48.48484848484848,20.92141472018229,27.563433764666186,13.526043086992091,18.046451404062477,28272.0,0,1.0,4910.0,True,2006,2014,22.992391881947427
52250,EL CHARCO,NARINO,Pacifica,2018,57.592778335005015,23.094220447133747,34.49855788787127,20.2210204561486,58.15575910018509,28272.0,0,1.0,5142.0,True,2006,2014,29.927516005152512
52254,EL PENOL,NARINO,Pacifica,2018,63.24183976261127,18.618403980704343,44.62343578190693,7.778738115816767,16.319612590799032,28272.0,0,1.0,2761.0,True,2006,2014,40.05239389918817
52256,EL ROSARIO,NARINO,Pacifica,2018,84.98942917547568,17.496912141150045,67.49251703432563,5.8183538315988645,20.221606648199447,28272.0,0,1.0,2880.0,True,2006,2014,62.92147515160687
52258,EL TABLON DE GOMEZ,NARINO,Pacifica,2018,40.5504234026174,18.660381377094573,21.890042025522824,6.319790924210027,25.810351341140915,28272.0,0,1.0,5347.0,True,2006,2014,17.319000142804065
52260,EL TAMBO,NARINO,Pacifica,2018,43.06468350051885,20.98266074147822,22.082022759040633,13.74972412271022,16.64792804368776,28272.0,0,1.0,5988.0,True,2006,2014,17.510980876321874
52287,FUNES,NARINO,Pacifica,2018,28.528752800597463,17.999961920522573,10.52879088007489,5.1476154428463285,23.35813652539631,28272.0,0,1.0,2728.0,True,2006,2014,5.957748997356132
52317,GUACHUCAL,NARINO,Pacifica,2018,68.33543682512972,20.736043164629542,47.599393660500176,11.16580890579548,14.009020960466968,28272.0,0,1.0,7300.0,True,2006,2014,43.02835177778142
52320,GUAITARILLA,NARINO,Pacifica,2018,64.65863453815261,20.971861127460503,43.68677341069211,12.386706948640484,14.098756265082606,28272.0,0,1.0,4625.0,True,2006,2014,39.11573152797335
52323,GUALMATAN,NARINO,Pacifica,2018,46.52445752114748,34.16943553558333,12.35502198556415,44.02730375426621,15.643879173290935,28272.0,0,1.0,2907.0,True,2006,2014,7.783980102845392
52352,ILES,NARINO,Pacifica,2018,62.032985526758665,22.469922446484297,39.56306308027437,17.647058823529413,27.165354330708663,28272.0,0,1.0,3055.0,True,2006,2014,34.99202119755561
52354,IMUES,NARINO,Pacifica,2018,42.62068965517241,20.29916057199203,22.321529083180383,10.540915395284326,14.643363249881908,28272.0,0,1.0,3013.0,True,2006,2014,17.750487200461627
52356,IPIALES,NARINO,Pacifica,2018,33.87471583733266,25.199232920638558,8.6754829166941,24.205931641919012,10.546056471443745,28272.0,0,1.0,41653.0,True,2006,2014,4.104441033975343
52378,LA CRUZ,NARINO,Pacifica,2018,40.1883830455259,20.89460462672392,19.293778418801985,12.54440082258366,11.601944661184802,28272.0,0,1.0,7223.0,True,2006,2014,14.722736536083227
52381,LA FLORIDA,NARINO,Pacifica,2018,56.87797544475068,22.111706482495944,34.76626896225474,17.475083056478404,32.51906709406433,28272.0,0,1.0,4088.0,True,2006,2014,30.195227079535982
52385,LA LLANADA,NARINO,Pacifica,2018,63.47230864965775,20.63900992234778,42.833298727309966,8.66564417177914,18.925014095094905,28272.0,0,1.0,1673.0,True,2006,2014,38.26225684459121
52390,LA TOLA,NARINO,Pacifica,2018,51.37732222934016,21.629452869706533,29.747869359633626,15.26282457251425,82.2986146741919,28272.0,0,1.0,1597.0,True,2006,2014,25.176827476914866
52399,LA UNION,NARINO,Pacifica,2018,35.08233324030142,22.360709144772297,12.721624095529126,15.635036496350368,19.15699407371042,28272.0,0,1.0,11228.0,True,2006,2014,8.150582212810368
52405,LEIVA,NARINO,Pacifica,2018,83.75900458415192,19.073994431161758,64.68501015299017,9.103078982597054,27.033288623338617,28272.0,0,1.0,3090.0,True,2006,2014,60.113968270271414
52411,LINARES,NARINO,Pacifica,2018,66.45021645021644,18.1464166130648,48.303799837151644,7.308096740273397,14.459716169404402,28272.0,0,1.0,4230.0,True,2006,2014,43.732757954432884
52418,LOS ANDES,NARINO,Pacifica,2018,63.45903771131339,21.089239730654395,42.369797980659,12.650395324853903,23.701485661637683,28272.0,0,1.0,3981.0,True,2006,2014,37.79875609794024
52427,MAGUI,NARINO,Pacifica,2018,75.52511415525115,20.06055304922188,55.464561106029265,7.468643101482327,82.50890167077513,28272.0,0,1.0,2251.0,True,2006,2014,50.893519223310506
52435,MALLAMA,NARINO,Pacifica,2018,75.14078841512469,22.37392293142949,52.7668654836952,18.11023622047244,11.803813346713495,28272.0,0,1.0,2574.0,True,2006,2014,48.19582360097644
52473,MOSQUERA,NARINO,Pacifica,2018,81.27721335268505,28.860787203689405,52.41642614899565,35.86309523809524,79.18055283277789,28272.0,0,1.0,2122.0,True,2006,2014,47.84538426627689
52480,NARINO,NARINO,Pacifica,2018,44.89559164733178,19.57040533808329,25.325186309248487,9.736842105263158,25.230846019465936,28272.0,0,1.0,2711.0,True,2006,2014,20.754144426529727
52490,OLAYA HERRERA,NARINO,Pacifica,2018,72.49714937286203,18.657650150730085,53.83949922213194,5.698813821557504,77.4583255291253,28272.0,0,1.0,4525.0,True,2006,2014,49.26845733941318
52506,OSPINA,NARINO,Pacifica,2018,36.1328125,20.071792430613904,16.061020069386096,8.078715691351631,15.844636251541306,28272.0,0,1.0,2170.0,True,2006,2014,11.489978186667338
52520,FRANCISCO PIZARRO,NARINO,Pacifica,2018,57.70218228498074,17.953194787596654,39.74898749738409,5.044955044955045,49.959623149394346,28272.0,0,1.0,1632.0,True,2006,2014,35.17794561466533
52540,POLICARPA,NARINO,Pacifica,2018,89.47612424663886,16.97306809947525,72.50305614716362,4.478029666946544,16.664621425941835,28272.0,0,1.0,4376.0,True,2006,2014,67.93201426444486
52560,POTOSI,NARINO,Pacifica,2018,34.52652957603453,26.6039671168429,7.922562459191628,31.006754583467355,12.260536398467432,28272.0,0,1.0,4093.0,True,2006,2014,3.35152057647287
52565,PROVIDENCIA,NARINO,Pacifica,2018,79.62518020182604,18.978263827695425,60.64691637413061,7.344632768361582,22.75384282312189,28272.0,0,1.0,2127.0,True,2006,2014,56.07587449141185
52573,PUERRES,NARINO,Pacifica,2018,51.53374233128834,24.228810875977043,27.304931455311294,21.14583333333333,13.987424368252462,28272.0,0,1.0,4229.0,True,2006,2014,22.73388957259254
52585,PUPIALES,NARINO,Pacifica,2018,34.52628452628453,28.56919347592375,5.957091050360777,34.4640434192673,14.709999391394316,28272.0,0,1.0,7178.0,True,2006,2014,1.3860491676420192
52612,RICAURTE,NARINO,Pacifica,2018,71.76364456472712,24.455859776873552,47.307784787853564,20.268256333830102,62.34571317872364,28272.0,0,1.0,4559.0,True,2006,2014,42.736742905134804
52621,ROBERTO PAYAN,NARINO,Pacifica,2018,75.86872586872587,16.551649445728017,59.31707642299786,2.3993493289955268,44.41898214456221,28272.0,0,1.0,2670.0,True,2006,2014,54.7460345402791
52678,SAMANIEGO,NARINO,Pacifica,2018,77.30795532254388,19.504911522891632,57.803043799652244,10.103761348897535,26.644722960712325,28272.0,0,1.0,8959.0,True,2006,2014,53.232001916933484
52683,SANDONA,NARINO,Pacifica,2018,46.62906258393769,19.45960849937977,27.16945408455792,9.93131081854608,14.657323352975526,28272.0,0,1.0,7637.0,True,2006,2014,22.59841220183916
52685,SAN BERNARDO,NARINO,Pacifica,2018,31.28783709411117,19.234251087189246,12.053586006921922,7.585470085470085,21.24183006535948,28272.0,0,1.0,3709.0,True,2006,2014,7.482544124203164
52687,SAN LORENZO,NARINO,Pacifica,2018,50.67066713731028,21.910922544584253,28.75974459272603,14.951604686704025,21.682906291350896,28272.0,0,1.0,5932.0,True,2006,2014,24.18870271000727
52693,SAN PABLO,NARINO,Pacifica,2018,67.97146162745854,21.799253223468998,46.17220840398954,15.627822944896115,11.5304145679969,28272.0,0,1.0,5300.0,True,2006,2014,41.601166521270784
52694,SAN PEDRO DE CARTAGO,NARINO,Pacifica,2018,24.871355060034304,19.106113998745805,5.765241061288499,8.672086720867208,22.48934875228241,28272.0,0,1.0,2997.0,True,2006,2014,1.1941991785697414
52696,SANTA BARBARA,NARINO,Pacifica,2018,50.25940337224384,31.025965513344623,19.233437858899215,43.82298709280885,74.26855045055068,28272.0,0,1.0,1581.0,True,2006,2014,14.662395976180457
52699,SANTACRUZ,NARINO,Pacifica,2018,78.97862232779097,20.053318416614783,58.92530391117619,9.908814589665653,41.13891985003546,28272.0,0,1.0,2582.0,True,2006,2014,54.35426202845743
52720,SAPUYES,NARINO,Pacifica,2018,50.39632874426366,21.567104701872168,28.829224042391495,15.131964809384163,25.935596170583118,28272.0,0,1.0,2463.0,True,2006,2014,24.258182159672735
52786,TAMINANGO,NARINO,Pacifica,2018,79.91226743306609,21.70061013986625,58.21165729319984,15.788246268656716,16.24059174669089,28272.0,0,1.0,6752.0,True,2006,2014,53.64061541048108
52788,TANGUA,NARINO,Pacifica,2018,40.41655681518586,20.97982759850919,19.436729216676667,13.262675451160124,22.36956732165328,28272.0,0,1.0,3947.0,True,2006,2014,14.86568733395791
52835,SAN ANDRES DE TUMACO,NARINO,Pacifica,2018,29.91292582327652,18.506016290195337,11.406909533081183,6.024692715923777,27.616378223665677,28272.0,0,1.0,47522.0,True,2006,2014,6.835867650362426
52838,TUQUERRES,NARINO,Pacifica,2018,58.07326104205237,24.18440898066406,33.88885206138831,20.08006742520017,15.17573790832518,28272.0,0,1.0,15900.0,True,2006,2014,29.317810178669554
52885,YACUANQUER,NARINO,Pacifica,2018,52.40890193201272,21.70916926012098,30.699732671891738,14.927113702623906,18.205879572738443,28272.0,0,1.0,4316.0,True,2006,2014,26.12869078917298
54001,SAN JOSE DE CUCUTA,NORTE DE SANTANDER,Andina,2018,6.586175710181425,21.097941776776175,-14.511766066594749,9.329224276750514,13.750122052922148,49622.0,0,1.0,320141.0,True,2006,2014,-19.082807949313505
54003,ABREGO,NORTE DE SANTANDER,Andina,2018,7.881020848310567,19.341796068262816,-11.46077521995225,6.387327542156362,27.89029816056843,49622.0,0,1.0,11281.0,True,2006,2014,-16.031817102671006
54051,ARBOLEDAS,NORTE DE SANTANDER,Andina,2018,2.627664848785325,17.645157608615833,-15.017492759830507,3.8280725319006046,29.967909158232533,49622.0,0,1.0,4113.0,True,2006,2014,-19.588534642549263
54099,BOCHALEMA,NORTE DE SANTANDER,Andina,2018,3.898683883784455,19.17120170634723,-15.272517822562774,4.916241806263656,16.19338867045289,49622.0,0,1.0,4085.0,True,2006,2014,-19.843559705281532
54109,BUCARASICA,NORTE DE SANTANDER,Andina,2018,3.173076923076923,18.61714527812694,-15.444068355050018,3.8461538461538463,36.675180928054495,49622.0,0,1.0,2132.0,True,2006,2014,-20.015110237768774
54125,CACOTA,NORTE DE SANTANDER,Andina,2018,2.55863539445629,18.642890086798737,-16.084254692342448,3.98505603985056,23.7972824091076,49622.0,0,1.0,1419.0,True,2006,2014,-20.655296575061207
54128,CACHIRA,NORTE DE SANTANDER,Andina,2018,2.978406552494416,17.528371146243174,-14.549964593748758,4.178082191780822,25.04049988428605,49622.0,0,1.0,4081.0,True,2006,2014,-19.121006476467514
54172,CHINACOTA,NORTE DE SANTANDER,Andina,2018,6.729458421117858,20.283097218209832,-13.553638797091974,7.972841901066925,15.116570569064928,49622.0,0,1.0,8257.0,True,2006,2014,-18.12468067981073
54174,CHITAGA,NORTE DE SANTANDER,Andina,2018,4.202028565514386,19.189421627688084,-14.987393062173698,5.362462760675273,31.8173204472238,49622.0,0,1.0,4904.0,True,2006,2014,-19.558434944892454
54206,CONVENCION,NORTE DE SANTANDER,Andina,2018,27.974854063762912,27.729379037941804,0.2454750258211078,29.673384294649065,31.24335812964931,49622.0,0,1.0,4603.0,True,2006,2014,-4.32556685689765
54223,CUCUTILLA,NORTE DE SANTANDER,Andina,2018,6.079369546861807,17.555747983836643,-11.476378436974835,2.5727069351230423,36.17939330543933,49622.0,0,1.0,3652.0,True,2006,2014,-16.047420319693593
54239,DURANIA,NORTE DE SANTANDER,Andina,2018,2.563075690828995,18.764932490897543,-16.201856800068548,5.854430379746836,24.021067094114954,49622.0,0,1.0,2540.0,True,2006,2014,-20.772898682787307
54245,EL CARMEN,NORTE DE SANTANDER,Andina,2018,16.569920844327175,19.904992373112446,-3.335071528785271,8.374211632796076,48.71644786353374,49622.0,0,1.0,3880.0,True,2006,2014,-7.906113411504029
54250,EL TARRA,NORTE DE SANTANDER,Andina,2018,75.64402810304449,30.668702046320632,44.97532605672386,39.7677793904209,50.5951753923944,49622.0,0,1.0,4411.0,True,2006,2014,40.4042841740051
54261,EL ZULIA,NORTE DE SANTANDER,Andina,2018,6.229174379859312,19.539408593588675,-13.310234213729363,6.021306160259379,22.554713642832414,49622.0,0,1.0,11040.0,True,2006,2014,-17.88127609644812
54313,GRAMALOTE,NORTE DE SANTANDER,Andina,2018,3.875205254515599,17.355785834548833,-13.480580580033234,1.756819232547388,14.251901944209637,49622.0,0,1.0,3085.0,True,2006,2014,-18.051622462751993
54344,HACARI,NORTE DE SANTANDER,Andina,2018,70.54545454545455,34.53760263937822,36.007851906076326,47.72727272727273,42.35086260652671,49622.0,0,1.0,2539.0,True,2006,2014,31.436810023357566
54347,HERRAN,NORTE DE SANTANDER,Andina,2018,2.5898520084566594,17.90510208126581,-15.31525007280915,2.254283137962128,29.43058221369162,49622.0,0,1.0,1911.0,True,2006,2014,-19.88629195552791
54377,LABATECA,NORTE DE SANTANDER,Andina,2018,2.400309717382888,19.046578386329408,-16.64626866894652,6.821026282853566,16.10689779703864,49622.0,0,1.0,2614.0,True,2006,2014,-21.21731055166528
54385,LA ESPERANZA,NORTE DE SANTANDER,Andina,2018,12.679589509692132,18.553474955975016,-5.873885446282884,6.005895357406043,30.72463768115942,49622.0,0,1.0,4486.0,True,2006,2014,-10.444927329001642
54398,LA PLAYA,NORTE DE SANTANDER,Andina,2018,16.139767054908486,20.341539607791717,-4.201772552883231,7.5458392101551475,24.40526168485866,49622.0,0,1.0,2469.0,True,2006,2014,-8.772814435601989
54405,LOS PATIOS,NORTE DE SANTANDER,Andina,2018,6.55189620758483,20.750099930229172,-14.198203722644342,8.862034239677746,9.859207022388796,49622.0,0,1.0,40871.0,True,2006,2014,-18.7692456053631
54418,LOURDES,NORTE DE SANTANDER,Andina,2018,1.0784313725490196,18.248113616994523,-17.169682244445504,2.054231717337716,22.04330927262632,49622.0,0,1.0,2064.0,True,2006,2014,-21.740724127164263
54480,MUTISCUA,NORTE DE SANTANDER,Andina,2018,2.2300469483568075,18.503976557624675,-16.273929609267867,4.707933740191804,14.85479311231046,49622.0,0,1.0,1737.0,True,2006,2014,-20.844971491986627
54498,OCANA,NORTE DE SANTANDER,Andina,2018,14.565257953167274,23.20686240361744,-8.641604450450165,16.417910447761194,12.576917168906038,49622.0,0,1.0,43775.0,True,2006,2014,-13.212646333168923
54518,PAMPLONA,NORTE DE SANTANDER,Andina,2018,14.00437636761488,24.503621216789767,-10.499244849174888,19.779403360384045,8.686530521147194,49622.0,0,1.0,28618.0,True,2006,2014,-15.070286731893646
54520,PAMPLONITA,NORTE DE SANTANDER,Andina,2018,3.4443603330809998,18.289855568345313,-14.845495235264313,3.159742539496782,16.04787989450193,49622.0,0,1.0,2692.0,True,2006,2014,-19.41653711798307
54553,PUERTO SANTANDER,NORTE DE SANTANDER,Andina,2018,5.328185328185328,17.25341678217519,-11.925231453989863,3.163555836760519,19.31441208993734,49622.0,0,1.0,5263.0,True,2006,2014,-16.49627333670862
54599,RAGONVALIA,NORTE DE SANTANDER,Andina,2018,3.276622558286074,18.24995079658015,-14.973328238294076,3.602620087336245,19.624605091990336,49622.0,0,1.0,3214.0,True,2006,2014,-19.544370121012832
54660,SALAZAR,NORTE DE SANTANDER,Andina,2018,3.4655623365300787,18.35273773756089,-14.887175401030811,4.169339320076972,18.982118294360387,49622.0,0,1.0,4686.0,True,2006,2014,-19.45821728374957
54670,SAN CALIXTO,NORTE DE SANTANDER,Andina,2018,85.68752341701011,39.99650067292678,45.691022744083334,66.07142857142857,38.51739788199698,49622.0,0,1.0,2729.0,True,2006,2014,41.119980861364574
54673,SAN CAYETANO,NORTE DE SANTANDER,Andina,2018,5.528455284552845,19.769304840134314,-14.24084955558147,6.970260223048327,22.92945933802606,49622.0,0,1.0,3774.0,True,2006,2014,-18.81189143830023
54680,SANTIAGO,NORTE DE SANTANDER,Andina,2018,6.096897114861187,17.702323848084138,-11.605426733222952,3.016393442622951,19.90906138356609,49622.0,0,1.0,1860.0,True,2006,2014,-16.176468615941708
54720,SARDINATA,NORTE DE SANTANDER,Andina,2018,7.96507723304231,18.740505089511817,-10.775427856469507,3.92156862745098,37.17566992769034,49622.0,0,1.0,7682.0,True,2006,2014,-15.346469739188265
54743,SILOS,NORTE DE SANTANDER,Andina,2018,1.6184971098265897,17.602184040851157,-15.983686931024566,2.283411685695097,14.773323997899528,49622.0,0,1.0,2619.0,True,2006,2014,-20.554728813743324
54800,TEORAMA,NORTE DE SANTANDER,Andina,2018,62.08384710234278,34.92544874341953,27.15839835892325,53.01204819277109,38.245476003147125,49622.0,0,1.0,3352.0,True,2006,2014,22.58735647620449
54810,TIBU,NORTE DE SANTANDER,Andina,2018,29.52229529522296,22.769992775806415,6.752302519416546,14.913120809960322,46.17159393086188,49622.0,0,1.0,14545.0,True,2006,2014,2.181260636697788
54820,TOLEDO,NORTE DE SANTANDER,Andina,2018,6.1430171172612384,19.154248748598803,-13.011231631337566,4.529540481400438,33.11657522183838,49622.0,0,1.0,6473.0,True,2006,2014,-17.582273514056325
54871,VILLA CARO,NORTE DE SANTANDER,Andina,2018,2.354637193656896,17.78054218784604,-15.425904994189146,4.514672686230249,31.35593220338983,49622.0,0,1.0,2105.0,True,2006,2014,-19.996946876907906
54874,VILLA DEL ROSARIO,NORTE DE SANTANDER,Andina,2018,5.241428827858553,19.717379095472808,-14.475950267614255,6.699943186429673,14.564404061998932,49622.0,0,1.0,39693.0,True,2006,2014,-19.04699215033301
63001,ARMENIA,QUINDIO,Andina,2018,12.11724934266357,22.678220267383438,-10.560970924719868,15.349369988545249,5.376065222870376,139.0,0,1.0,148316.0,True,2006,2014,-15.132012807438626
63111,BUENAVISTA,QUINDIO,Andina,2018,10.145985401459855,18.697940324962413,-8.551954923502558,7.834877843302443,11.637448713166728,139.0,0,1.0,1404.0,True,2006,2014,-13.122996806221316
63130,CALARCA,QUINDIO,Andina,2018,11.219968046302716,21.212779009265336,-9.99281096296262,12.28663101604278,7.249949543003777,139.0,0,1.0,34413.0,True,2006,2014,-14.563852845681378
63190,CIRCASIA,QUINDIO,Andina,2018,10.719121408154054,20.326921540633577,-9.607800132479523,10.245901639344265,6.522702104097453,139.0,0,1.0,13734.0,True,2006,2014,-14.178842015198281
63212,CORDOBA,QUINDIO,Andina,2018,17.926394934705183,18.9510269389218,-1.0246320042166168,9.188660801564028,10.079767947788252,139.0,0,1.0,2619.0,True,2006,2014,-5.595673886935375
63272,FILANDIA,QUINDIO,Andina,2018,7.310199048793377,19.730042577076624,-12.419843528283247,9.419077217308152,6.268443172672807,139.0,0,1.0,5876.0,True,2006,2014,-16.990885411002004
63302,GENOVA,QUINDIO,Andina,2018,11.27151582454192,18.934148553565322,-7.662632729023402,9.77777777777778,11.390070921985815,139.0,0,1.0,3738.0,True,2006,2014,-12.23367461174216
63401,LA TEBAIDA,QUINDIO,Andina,2018,14.72989522383998,21.970454546859546,-7.240559323019566,16.275487086542817,10.227447600874088,139.0,0,1.0,15423.0,True,2006,2014,-11.811601205738324
63470,MONTENEGRO,QUINDIO,Andina,2018,9.03581601115084,20.325548289828742,-11.289732278677901,10.54930830838929,11.127554214810177,139.0,0,1.0,17431.0,True,2006,2014,-15.860774161396659
63548,PIJAO,QUINDIO,Andina,2018,10.409281340638092,18.6023261386303,-8.193044797992208,8.993082244427363,8.529048207663783,139.0,0,1.0,3206.0,True,2006,2014,-12.764086680710966
63594,QUIMBAYA,QUINDIO,Andina,2018,14.532499831955366,21.13926283431796,-6.6067630023625945,13.390596745027125,7.604457785598454,139.0,0,1.0,15529.0,True,2006,2014,-11.177804885081352
63690,SALENTO,QUINDIO,Andina,2018,8.882783882783883,19.733124075126128,-10.850340192342244,8.90840652446675,5.834445927903872,139.0,0,1.0,3365.0,True,2006,2014,-15.421382075061002
66001,PEREIRA,RISARALDA,Andina,2018,12.896654426223714,22.204828620972627,-9.308174194748913,15.447428760644511,5.878216570532207,575.0,0,1.0,233818.0,True,2006,2014,-13.879216077467671
66045,APIA,RISARALDA,Andina,2018,5.767804154302671,18.310673934575046,-12.542869780272376,6.9262109551833415,9.566685424873382,575.0,0,1.0,5592.0,True,2006,2014,-17.113911662991136
66075,BALBOA,RISARALDA,Andina,2018,8.910505836575876,18.519320540306754,-9.608814703730879,5.132823052678973,9.967845659163988,575.0,0,1.0,2687.0,True,2006,2014,-14.179856586449636
66088,BELEN DE UMBRIA,RISARALDA,Andina,2018,7.091808686091258,18.879445428836977,-11.787636742745718,8.803222094361335,13.024581736610898,575.0,0,1.0,11295.0,True,2006,2014,-16.358678625464478
66170,DOSQUEBRADAS,RISARALDA,Andina,2018,12.188186918340788,21.951309356126508,-9.76312243778572,14.172899075190992,4.347445541088097,575.0,0,1.0,94658.0,True,2006,2014,-14.334164320504478
66318,GUATICA,RISARALDA,Andina,2018,7.616974972796518,18.033353673699956,-10.416378700903438,5.936395759717315,10.958666203542895,575.0,0,1.0,5683.0,True,2006,2014,-14.987420583622196
66383,LA CELIA,RISARALDA,Andina,2018,10.379981464318814,18.260850571705774,-7.88086910738696,7.470414201183432,12.13844653883653,575.0,0,1.0,3382.0,True,2006,2014,-12.451910990105718
66400,LA VIRGINIA,RISARALDA,Andina,2018,12.126948072433592,21.36501114274455,-9.238063070310957,13.911237996366468,6.5856208138139305,575.0,0,1.0,16617.0,True,2006,2014,-13.809104953029715
66440,MARSELLA,RISARALDA,Andina,2018,13.827971109652,18.932484452336993,-5.104513342684994,7.521395655036207,17.29347685125146,575.0,0,1.0,7893.0,True,2006,2014,-9.675555225403752
66456,MISTRATO,RISARALDA,Andina,2018,31.072298943948013,19.707389283767295,11.364909660180718,10.961907371882708,41.17203693235349,575.0,0,1.0,5128.0,True,2006,2014,6.79386777746196
66572,PUEBLO RICO,RISARALDA,Andina,2018,44.00101677681749,17.921244626878533,26.079772149938954,5.132939438700148,55.47161965486173,575.0,0,1.0,4062.0,True,2006,2014,21.508730267220194
66594,QUINCHIA,RISARALDA,Andina,2018,16.872598899387395,24.74561755668146,-7.873018657294065,22.754409769335144,16.416487967595902,575.0,0,1.0,10307.0,True,2006,2014,-12.444060540012822
66682,SANTA ROSA DE CABAL,RISARALDA,Andina,2018,10.249440810894988,20.962356444394274,-10.712915633499286,12.472327640733711,7.708327430368628,575.0,0,1.0,36555.0,True,2006,2014,-15.283957516218043
66687,SANTUARIO,RISARALDA,Andina,2018,5.361552028218695,17.987231261733115,-12.62567923351442,6.729131175468483,10.337480824953127,575.0,0,1.0,5924.0,True,2006,2014,-17.196721116233178
68001,BUCARAMANGA,SANTANDER,Andina,2018,14.728987563642434,23.322844576319504,-8.59385701267707,18.913939819282398,5.558569883804014,844.0,0,1.0,306707.0,True,2006,2014,-13.164898895395828
68013,AGUADA,SANTANDER,Andina,2018,9.857142857142858,16.814940144805856,-6.9577972876629985,3.149606299212598,16.555488174651305,844.0,0,1.0,720.0,True,2006,2014,-11.528839170381756
68020,ALBANIA,SANTANDER,Andina,2018,18.543046357615893,16.502296507847973,2.04074984976792,3.68,15.482310250982763,844.0,0,1.0,1550.0,True,2006,2014,-2.530292032950838
68051,ARATOCA,SANTANDER,Andina,2018,12.04780361757106,19.508206084064515,-7.460402466493456,8.536025699862321,20.124666073018695,844.0,0,1.0,3217.0,True,2006,2014,-12.031444349212213
68077,BARBOSA,SANTANDER,Andina,2018,26.6487116028534,22.10013046093144,4.548581141921961,15.9595722176519,8.076133477156477,844.0,0,1.0,14282.0,True,2006,2014,-0.02246074079679694
68079,BARICHARA,SANTANDER,Andina,2018,7.366849178695868,20.65714187991001,-13.290292701214142,10.326086956521738,11.002509576013736,844.0,0,1.0,4142.0,True,2006,2014,-17.8613345839329
68081,BARRANCABERMEJA,SANTANDER,Andina,2018,43.37153240969297,27.261741546449976,16.109790863242992,33.49306164404269,11.647489064220554,844.0,0,1.0,98963.0,True,2006,2014,11.538748980524234
68092,BETULIA,SANTANDER,Andina,2018,14.803220035778176,20.995723183321633,-6.192503147543457,12.155059132720108,21.581485053037607,844.0,0,1.0,2361.0,True,2006,2014,-10.763545030262215
68101,BOLIVAR,SANTANDER,Andina,2018,23.72093023255814,18.284500964411965,5.436429268146174,6.091205211726384,25.67553247854191,844.0,0,1.0,3790.0,True,2006,2014,0.8653873854274163
68121,CABRERA,SANTANDER,Andina,2018,3.419689119170984,15.729384411344537,-12.309695292173553,1.7699115044247788,12.834890965732088,844.0,0,1.0,972.0,True,2006,2014,-16.88073717489231
68132,CALIFORNIA,SANTANDER,Andina,2018,5.337078651685393,19.451599041322186,-14.114520389636795,4.654654654654655,6.894618834080718,844.0,0,1.0,1111.0,True,2006,2014,-18.685562272355554
68147,CAPITANEJO,SANTANDER,Andina,2018,5.489443378119002,15.893844519533744,-10.404401141414741,2.5654730090860505,16.357088703563306,844.0,0,1.0,2665.0,True,2006,2014,-14.975443024133499
68152,CARCASI,SANTANDER,Andina,2018,4.842219804134929,16.790099675296105,-11.947879871161176,2.4294156270518714,28.18401937046005,844.0,0,1.0,1896.0,True,2006,2014,-16.518921753879933
68160,CEPITA,SANTANDER,Andina,2018,7.894736842105263,16.37610614400176,-8.481369301896496,2.6537997587454765,12.680577849117174,844.0,0,1.0,1054.0,True,2006,2014,-13.052411184615254
68162,CERRITO,SANTANDER,Andina,2018,6.053975200583516,18.691606460291695,-12.63763125970818,7.719654647028949,16.05263157894737,844.0,0,1.0,2806.0,True,2006,2014,-17.20867314242694
68167,CHARALA,SANTANDER,Andina,2018,14.043486933971677,18.67455057607998,-4.631063642108304,7.539582809751194,8.43241265776477,844.0,0,1.0,5154.0,True,2006,2014,-9.202105524827061
68169,CHARTA,SANTANDER,Andina,2018,4.805825242718447,16.612134751407474,-11.806309508689028,4.199634814363969,9.985785358919689,844.0,0,1.0,2081.0,True,2006,2014,-16.377351391407785
68176,CHIMA,SANTANDER,Andina,2018,6.881533101045297,17.358849527697704,-10.477316426652408,2.015677491601344,19.4585448392555,844.0,0,1.0,1203.0,True,2006,2014,-15.048358309371165
68179,CHIPATA,SANTANDER,Andina,2018,19.316022799240027,17.53789695904072,1.7781258401993085,3.9693593314763223,15.244464944649447,844.0,0,1.0,1638.0,True,2006,2014,-2.7929160425194492
68190,CIMITARRA,SANTANDER,Andina,2018,21.705905055962948,20.938287329307514,0.767617726655434,13.33019865992712,17.8923640462102,844.0,0,1.0,13636.0,True,2006,2014,-3.8034241560633237
68207,CONCEPCION,SANTANDER,Andina,2018,8.269771176234444,17.89292549297513,-9.623154316740687,4.681933842239186,16.641509433962263,844.0,0,1.0,2577.0,True,2006,2014,-14.194196199459444
68209,CONFINES,SANTANDER,Andina,2018,7.901726427622842,17.953404523071555,-10.051678095448713,5.647840531561462,10.854583046175051,844.0,0,1.0,1539.0,True,2006,2014,-14.62271997816747
68211,CONTRATACION,SANTANDER,Andina,2018,11.26039667306462,18.86967926823668,-7.609282595172061,6.405990016638935,8.7134318968229,844.0,0,1.0,1655.0,True,2006,2014,-12.180324477890819
68217,COROMORO,SANTANDER,Andina,2018,7.886435331230284,19.37094632274315,-11.484510991512867,6.936813186813187,21.54973821989529,844.0,0,1.0,2301.0,True,2006,2014,-16.055552874231623
68229,CURITI,SANTANDER,Andina,2018,13.787085514834205,18.63275504548001,-4.8456695306458055,6.894502228826152,14.0,844.0,0,1.0,5325.0,True,2006,2014,-9.416711413364563
68235,EL CARMEN DE CHUCURI,SANTANDER,Andina,2018,5.800383208500262,17.42138600715142,-11.621002798651158,3.237019335216164,43.06939147264758,844.0,0,1.0,5952.0,True,2006,2014,-16.192044681369914
68245,EL GUACAMAYO,SANTANDER,Andina,2018,4.761904761904762,16.589512419050617,-11.827607657145855,2.9585798816568047,9.805115712545676,844.0,0,1.0,948.0,True,2006,2014,-16.398649539864614
68250,EL PENON,SANTANDER,Andina,2018,20.92871157619359,17.96526063022942,2.963450945964169,5.798252581413821,31.94139194139194,844.0,0,1.0,1593.0,True,2006,2014,-1.6075909367545886
68255,EL PLAYON,SANTANDER,Andina,2018,8.95924553721792,17.24960078515487,-8.29035524793695,4.578139980824544,27.31308411214953,844.0,0,1.0,6132.0,True,2006,2014,-12.861397130655707
68264,ENCINO,SANTANDER,Andina,2018,8.238636363636363,16.621667532332147,-8.383031168695783,3.4482758620689653,9.879725085910652,844.0,0,1.0,1069.0,True,2006,2014,-12.954073051414541
68266,ENCISO,SANTANDER,Andina,2018,5.807622504537205,18.388776686948365,-12.58115418241116,6.531881804043546,19.485511531638085,844.0,0,1.0,1707.0,True,2006,2014,-17.152196065129917
68271,FLORIAN,SANTANDER,Andina,2018,23.170731707317078,17.278374717604045,5.892356989713033,4.191980558930741,31.266318537859007,844.0,0,1.0,2172.0,True,2006,2014,1.321315106994275
68276,FLORIDABLANCA,SANTANDER,Andina,2018,14.808632407297006,22.768086662081085,-7.959454254784079,17.83747552144256,3.9718579642907854,844.0,0,1.0,128982.0,True,2006,2014,-12.530496137502837
68296,GALAN,SANTANDER,Andina,2018,6.815020862308763,16.878233717738617,-10.063212855429853,3.451581975071908,17.704426106526633,844.0,0,1.0,1481.0,True,2006,2014,-14.634254738148611
68298,GAMBITA,SANTANDER,Andina,2018,10.43956043956044,17.23132379579331,-6.7917633562328685,2.7156549520766773,23.859749144811857,844.0,0,1.0,1686.0,True,2006,2014,-11.362805238951626
68307,GIRON,SANTANDER,Andina,2018,15.789550283801484,22.797515813836565,-7.007965530035081,17.612258752788286,6.665277226857423,844.0,0,1.0,71070.0,True,2006,2014,-11.579007412753839
68318,GUACA,SANTANDER,Andina,2018,6.5241029358463205,16.470341453715296,-9.946238517868975,2.4024024024024024,18.582375478927204,844.0,0,1.0,2812.0,True,2006,2014,-14.517280400587733
68320,GUADALUPE,SANTANDER,Andina,2018,7.61487964989059,16.805348128978974,-9.190468479088384,4.9409237379162185,13.986380303823992,844.0,0,1.0,2344.0,True,2006,2014,-13.761510361807142
68322,GUAPOTA,SANTANDER,Andina,2018,7.942973523421588,17.503539325889335,-9.560565802467746,5.6865464632454925,12.57309941520468,844.0,0,1.0,1009.0,True,2006,2014,-14.131607685186504
68324,GUAVATA,SANTANDER,Andina,2018,30.6207616066771,18.575993268085604,12.044768338591496,5.436337625178827,13.367129135538956,844.0,0,1.0,1984.0,True,2006,2014,7.473726455872738
68327,GUEPSA,SANTANDER,Andina,2018,27.542799597180263,20.555465942654926,6.987333654525337,10.803127221037668,10.699681962744208,844.0,0,1.0,2082.0,True,2006,2014,2.416291771806579
68344,HATO,SANTANDER,Andina,2018,17.525773195876287,18.909343768429856,-1.3835705725535696,7.307692307692308,19.90566037735849,844.0,0,1.0,944.0,True,2006,2014,-5.954612455272327
68368,JESUS MARIA,SANTANDER,Andina,2018,28.738621586475944,18.1249831230427,10.613638463433244,4.854368932038835,12.52092400401741,844.0,0,1.0,1589.0,True,2006,2014,6.042596580714486
68370,JORDAN,SANTANDER,Andina,2018,4.441260744985674,16.704718666147972,-12.2634579211623,3.820224719101124,24.84952708512468,844.0,0,1.0,713.0,True,2006,2014,-16.83449980388106
68377,LA BELLEZA,SANTANDER,Andina,2018,9.02027027027027,16.648807152081172,-7.628536881810902,3.089187842551071,11.363636363636363,844.0,0,1.0,3006.0,True,2006,2014,-12.19957876452966
68385,LANDAZURI,SANTANDER,Andina,2018,22.827373904807008,19.047342577356233,3.780031327450775,7.425742574257425,17.538728198461705,844.0,0,1.0,4438.0,True,2006,2014,-0.7910105552679827
68397,LA PAZ,SANTANDER,Andina,2018,9.564164648910412,17.713025144380353,-8.148860495469942,5.178268251273345,8.178625188158556,844.0,0,1.0,1708.0,True,2006,2014,-12.7199023781887
68406,LEBRIJA,SANTANDER,Andina,2018,8.794995493823889,19.07864445603071,-10.28364896220682,7.869731178429302,10.215227333871402,844.0,0,1.0,19403.0,True,2006,2014,-14.854690844925578
68418,LOS SANTOS,SANTANDER,Andina,2018,6.880641925777333,19.649598796122028,-12.768956870344695,8.32286432160804,21.123921631863254,844.0,0,1.0,5173.0,True,2006,2014,-17.339998753063455
68425,MACARAVITA,SANTANDER,Andina,2018,6.4485981308411215,15.648237048113655,-9.199638917272534,1.7985611510791366,24.272300469483568,844.0,0,1.0,1094.0,True,2006,2014,-13.770680799991291
68432,MALAGA,SANTANDER,Andina,2018,12.236655386966488,19.8198459484209,-7.583190561454414,10.59582770523788,7.640414984412531,844.0,0,1.0,9408.0,True,2006,2014,-12.154232444173172
68444,MATANZA,SANTANDER,Andina,2018,8.500345542501728,17.409203442806543,-8.908857900304815,4.768454837230628,13.937360178970918,844.0,0,1.0,2982.0,True,2006,2014,-13.479899783023573
68464,MOGOTES,SANTANDER,Andina,2018,10.283505154639174,19.711349312266265,-9.42784415762709,6.863860447478196,20.97300504301394,844.0,0,1.0,4088.0,True,2006,2014,-13.998886040345848
68468,MOLAGAVITA,SANTANDER,Andina,2018,4.411764705882353,16.18656203286897,-11.774797326986617,1.88953488372093,26.845466155810985,844.0,0,1.0,2009.0,True,2006,2014,-16.345839209705375
68498,OCAMONTE,SANTANDER,Andina,2018,6.405163853028799,17.662236552049137,-11.257072699020338,4.595336076817558,12.232752920432004,844.0,0,1.0,2061.0,True,2006,2014,-15.828114581739095
68500,OIBA,SANTANDER,Andina,2018,11.804670912951169,20.310304437866883,-8.505633524915714,11.09717868338558,12.592665810022734,844.0,0,1.0,4884.0,True,2006,2014,-13.076675407634472
68502,ONZAGA,SANTANDER,Andina,2018,8.255813953488373,18.97320635406118,-10.717392400572807,6.640316205533598,26.04378818737271,844.0,0,1.0,1787.0,True,2006,2014,-15.288434283291565
68522,PALMAR,SANTANDER,Andina,2018,17.696629213483146,16.716659594839342,0.9799696186438034,4.752851711026616,14.228295819935692,844.0,0,1.0,721.0,True,2006,2014,-3.5910722640749544
68524,PALMAS DEL SOCORRO,SANTANDER,Andina,2018,7.827926657263752,16.54765782587878,-8.719731168615027,4.840370751802266,12.088815789473683,844.0,0,1.0,1444.0,True,2006,2014,-13.290773051333785
68533,PARAMO,SANTANDER,Andina,2018,5.653206650831353,20.03592040311416,-14.382713752282807,7.642276422764227,10.424710424710424,844.0,0,1.0,2145.0,True,2006,2014,-18.953755635001563
68547,PIEDECUESTA,SANTANDER,Andina,2018,16.233794642206117,22.507171041724728,-6.273376399518611,17.543731066158507,5.552151155368313,844.0,0,1.0,70786.0,True,2006,2014,-10.844418282237369
68549,PINCHOTE,SANTANDER,Andina,2018,12.593703148425789,19.74223332192894,-7.148530173503151,9.899328859060402,7.067534215840252,844.0,0,1.0,2044.0,True,2006,2014,-11.719572056221908
68572,PUENTE NACIONAL,SANTANDER,Andina,2018,24.60122699386503,19.588773009775995,5.012453984089035,9.754418177645167,7.2122721066581,844.0,0,1.0,6703.0,True,2006,2014,0.4414121013702772
68573,PUERTO PARRA,SANTANDER,Andina,2018,12.91616526273566,18.861883862328003,-5.945718599592343,7.392197125256674,18.45212068211631,844.0,0,1.0,2583.0,True,2006,2014,-10.516760482311101
68575,PUERTO WILCHES,SANTANDER,Andina,2018,37.10790738313674,22.76134399829165,14.34656338484509,20.36149022500922,32.099817023156035,844.0,0,1.0,11829.0,True,2006,2014,9.775521502126333
68615,RIONEGRO,SANTANDER,Andina,2018,10.797918473547268,18.496247758213258,-7.69832928466599,5.769230769230769,16.272341774660166,844.0,0,1.0,11952.0,True,2006,2014,-12.269371167384747
68655,SABANA DE TORRES,SANTANDER,Andina,2018,19.2405292731557,19.626357991403893,-0.38582871824819165,11.569430710552338,21.065733458402484,844.0,0,1.0,11552.0,True,2006,2014,-4.956870600966949
68669,SAN ANDRES,SANTANDER,Andina,2018,11.447020839448196,17.308738843387417,-5.86171800393922,5.674255691768827,13.487789605510333,844.0,0,1.0,3507.0,True,2006,2014,-10.432759886657978
68673,SAN BENITO,SANTANDER,Andina,2018,9.855951478392722,16.992793514429973,-7.136842036037251,3.2537960954446854,11.977818853974124,844.0,0,1.0,1344.0,True,2006,2014,-11.707883918756009
68679,SAN GIL,SANTANDER,Andina,2018,15.729125049940071,24.424598924708455,-8.695473874768384,21.10924369747899,5.023489808752266,844.0,0,1.0,25717.0,True,2006,2014,-13.266515757487142
68682,SAN JOAQUIN,SANTANDER,Andina,2018,7.920792079207921,18.421736028153255,-10.500943948945334,5.347593582887701,12.87494231656668,844.0,0,1.0,1046.0,True,2006,2014,-15.071985831664092
68684,SAN JOSE DE MIRANDA,SANTANDER,Andina,2018,6.180008295313148,17.287216193724895,-11.107207898411747,4.934021801491681,26.234269119070667,844.0,0,1.0,2451.0,True,2006,2014,-15.678249781130505
68686,SAN MIGUEL,SANTANDER,Andina,2018,8.051948051948052,17.285816279371385,-9.233868227423333,2.337023370233702,17.87916152897657,844.0,0,1.0,1181.0,True,2006,2014,-13.80491011014209
68689,SAN VICENTE DE CHUCURI,SANTANDER,Andina,2018,16.598579040852577,21.904641389446915,-5.306062348594338,14.47835344215756,22.17663421418637,844.0,0,1.0,11802.0,True,2006,2014,-9.877104231313096
68705,SANTA BARBARA,SANTANDER,Andina,2018,7.644444444444444,17.46089637312655,-9.816451928682104,4.993429697766097,16.74854845913354,844.0,0,1.0,1158.0,True,2006,2014,-14.387493811400862
68720,SANTA HELENA DEL OPON,SANTANDER,Andina,2018,12.633181126331811,18.484116865837777,-5.850935739505966,2.571711177052423,22.658227848101262,844.0,0,1.0,1400.0,True,2006,2014,-10.421977622224723
68745,SIMACOTA,SANTANDER,Andina,2018,15.675500969618616,18.27992551140278,-2.604424541784164,6.336206896551724,24.797009923959276,844.0,0,1.0,3233.0,True,2006,2014,-7.175466424502922
68755,SOCORRO,SANTANDER,Andina,2018,11.54799858306766,19.997133292919592,-8.449134709851933,10.492778249787596,4.134598792062122,844.0,0,1.0,14401.0,True,2006,2014,-13.02017659257069
68770,SUAITA,SANTANDER,Andina,2018,12.3640222870788,18.81123157260278,-6.447209285523979,5.755131964809384,14.166380592745163,844.0,0,1.0,3920.0,True,2006,2014,-11.018251168242736
68773,SUCRE,SANTANDER,Andina,2018,13.092463092463092,17.21346707368092,-4.121003981217829,4.408914728682171,15.319642265650876,844.0,0,1.0,2653.0,True,2006,2014,-8.692045863936587
68780,SURATA,SANTANDER,Andina,2018,8.238341968911918,16.99105886354206,-8.752716894630144,4.901960784313726,17.869318181818183,844.0,0,1.0,1971.0,True,2006,2014,-13.323758777348901
68820,TONA,SANTANDER,Andina,2018,8.841886269070736,20.19648582917123,-11.354599560100494,7.699950322901143,13.45808383233533,844.0,0,1.0,2999.0,True,2006,2014,-15.925641442819252
68855,VALLE DE SAN JOSE,SANTANDER,Andina,2018,12.908067542213884,19.670822600700383,-6.7627550584864995,10.40398450470393,8.923512747875353,844.0,0,1.0,2747.0,True,2006,2014,-11.333796941205257
68861,VELEZ,SANTANDER,Andina,2018,23.53084316826865,21.064817293858695,2.4660258744099544,10.976292701138696,12.697203786312697,844.0,0,1.0,8614.0,True,2006,2014,-2.1050160083088034
68867,VETAS,SANTANDER,Andina,2018,1.711229946524064,17.629751245044172,-15.918521298520108,2.898550724637681,8.683314415437003,844.0,0,1.0,956.0,True,2006,2014,-20.489563181238864
68872,VILLANUEVA,SANTANDER,Andina,2018,7.726027397260274,18.79484976090555,-11.068822363645275,8.98876404494382,9.308550185873608,844.0,0,1.0,3748.0,True,2006,2014,-15.639864246364032
68895,ZAPATOCA,SANTANDER,Andina,2018,10.468187274909964,19.82279592476672,-9.354608649856756,9.216226860968886,6.632825719120135,844.0,0,1.0,4291.0,True,2006,2014,-13.925650532575514
70001,SINCELEJO,SUCRE,Caribe,2018,50.34647300932483,21.424713351077536,28.921759658247296,14.278074866310162,18.89944185195352,2335.0,0,1.0,107587.0,True,2006,2014,24.350717775528537
70110,BUENAVISTA,SUCRE,Caribe,2018,42.02447163515017,17.310225367443422,24.71424626770675,4.578120841096619,36.571714142928535,2335.0,0,1.0,4557.0,True,2006,2014,20.14320438498799
70124,CAIMITO,SUCRE,Caribe,2018,57.84538445509481,16.98812504012239,40.85725941497242,5.194805194805195,32.18813292326157,2335.0,0,1.0,4869.0,True,2006,2014,36.28621753225366
70204,COLOSO,SUCRE,Caribe,2018,41.307155773701886,16.661951775576544,24.645203998125343,2.2491967154587647,61.027809816737154,2335.0,0,1.0,3935.0,True,2006,2014,20.074162115406587
70215,COROZAL,SUCRE,Caribe,2018,48.04538305998652,21.216438510562764,26.828944549423756,15.508565951838984,18.18885919086381,2335.0,0,1.0,27135.0,True,2006,2014,22.257902666705
70221,COVENAS,SUCRE,Caribe,2018,45.80865194758571,18.19136264314313,27.61728930444258,6.789250353606789,28.20699226753024,2335.0,0,1.0,5677.0,True,2006,2014,23.04624742172382
70230,CHALAN,SUCRE,Caribe,2018,37.75733683749453,16.83316544392818,20.924171393566347,3.961456102783726,60.271186440677965,2335.0,0,1.0,2314.0,True,2006,2014,16.353129510847587
70233,EL ROBLE,SUCRE,Caribe,2018,57.6433831733988,17.905441076117956,39.73794209728085,5.823569951757409,34.72307377886777,2335.0,0,1.0,4518.0,True,2006,2014,35.16690021456209
70235,GALERAS,SUCRE,Caribe,2018,22.592121982210926,17.582843500885755,5.009278481325172,5.273200346921075,26.99244033796136,2335.0,0,1.0,8031.0,True,2006,2014,0.43823659860641406
70265,GUARANDA,SUCRE,Caribe,2018,16.549739161719735,16.131309478439796,0.418429683279939,1.8953752843062923,58.17006018696376,2335.0,0,1.0,5623.0,True,2006,2014,-4.152612199438819
70400,LA UNION,SUCRE,Caribe,2018,59.7684515195369,17.767946139877054,42.00050537965985,6.089644513137558,33.4144222415291,2335.0,0,1.0,4921.0,True,2006,2014,37.42946349694109
70418,LOS PALMITOS,SUCRE,Caribe,2018,62.93686315588991,17.68123144417392,45.25563171171599,7.250232805640548,22.234437268104987,2335.0,0,1.0,10611.0,True,2006,2014,40.68458982899723
70429,MAJAGUAL,SUCRE,Caribe,2018,16.751539104659116,16.480678376436877,0.27086072822223883,2.882973380210949,51.64612837962112,2335.0,0,1.0,13327.0,True,2006,2014,-4.300181154496519
70473,MORROA,SUCRE,Caribe,2018,50.23904382470119,19.5655403024961,30.673503522205092,10.012038523274478,28.514436405436477,2335.0,0,1.0,7641.0,True,2006,2014,26.102461639486336
70508,OVEJAS,SUCRE,Caribe,2018,51.06498685760899,18.04661390697473,33.01837295063426,7.850811557499712,29.27537526804861,2335.0,0,1.0,11175.0,True,2006,2014,28.4473310679155
70523,PALMITO,SUCRE,Caribe,2018,45.54560954816709,18.101124724501226,27.444484823665867,7.690156599552572,45.14919419179831,2335.0,0,1.0,4746.0,True,2006,2014,22.873442940947108
70670,SAMPUES,SUCRE,Caribe,2018,39.95936521882379,17.953884380647743,22.005480838176048,5.655194700274681,41.49763543044131,2335.0,0,1.0,18547.0,True,2006,2014,17.43443895545729
70678,SAN BENITO ABAD,SUCRE,Caribe,2018,41.92561781257646,16.79913265758499,25.12648515499147,4.62962962962963,36.22750970169731,2335.0,0,1.0,8242.0,True,2006,2014,20.55544327227271
70702,SAN JUAN DE BETULIA,SUCRE,Caribe,2018,53.492510751890855,17.781319124263604,35.71119162762725,5.596529284164859,25.396352809825085,2335.0,0,1.0,6831.0,True,2006,2014,31.14014974490849
70708,SAN MARCOS,SUCRE,Caribe,2018,34.797180738331114,17.47654726912721,17.320633469203905,4.154084713947605,30.154740692112917,2335.0,0,1.0,20635.0,True,2006,2014,12.749591586485147
70713,SAN ONOFRE,SUCRE,Caribe,2018,42.02890139864199,18.60956227015304,23.41933912848895,9.427639121615664,41.90857524190857,2335.0,0,1.0,17589.0,True,2006,2014,18.84829724577019
70717,SAN PEDRO,SUCRE,Caribe,2018,44.459198454852725,18.5739146648919,25.885283789960827,6.304152972811473,30.08328706274292,2335.0,0,1.0,8429.0,True,2006,2014,21.31424190724207
70742,SAN LUIS DE SINCE,SUCRE,Caribe,2018,41.50449965387278,18.718618907204736,22.78588074666804,6.121766280107047,30.717503643831986,2335.0,0,1.0,13283.0,True,2006,2014,18.214838863949282
70771,SUCRE,SUCRE,Caribe,2018,22.828034034930585,16.019401965822563,6.808632069108022,2.166644376086666,48.30420090943223,2335.0,0,1.0,9012.0,True,2006,2014,2.237590186389264
70820,SANTIAGO DE TOLU,SUCRE,Caribe,2018,58.09618081333004,19.264241949916,38.83193886341404,9.205171175484796,23.750468574284643,2335.0,0,1.0,12452.0,True,2006,2014,34.26089698069528
70823,SAN JOSE DE TOLUVIEJO,SUCRE,Caribe,2018,40.368172216074846,17.17000682929868,23.198165386776168,4.765222237703775,30.64942844306893,2335.0,0,1.0,10094.0,True,2006,2014,18.62712350405741
73001,IBAGUE,TOLIMA,Andina,2018,16.767147437841423,22.362357307741025,-5.595209869899602,15.988271604938271,5.424858164713121,2344.0,0,1.0,254987.0,True,2006,2014,-10.16625175261836
73024,ALPUJARRA,TOLIMA,Andina,2018,9.412350597609562,16.329304399477593,-6.916953801868031,2.763496143958869,12.475442043222005,2344.0,0,1.0,2051.0,True,2006,2014,-11.487995684586789
73026,ALVARADO,TOLIMA,Andina,2018,23.560948081264108,19.017704402745498,4.5432436785186106,7.706355003652302,14.064362336114424,2344.0,0,1.0,3688.0,True,2006,2014,-0.027798204200147225
73030,AMBALEMA,TOLIMA,Andina,2018,22.93488824101069,19.45357661984042,3.4813116211702706,10.192147034252296,16.477621091354997,2344.0,0,1.0,3231.0,True,2006,2014,-1.0897302615484872
73043,ANZOATEGUI,TOLIMA,Andina,2018,13.350861817119489,17.788097380840508,-4.4372355637210195,6.224737267582862,20.906336451060465,2344.0,0,1.0,3500.0,True,2006,2014,-9.008277446439777
73055,ARMERO,TOLIMA,Andina,2018,28.391451068616423,20.082420695059003,8.30903037355742,13.66809881847476,14.930248984637116,2344.0,0,1.0,4685.0,True,2006,2014,3.737988490838662
73067,ATACO,TOLIMA,Andina,2018,7.3431426985008335,16.48888586086111,-9.145743162360276,3.369639210347175,34.77330113074981,2344.0,0,1.0,7305.0,True,2006,2014,-13.716785045079034
73124,CAJAMARCA,TOLIMA,Andina,2018,18.75409836065574,20.968823592823398,-2.214725232167659,11.723614274867122,11.22827346465817,2344.0,0,1.0,7971.0,True,2006,2014,-6.785767114886417
73148,CARMEN DE APICALA,TOLIMA,Andina,2018,10.570236439499304,18.39762230860614,-7.827385869106838,6.376573617952928,8.550031204493447,2344.0,0,1.0,5185.0,True,2006,2014,-12.398427751825595
73152,CASABIANCA,TOLIMA,Andina,2018,6.586594343277799,17.359196287212406,-10.772601943934607,5.0875273522975935,14.90174672489083,2344.0,0,1.0,2642.0,True,2006,2014,-15.343643826653365
73168,CHAPARRAL,TOLIMA,Andina,2018,15.495411778371473,18.756278724214884,-3.2608669458434107,7.60732057012735,21.12399065269198,2344.0,0,1.0,17784.0,True,2006,2014,-7.8319088285621685
73200,COELLO,TOLIMA,Andina,2018,27.35699152542373,19.536135426722762,7.820856098700968,10.975143403441685,15.730486991327552,2344.0,0,1.0,3881.0,True,2006,2014,3.2498142159822105
73217,COYAIMA,TOLIMA,Andina,2018,37.863382500358014,22.116487785572048,15.746894714785967,19.41469013006886,37.57039844202326,2344.0,0,1.0,7189.0,True,2006,2014,11.175852832067209
73226,CUNDAY,TOLIMA,Andina,2018,11.151685393258427,16.52227347952867,-5.370588086270244,4.268719384184744,19.02860087606287,2344.0,0,1.0,3609.0,True,2006,2014,-9.941629968989002
73236,DOLORES,TOLIMA,Andina,2018,13.378023899737688,18.171338236277347,-4.793314336539659,7.353552139592854,17.956485816579455,2344.0,0,1.0,3481.0,True,2006,2014,-9.364356219258417
73268,ESPINAL,TOLIMA,Andina,2018,15.599831710542134,19.879860208924246,-4.280028498382112,9.819317421369618,8.89183314973055,2344.0,0,1.0,34689.0,True,2006,2014,-8.85107038110087
73270,FALAN,TOLIMA,Andina,2018,18.388195232690123,19.455988954887406,-1.0677937221972833,8.123620309050773,18.78402903811252,2344.0,0,1.0,2762.0,True,2006,2014,-5.638835604916041
73275,FLANDES,TOLIMA,Andina,2018,16.334446719103546,20.468937501998376,-4.134490782894829,13.037469287469287,7.04163462594749,2344.0,0,1.0,9654.0,True,2006,2014,-8.705532665613587
73283,FRESNO,TOLIMA,Andina,2018,7.199681782020684,19.068637266626965,-11.868955484606282,8.701049542940979,11.777175423964415,2344.0,0,1.0,12960.0,True,2006,2014,-16.43999736732504
73319,GUAMO,TOLIMA,Andina,2018,11.44188250157928,18.367707336864882,-6.925824835285601,8.237861429350792,14.3426426030826,2344.0,0,1.0,13095.0,True,2006,2014,-11.496866718004359
73347,HERVEO,TOLIMA,Andina,2018,8.453373768006065,18.24254765451662,-9.789173886510556,8.280254777070063,15.673636220720011,2344.0,0,1.0,2720.0,True,2006,2014,-14.360215769229313
73349,HONDA,TOLIMA,Andina,2018,16.02115832885064,20.765022501644346,-4.743864172793707,13.276768642447417,10.301938205950863,2344.0,0,1.0,11641.0,True,2006,2014,-9.314906055512465
73352,ICONONZO,TOLIMA,Andina,2018,33.45170454545455,20.201268784890146,13.2504357605644,11.45063801208865,13.428199218358554,2344.0,0,1.0,4343.0,True,2006,2014,8.679393877845643
73408,LERIDA,TOLIMA,Andina,2018,25.97246357438845,23.391813353899256,2.5806502204891935,22.09724238026125,13.723410523834778,2344.0,0,1.0,7726.0,True,2006,2014,-1.9903916622295643
73411,LIBANO,TOLIMA,Andina,2018,25.63876651982379,21.442296159829667,4.196470359994123,16.00206700542589,11.445599951347075,2344.0,0,1.0,16514.0,True,2006,2014,-0.3745715227246347
73443,SAN SEBASTIAN DE MARIQUITA,TOLIMA,Andina,2018,18.025873775998857,20.737872731747412,-2.7119989557485553,11.986691182908675,12.04139775568347,2344.0,0,1.0,14817.0,True,2006,2014,-7.283040838467313
73449,MELGAR,TOLIMA,Andina,2018,11.1035632680788,17.873612457676856,-6.770049189598057,5.88076125191666,9.498711988866846,2344.0,0,1.0,16693.0,True,2006,2014,-11.341091072316814
73461,MURILLO,TOLIMA,Andina,2018,13.870967741935484,20.141206030059102,-6.270238288123618,8.54126679462572,14.48626045400239,2344.0,0,1.0,1630.0,True,2006,2014,-10.841280170842376
73483,NATAGAIMA,TOLIMA,Andina,2018,34.27648777487314,22.123618620899393,12.152869153973747,20.015869867089865,20.65994115174443,2344.0,0,1.0,6688.0,True,2006,2014,7.581827271254989
73504,ORTEGA,TOLIMA,Andina,2018,22.27509427186209,18.381285584320803,3.893808687541288,8.171032012536378,28.346031960083607,2344.0,0,1.0,11485.0,True,2006,2014,-0.6772331951774699
73520,PALOCABILDO,TOLIMA,Andina,2018,18.29302987197724,21.163545327543858,-2.8705154555666184,12.723492723492724,17.294296909011756,2344.0,0,1.0,3626.0,True,2006,2014,-7.441557338285376
73547,PIEDRAS,TOLIMA,Andina,2018,26.74376581134803,45.54136458897681,-18.79759877762878,18.0,12.341428053642623,2344.0,0,1.0,2869.0,True,2006,2014,-23.368640660347538
73555,PLANADAS,TOLIMA,Andina,2018,20.4361971321846,20.103873126354998,0.33232400582960153,9.902200488997554,30.46086592568479,2344.0,0,1.0,8678.0,True,2006,2014,-4.238717876889156
73563,PRADO,TOLIMA,Andina,2018,13.797600417318728,17.278800016753138,-3.48119959943441,5.226960110041266,17.711896617255796,2344.0,0,1.0,3919.0,True,2006,2014,-8.052241482153168
73585,PURIFICACION,TOLIMA,Andina,2018,29.02010050251256,20.42050971354447,8.59959078896809,13.934426229508196,15.1239926984551,2344.0,0,1.0,10659.0,True,2006,2014,4.028548906249332
73616,RIOBLANCO,TOLIMA,Andina,2018,12.35590193213184,20.199787573125448,-7.843885640993609,6.736741519350215,34.078153684762654,2344.0,0,1.0,6385.0,True,2006,2014,-12.414927523712366
73622,RONCESVALLES,TOLIMA,Andina,2018,10.497539639147076,19.507688896050055,-9.010149256902979,8.144475920679886,16.70920871784803,2344.0,0,1.0,1897.0,True,2006,2014,-13.581191139621737
73624,ROVIRA,TOLIMA,Andina,2018,10.10619257845126,17.94831587982123,-7.84212330136997,5.975692099932478,20.840751730959447,2344.0,0,1.0,8634.0,True,2006,2014,-12.413165184088728
73671,SALDANA,TOLIMA,Andina,2018,15.192038563209454,21.188759675765763,-5.996721112556308,15.10580819450698,19.94601505895724,2344.0,0,1.0,6675.0,True,2006,2014,-10.567762995275066
73675,SAN ANTONIO,TOLIMA,Andina,2018,8.129925043244283,16.70529341630777,-8.575368373063489,3.934593765968319,26.25893012719986,2344.0,0,1.0,5337.0,True,2006,2014,-13.146410255782246
73678,SAN LUIS,TOLIMA,Andina,2018,8.547145606157795,17.545954617100797,-8.998809010943003,6.042228212039532,16.088639920916055,2344.0,0,1.0,6373.0,True,2006,2014,-13.56985089366176
73686,SANTA ISABEL,TOLIMA,Andina,2018,7.79031670913724,16.81705767018901,-9.026740961051768,4.474505723204994,12.315957023477916,2344.0,0,1.0,2789.0,True,2006,2014,-13.597782843770526
73770,SUAREZ,TOLIMA,Andina,2018,10.058637798827244,16.84923541439418,-6.790597615566936,4.556213017751479,18.86244921648288,2344.0,0,1.0,2252.0,True,2006,2014,-11.361639498285694
73854,VALLE DE SAN JUAN,TOLIMA,Andina,2018,7.578124999999999,16.446589235781538,-8.868464235781538,4.522096608427543,16.459351399378054,2344.0,0,1.0,2597.0,True,2006,2014,-13.439506118500296
73861,VENADILLO,TOLIMA,Andina,2018,16.663644605621034,18.994825841154917,-2.331181235533883,8.43819393042191,17.97919762258544,2344.0,0,1.0,5695.0,True,2006,2014,-6.902223118252641
73870,VILLAHERMOSA,TOLIMA,Andina,2018,11.931993817619784,17.142404040797263,-5.21041022317748,5.011476664116297,13.908450704225352,2344.0,0,1.0,3311.0,True,2006,2014,-9.781452105896237
73873,VILLARRICA,TOLIMA,Andina,2018,12.243150684931509,16.85658619852584,-4.613435513594331,5.043301069791136,17.842157842157842,2344.0,0,1.0,2379.0,True,2006,2014,-9.184477396313088
76001,CALI,VALLE DEL CAUCA,Pacifica,2018,27.03212721554334,24.696669642169365,2.3354575733739757,21.923089978615028,4.113592637677799,14343.0,0,1.0,882099.0,True,2006,2014,-2.235584309344782
76020,ALCALA,VALLE DEL CAUCA,Pacifica,2018,17.26604795050271,19.48470586070122,-2.218657910198509,9.43802097337994,11.63173037402384,14343.0,0,1.0,5412.0,True,2006,2014,-6.789699792917267
76036,ANDALUCIA,VALLE DEL CAUCA,Pacifica,2018,30.45365747775125,23.358698789356527,7.094958688394723,19.284414796846576,5.850858309874703,14343.0,0,1.0,9632.0,True,2006,2014,2.523916805675965
76041,ANSERMANUEVO,VALLE DEL CAUCA,Pacifica,2018,7.1751128951329655,19.125645216643584,-11.950532321510618,9.299781181619256,12.759568078717017,14343.0,0,1.0,8218.0,True,2006,2014,-16.521574204229374
76054,ARGELIA,VALLE DEL CAUCA,Pacifica,2018,8.161004431314623,16.441430707690845,-8.280426276376222,3.622872108249672,15.754792332268371,14343.0,0,1.0,2771.0,True,2006,2014,-12.85146815909498
76100,BOLIVAR,VALLE DEL CAUCA,Pacifica,2018,12.105737458696304,18.87890963599135,-6.773172177295045,7.55880337976707,15.706165911216637,14343.0,0,1.0,6835.0,True,2006,2014,-11.344214060013803
76109,BUENAVENTURA,VALLE DEL CAUCA,Pacifica,2018,56.001456222316605,21.443962527562938,34.55749369475367,14.384918954624752,16.653757380673436,14343.0,0,1.0,87001.0,True,2006,2014,29.986451812034908
76111,GUADALAJARA DE BUGA,VALLE DEL CAUCA,Pacifica,2018,27.27190145706915,23.625420792930413,3.6464806641387355,18.3981116386363,4.1891287769216605,14343.0,0,1.0,57515.0,True,2006,2014,-0.9245612185800223
76113,BUGALAGRANDE,VALLE DEL CAUCA,Pacifica,2018,39.84464008285863,25.145179194946465,14.699460887912167,25.76722640416908,10.44484793463459,14343.0,0,1.0,10051.0,True,2006,2014,10.12841900519341
76122,CAICEDONIA,VALLE DEL CAUCA,Pacifica,2018,12.877643504531722,18.861507764619336,-5.983864260087614,7.641259006446719,8.460890861778662,14343.0,0,1.0,13731.0,True,2006,2014,-10.554906142806372
76126,CALIMA,VALLE DEL CAUCA,Pacifica,2018,22.203389830508478,22.132604399953863,0.07078543055461495,17.09763709317878,8.735014985014985,14343.0,0,1.0,6741.0,True,2006,2014,-4.500256452164143
76130,CANDELARIA,VALLE DEL CAUCA,Pacifica,2018,40.89122661859874,24.717822882192536,16.173403736406208,22.68202312396768,6.442464490818424,14343.0,0,1.0,36220.0,True,2006,2014,11.60236185368745
76147,CARTAGO,VALLE DEL CAUCA,Pacifica,2018,12.552188793520529,22.47946984957995,-9.927281056059421,16.155317202960006,5.3997188977384045,14343.0,0,1.0,57680.0,True,2006,2014,-14.498322938778179
76233,DAGUA,VALLE DEL CAUCA,Pacifica,2018,20.42389210019268,18.473005608299523,1.9508864918931579,6.892145169534844,10.981036662452592,14343.0,0,1.0,15712.0,True,2006,2014,-2.6201553908256
76243,EL AGUILA,VALLE DEL CAUCA,Pacifica,2018,5.633802816901409,18.084139295396223,-12.450336478494815,5.145565335138795,13.929201139292012,14343.0,0,1.0,3933.0,True,2006,2014,-17.02137836121357
76246,EL CAIRO,VALLE DEL CAUCA,Pacifica,2018,10.646659521257591,18.191422355049703,-7.544762833792111,6.057866184448463,12.299724874575174,14343.0,0,1.0,2885.0,True,2006,2014,-12.115804716510869
76248,EL CERRITO,VALLE DEL CAUCA,Pacifica,2018,38.79168301294625,25.516874899245288,13.274808113700963,26.57443609022556,6.818223961134084,14343.0,0,1.0,26682.0,True,2006,2014,8.703766230982206
76250,EL DOVIO,VALLE DEL CAUCA,Pacifica,2018,14.21747042766151,17.362266053732682,-3.144795626071172,4.809976247030879,16.701977401129945,14343.0,0,1.0,4556.0,True,2006,2014,-7.71583750878993
76275,FLORIDA,VALLE DEL CAUCA,Pacifica,2018,51.973101393251184,26.912740181410623,25.06036121184056,29.719093499796443,8.605899607061819,14343.0,0,1.0,25979.0,True,2006,2014,20.489319329121805
76306,GINEBRA,VALLE DEL CAUCA,Pacifica,2018,25.95301418439716,21.922247569534186,4.030766614862973,15.246861924686192,5.982274741506647,14343.0,0,1.0,9428.0,True,2006,2014,-0.540275267855785
76318,GUACARI,VALLE DEL CAUCA,Pacifica,2018,40.87560215358458,23.312123018413267,17.563479135171313,20.26831785345717,7.181787969425058,14343.0,0,1.0,14784.0,True,2006,2014,12.992437252452556
76364,JAMUNDI,VALLE DEL CAUCA,Pacifica,2018,30.80092353011425,22.992319529855827,7.808604000258423,16.96018503221543,6.56047197640118,14343.0,0,1.0,52166.0,True,2006,2014,3.2375621175396656
76377,LA CUMBRE,VALLE DEL CAUCA,Pacifica,2018,21.12652791542782,19.96499691211659,1.1615310033112287,10.680287903413047,9.237479554482436,14343.0,0,1.0,6294.0,True,2006,2014,-3.409510879407529
76400,LA UNION,VALLE DEL CAUCA,Pacifica,2018,8.624063702004184,20.208458566385005,-11.58439486438082,9.956185326745596,8.999897844519358,14343.0,0,1.0,15522.0,True,2006,2014,-16.15543674709958
76403,LA VICTORIA,VALLE DEL CAUCA,Pacifica,2018,12.93257224402426,19.863252167527275,-6.930679923503014,10.5573287503069,8.37407206228499,14343.0,0,1.0,5808.0,True,2006,2014,-11.501721806221772
76497,OBANDO,VALLE DEL CAUCA,Pacifica,2018,23.478939157566305,20.53201501683742,2.9469241407288855,10.897755610972569,12.342752962625342,14343.0,0,1.0,5360.0,True,2006,2014,-1.6241177419898722
76520,PALMIRA,VALLE DEL CAUCA,Pacifica,2018,29.25235062177737,24.96113537969366,4.291215242083712,23.325551294923127,4.569262600568901,14343.0,0,1.0,137916.0,True,2006,2014,-0.27982664063504537
76563,PRADERA,VALLE DEL CAUCA,Pacifica,2018,39.91854410475847,23.57946356663558,16.339080538122886,19.344363692593166,10.377878913253344,14343.0,0,1.0,20492.0,True,2006,2014,11.768038655404128
76606,RESTREPO,VALLE DEL CAUCA,Pacifica,2018,17.9423226812159,19.964457602936832,-2.0221349217209337,8.102815177478579,9.24363181747148,14343.0,0,1.0,6685.0,True,2006,2014,-6.5931768044396915
76616,RIOFRIO,VALLE DEL CAUCA,Pacifica,2018,17.921394962634928,21.9437095141654,-4.022314551530471,17.71000535045479,9.18942040350752,14343.0,0,1.0,7528.0,True,2006,2014,-8.593356434249229
76622,ROLDANILLO,VALLE DEL CAUCA,Pacifica,2018,15.24739993696817,19.96947079267505,-4.72207085570688,10.717245189209097,5.809445115362614,14343.0,0,1.0,16382.0,True,2006,2014,-9.293112738425638
76670,SAN PEDRO,VALLE DEL CAUCA,Pacifica,2018,20.437649039135923,20.797626064376566,-0.35997702524064223,12.227873855544251,7.514563106796117,14343.0,0,1.0,7482.0,True,2006,2014,-4.9310189079594
76736,SEVILLA,VALLE DEL CAUCA,Pacifica,2018,16.934658235471247,21.86145642636708,-4.926798190895834,14.518041673725223,10.188224994528344,14343.0,0,1.0,17373.0,True,2006,2014,-9.497840073614592
76823,TORO,VALLE DEL CAUCA,Pacifica,2018,8.537438768369489,17.9643791034784,-9.426940335108911,5.625913297613249,10.855154126615844,14343.0,0,1.0,5933.0,True,2006,2014,-13.99798221782767
76828,TRUJILLO,VALLE DEL CAUCA,Pacifica,2018,13.637587506731286,18.587198487539297,-4.949610980808011,7.753554502369668,14.952541151027274,14343.0,0,1.0,7646.0,True,2006,2014,-9.520652863526768
76834,TULUA,VALLE DEL CAUCA,Pacifica,2018,21.51190968733377,24.065770570184814,-2.553860882851044,20.8047140481527,5.547420893401234,14343.0,0,1.0,88122.0,True,2006,2014,-7.124902765569802
76845,ULLOA,VALLE DEL CAUCA,Pacifica,2018,11.56558533145275,18.502466416196533,-6.936881084743783,6.712564543889846,7.942162615255658,14343.0,0,1.0,2180.0,True,2006,2014,-11.507922967462541
76863,VERSALLES,VALLE DEL CAUCA,Pacifica,2018,6.32617527568195,17.413175611475253,-11.087000335793302,5.839668279198341,10.460452430611262,14343.0,0,1.0,3538.0,True,2006,2014,-15.65804221851206
76869,VIJES,VALLE DEL CAUCA,Pacifica,2018,25.514403292181072,19.292110894420958,6.222292397760114,10.03904071388734,7.131551997020762,14343.0,0,1.0,5301.0,True,2006,2014,1.6512505150413563
76890,YOTOCO,VALLE DEL CAUCA,Pacifica,2018,22.4812030075188,19.82579128125529,2.655411726263509,10.26655560183257,8.79300215418761,14343.0,0,1.0,6972.0,True,2006,2014,-1.915630156455249
76892,YUMBO,VALLE DEL CAUCA,Pacifica,2018,44.193430211259006,26.722631958445447,17.47079825281356,27.961458530134134,7.678036851203778,14343.0,0,1.0,51630.0,True,2006,2014,12.899756370094801
76895,ZARZAL,VALLE DEL CAUCA,Pacifica,2018,35.366054291198246,23.639463384816796,11.72659090638145,19.50144141088689,6.094923018195699,14343.0,0,1.0,19067.0,True,2006,2014,7.155549023662692
81001,ARAUCA,ARAUCA,Orinoquia,2018,7.7780979827089345,18.81723338875389,-11.039135406044956,6.556881051175657,31.560754049600064,3378.0,0,1.0,35662.0,True,2006,2014,-15.610177288763714
81065,ARAUQUITA,ARAUCA,Orinoquia,2018,42.43221184365648,24.271911097729888,18.160300745926595,23.73895696779709,41.56453017212511,3378.0,0,1.0,11736.0,True,2006,2014,13.589258863207837
81220,CRAVO NORTE,ARAUCA,Orinoquia,2018,13.403614457831326,17.824911823222116,-4.4212973653907905,3.7934668071654376,29.82985729967069,3378.0,0,1.0,1356.0,True,2006,2014,-8.992339248109548
81300,FORTUL,ARAUCA,Orinoquia,2018,44.90940465918896,26.09311356397258,18.81629109521638,25.530481643651058,34.44866045762907,3378.0,0,1.0,4994.0,True,2006,2014,14.24524921249762
81591,PUERTO RONDON,ARAUCA,Orinoquia,2018,4.715762273901809,17.065150402984255,-12.349388129082445,1.4177693761814745,23.088057901085644,3378.0,0,1.0,1596.0,True,2006,2014,-16.9204300118012
81736,SARAVENA,ARAUCA,Orinoquia,2018,27.851871034572056,22.901507099347075,4.950363935224981,16.581271121770413,27.95057194230843,3378.0,0,1.0,16469.0,True,2006,2014,0.37932205250622353
81794,TAME,ARAUCA,Orinoquia,2018,22.83431455004205,20.52611643234131,2.308198117700737,11.539241533157576,30.124200225818598,3378.0,0,1.0,17345.0,True,2006,2014,-2.2628437650180206
85001,YOPAL,CASANARE,Orinoquia,2018,13.633388572463062,20.250364113215188,-6.616975540752126,11.608489431924983,11.534975854166936,634.0,0,1.0,73694.0,True,2006,2014,-11.188017423470884
85010,AGUAZUL,CASANARE,Orinoquia,2018,15.475805582498117,20.27617238122665,-4.800366798728534,11.814840878880288,14.035560344827584,634.0,0,1.0,19408.0,True,2006,2014,-9.371408681447292
85015,CHAMEZA,CASANARE,Orinoquia,2018,15.760869565217392,17.535332356377832,-1.77446279116044,5.860349127182045,17.424629535002556,634.0,0,1.0,1123.0,True,2006,2014,-6.345504673879198
85125,HATO COROZAL,CASANARE,Orinoquia,2018,12.790697674418606,18.15640720987824,-5.365709535459633,7.576243980738363,33.03595812471552,634.0,0,1.0,4278.0,True,2006,2014,-9.93675141817839
85136,LA SALINA,CASANARE,Orinoquia,2018,46.943231441048034,26.078318030351124,20.86491341069691,16.558441558441558,24.190800681431003,634.0,0,0.928,464.0,True,2006,2014,16.293871527978155
85139,MANI,CASANARE,Orinoquia,2018,12.930086410054988,19.555453255373664,-6.625366845318675,8.704108922927304,15.736633201027317,634.0,0,1.0,6599.0,True,2006,2014,-11.196408728037433
85162,MONTERREY,CASANARE,Orinoquia,2018,13.265023539185822,21.595357841853755,-8.330334302667932,13.62397820163488,8.295615753563467,634.0,0,1.0,7514.0,True,2006,2014,-12.90137618538669
85225,NUNCHIA,CASANARE,Orinoquia,2018,6.005154639175258,18.270948534321292,-12.265793895146034,4.919748778785764,34.039514401333015,634.0,0,1.0,3958.0,True,2006,2014,-16.836835777864792
85230,OROCUE,CASANARE,Orinoquia,2018,15.24375154664687,20.600594427888772,-5.356842881241903,11.233740638549468,29.919375157470395,634.0,0,1.0,4160.0,True,2006,2014,-9.92788476396066
85250,PAZ DE ARIPORO,CASANARE,Orinoquia,2018,9.75954738330976,18.186470790658223,-8.426923407348463,7.398062171982237,22.467310637295324,634.0,0,1.0,15170.0,True,2006,2014,-12.99796529006722
85263,PORE,CASANARE,Orinoquia,2018,8.660533991474086,18.121932571313486,-9.4613985798394,6.370523415977962,27.072599531615925,634.0,0,1.0,4524.0,True,2006,2014,-14.032440462558158
85279,RECETOR,CASANARE,Orinoquia,2018,19.315068493150687,21.551843157566047,-2.2367746644153605,13.705583756345176,28.130081300813007,634.0,0,1.0,756.0,True,2006,2014,-6.807816547134118
85300,SABANALARGA,CASANARE,Orinoquia,2018,12.81269066503966,19.791707249771257,-6.979016584731596,13.20754716981132,11.78036605657238,634.0,0,1.0,1677.0,True,2006,2014,-11.550058467450354
85315,SACAMA,CASANARE,Orinoquia,2018,52.67993874425727,24.937518575807772,27.7424201684495,24.017467248908297,30.56716417910448,634.0,0,1.0,675.0,True,2006,2014,23.17137828573074
85325,SAN LUIS DE PALENQUE,CASANARE,Orinoquia,2018,7.126632595116411,18.024389141290143,-10.897756546173731,5.7926829268292686,18.30285099515869,634.0,0,1.0,3588.0,True,2006,2014,-15.46879842889249
85400,TAMARA,CASANARE,Orinoquia,2018,10.040816326530612,18.8789484201937,-8.83813209366309,7.203630175836643,37.55537325676784,634.0,0,1.0,2514.0,True,2006,2014,-13.409173976381847
85410,TAURAMENA,CASANARE,Orinoquia,2018,12.466916126677011,19.971362068833557,-7.504445942156545,12.456701305622168,14.613866967305524,634.0,0,1.0,11390.0,True,2006,2014,-12.075487824875303
85430,TRINIDAD,CASANARE,Orinoquia,2018,9.18560606060606,18.272947105906844,-9.087341045300784,6.979902227050516,21.5660882327549,634.0,0,1.0,5401.0,True,2006,2014,-13.658382928019542
85440,VILLANUEVA,CASANARE,Orinoquia,2018,15.111177214248531,19.951371058200543,-4.840193843952012,11.58445440956652,12.672367549146443,634.0,0,1.0,14183.0,True,2006,2014,-9.41123572667077
86001,MOCOA,PUTUMAYO,Amazonia,2018,55.80939947780679,22.49181469352225,33.31758478428454,18.54011002545365,10.665384534983382,2460.0,0,1.0,19046.0,True,2006,2014,28.746542901565782
86219,COLON,PUTUMAYO,Amazonia,2018,46.57411553963279,20.52933354797775,26.044781991655043,14.383954154727792,9.963454510482784,2460.0,0,1.0,2280.0,True,2006,2014,21.473740108936283
86320,ORITO,PUTUMAYO,Amazonia,2018,78.14689443438559,24.468378994609758,53.67851543977583,25.754158443755287,22.742310991300087,2460.0,0,1.0,13004.0,True,2006,2014,49.10747355705707
86568,PUERTO ASIS,PUTUMAYO,Amazonia,2018,54.475374732334046,21.54319092062122,32.932183811712825,14.783355602214163,19.342262916003502,2460.0,0,1.0,19672.0,True,2006,2014,28.361141928994066
86569,PUERTO CAICEDO,PUTUMAYO,Amazonia,2018,77.69442360590148,20.820498106322095,56.873925499579386,13.177041228779304,19.6625157913734,2460.0,0,1.0,4170.0,True,2006,2014,52.302883616860626
86571,PUERTO GUZMAN,PUTUMAYO,Amazonia,2018,55.26379771456358,24.5583885444717,30.70540917009188,18.6036036036036,36.165279429250894,2460.0,0,1.0,4368.0,True,2006,2014,26.134367287373124
86573,PUERTO LEGUIZAMO,PUTUMAYO,Amazonia,2018,32.72357723577235,19.701170066397044,13.02240716937531,10.512037978975924,34.1136400497378,2460.0,0,1.0,5070.0,True,2006,2014,8.451365286656552
86749,SIBUNDOY,PUTUMAYO,Amazonia,2018,50.54490792934987,23.946118930647792,26.598788998702076,24.3097972147569,8.152096659559346,2460.0,0,1.0,5467.0,True,2006,2014,22.027747115983317
86755,SAN FRANCISCO,PUTUMAYO,Amazonia,2018,39.036933146330064,20.128893090836804,18.90804005549326,12.854030501089325,7.589928057553957,2460.0,0,1.0,2202.0,True,2006,2014,14.336998172774502
86757,SAN MIGUEL,PUTUMAYO,Amazonia,2018,82.85656728444802,19.934917868190723,62.921649416257296,13.058419243986256,23.023807811263755,2460.0,0,1.0,5124.0,True,2006,2014,58.350607533538536
86760,SANTIAGO,PUTUMAYO,Amazonia,2018,61.62464985994398,19.43165494523667,42.19299491470731,12.114413909141897,23.6691597008359,2460.0,0,1.0,2572.0,True,2006,2014,37.621953031988554
86865,VALLE DEL GUAMUEZ,PUTUMAYO,Amazonia,2018,82.4505367757963,20.328831992394495,62.121704783401796,14.287727208679724,16.847145488029465,2460.0,0,1.0,11533.0,True,2006,2014,57.55066290068304
86885,VILLAGARZON,PUTUMAYO,Amazonia,2018,46.76708302718589,21.51210264248374,25.25498038470215,16.736217878321984,14.651681303180595,2460.0,0,1.0,8639.0,True,2006,2014,20.68393850198339
88001,SAN ANDRES,ARCHIPIELAGO DE SAN ANDRES PROVIDENCIA Y SANTA CATALINA,Caribe,2018,19.864418874319863,20.79073444628903,-0.926315571969166,9.667673716012084,15.55360484187669,6.0,0,1.0,11557.0,True,2006,2014,-5.497357454687924
88564,PROVIDENCIA,ARCHIPIELAGO DE SAN ANDRES PROVIDENCIA Y SANTA CATALINA,Caribe,2018,11.601731601731602,17.58988332661002,-5.988151724878419,2.8515240904621435,8.536853685368538,6.0,0,1.0,1198.0,True,2006,2014,-10.559193607597177
91001,LETICIA,AMAZONAS,Amazonia,2018,27.022630834512025,21.100378190817782,5.922252643694243,15.061918018623404,27.357347166335387,118.0,0,1.0,14522.0,True,2006,2014,1.3512107609754853
91263,EL ENCANTO,AMAZONAS,Amazonia,2018,62.70627062706271,17.816037351881945,44.89023327518076,7.84313725490196,37.50763591936469,118.0,0,0.616,308.0,True,2006,2014,40.319191392462
91405,LA CHORRERA,AMAZONAS,Amazonia,2018,84.38061041292639,16.063726798707602,68.31688361421878,3.6511156186612577,35.81580443433769,118.0,0,1.0,561.0,True,2006,2014,63.74584173150002
91407,LA PEDRERA,AMAZONAS,Amazonia,2018,65.50218340611353,18.553058853918643,46.94912455219489,9.67741935483871,78.83190883190883,118.0,0,0.462,231.0,True,2006,2014,42.37808266947613
91430,LA VICTORIA,AMAZONAS,Amazonia,2018,77.77777777777779,48.74843308257122,29.029344695206568,50.0,90.96385542168674,118.0,1,0.038,19.0,True,2006,2014,24.45830281248781
91460,MIRITI  PARANA,AMAZONAS,Amazonia,2018,76.62337662337663,24.053426347387344,52.569950275989285,17.02127659574468,85.76470588235294,118.0,0,0.154,77.0,True,2006,2014,47.998908393270526
91530,PUERTO ALEGRIA,AMAZONAS,Amazonia,2018,42.465753424657535,16.452284320621352,26.013469104036183,3.225806451612903,42.87812041116006,118.0,0,0.148,74.0,True,2006,2014,21.442427221317423
91536,PUERTO ARICA,AMAZONAS,Amazonia,2018,67.12328767123287,16.86419649680721,50.25909117442566,3.937007874015748,34.595300261096604,118.0,0,0.292,146.0,True,2006,2014,45.6880492917069
91540,PUERTO NARINO,AMAZONAS,Amazonia,2018,44.89031567683253,18.94273326648745,25.947582410345078,10.187110187110187,41.74146014735432,118.0,0,1.0,1903.0,True,2006,2014,21.376540527626318
91669,PUERTO SANTANDER,AMAZONAS,Amazonia,2018,51.51515151515152,19.546246761962312,31.96890475318921,8.108108108108109,49.49179046129789,118.0,0,0.336,168.0,True,2006,2014,27.397862870470455
91798,TARAPACA,AMAZONAS,Amazonia,2018,48.87640449438202,17.774660924630002,31.10174356975202,6.59025787965616,50.79477216531261,118.0,0,0.736,368.0,True,2006,2014,26.530701687033265
94001,INIRIDA,GUAINIA,Amazonia,2018,19.45375543140906,18.596778860439635,0.8569765709694259,7.478061808470048,50.79994074512999,251.0,0,1.0,8289.0,True,2006,2014,-3.714065311749332
94343,BARRANCOMINAS,GUAINIA,Amazonia,2018,63.09314586994728,21.355940609164776,41.7372052607825,13.535911602209945,76.26066718386346,251.0,0,1.0,586.0,True,2006,2014,37.16616337806374
94663,MAPIRIPANA,GUAINIA,Amazonia,2018,28.125,27.095191918516342,1.029808081483658,29.545454545454547,64.83516483516483,251.0,0,0.192,96.0,True,2006,2014,-3.5412338012350997
94883,SAN FELIPE,GUAINIA,Amazonia,2018,6.2745098039215685,17.45797248651099,-11.183462682589422,1.5384615384615383,88.39122486288848,251.0,0,0.518,259.0,True,2006,2014,-15.75450456530818
94884,PUERTO COLOMBIA,GUAINIA,Amazonia,2018,25.833333333333336,18.813339879290453,7.019993454042883,4.424778761061947,95.9637561779242,251.0,0,0.246,123.0,True,2006,2014,2.448951571324125
94885,LA GUADALUPE,GUAINIA,Amazonia,2018,10.416666666666668,16.64784305440849,-6.231176387741822,3.125,93.63057324840764,251.0,0,0.102,51.0,True,2006,2014,-10.80221827046058
94886,CACAHUAL,GUAINIA,Amazonia,2018,33.33333333333333,17.622047549893786,15.711285783439543,0.0,71.66392092257001,251.0,1,0.04,20.0,True,2006,2014,11.140243900720785
94887,PANA PANA,GUAINIA,Amazonia,2018,54.67625899280576,15.59702168936284,39.079237303442916,0.0,93.6016511867905,251.0,0,0.298,149.0,True,2006,2014,34.50819542072416
94888,MORICHAL,GUAINIA,Amazonia,2018,78.0,15.57250444609793,62.42749555390207,0.0,92.36641221374046,251.0,0,0.108,54.0,True,2006,2014,57.85645367118331
95001,SAN JOSE DEL GUAVIARE,GUAVIARE,Amazonia,2018,21.111751152073733,19.12003119021715,1.9917199618565817,6.4055993620979885,23.781936028057093,1083.0,0,1.0,18373.0,True,2006,2014,-2.579321920862176
95015,CALAMAR,GUAVIARE,Amazonia,2018,45.88815789473684,19.4023923069726,26.48576558776424,7.671957671957672,40.177215189873415,1083.0,0,1.0,1938.0,True,2006,2014,21.914723705045482
95025,EL RETORNO,GUAVIARE,Amazonia,2018,17.595541401273884,16.970655954145748,0.6248854471281362,2.469135802469136,31.88103053814781,1083.0,0,1.0,4022.0,True,2006,2014,-3.9461564355906216
95200,MIRAFLORES,GUAVIARE,Amazonia,2018,56.85714285714286,18.615509643206565,38.241633213936296,5.103280680437424,40.06959980114343,1083.0,0,1.0,1095.0,True,2006,2014,33.67059133121754
97001,MITU,VAUPES,Amazonia,2018,37.06945765937203,18.856078188577868,18.21337947079416,8.246168815373387,66.74059698733943,120.0,0,1.0,5350.0,True,2006,2014,13.642337588075401
97161,CARURU,VAUPES,Amazonia,2018,55.91603053435114,17.547909392656926,38.36812114169421,4.297994269340974,44.351669941060905,120.0,0,1.0,535.0,True,2006,2014,33.79707925897545
97511,PACOA,VAUPES,Amazonia,2018,27.58620689655172,18.068170564151295,9.518036332400424,4.672897196261682,93.6474694589878,120.0,0,0.36,180.0,True,2006,2014,4.946994449681666
97666,TARAIRA,VAUPES,Amazonia,2018,35.91160220994475,17.960278071082836,17.951324138861917,4.054054054054054,78.93738140417457,120.0,0,0.75,375.0,True,2006,2014,13.38028225614316
97777,PAPUNAHUA,VAUPES,Amazonia,2018,31.818181818181817,15.463584876356993,16.354596941824823,0.0,87.03703703703704,120.0,1,0.044,22.0,True,2006,2014,11.783555059106066
97889,YAVARATE,VAUPES,Amazonia,2018,29.72972972972973,18.821579750058646,10.908149979671084,7.308970099667775,76.65847665847666,120.0,0,0.596,298.0,True,2006,2014,6.337108096952326
99001,PUERTO CARRENO,VICHADA,Orinoquia,2018,12.109260882267018,18.73649391257277,-6.627233030305751,7.556512378902045,41.98469253101082,543.0,0,1.0,6992.0,True,2006,2014,-11.198274913024509
99524,LA PRIMAVERA,VICHADA,Orinoquia,2018,8.130841121495328,16.662339263323773,-8.531498141828445,2.410939186757827,46.57580536156792,543.0,0,1.0,3266.0,True,2006,2014,-13.102540024547203
99624,SANTA ROSALIA,VICHADA,Orinoquia,2018,7.234617985125085,16.399593439196178,-9.164975454071094,2.952029520295203,36.96251378169791,543.0,0,1.0,1497.0,True,2006,2014,-13.736017336789851
99773,CUMARIBO,VICHADA,Orinoquia,2018,50.56846267918932,18.136403359509124,32.43205931968019,4.2042042042042045,87.48560844971718,543.0,0,1.0,4165.0,True,2006,2014,27.861017436961433
05001,MEDELLIN,ANTIOQUIA,Andina,2022,25.027815742712097,15.548118871262828,9.479696871449269,7.879215421657185,5.230398664972173,27355.0,0,1.0,1137448.0,True,2006,2018,-3.0410702589080003
05002,ABEJORRAL,ANTIOQUIA,Andina,2022,9.559028746860172,14.396412467557685,-4.837383720697513,2.906333912494077,13.958914243441644,27355.0,0,1.0,7368.0,True,2006,2018,-17.35815085105478
05004,ABRIAQUI,ANTIOQUIA,Andina,2022,5.833333333333333,13.51541506810657,-7.682081734773237,1.1282051282051282,11.630079402148528,27355.0,0,1.0,985.0,True,2006,2018,-20.202848865130505
05021,ALEJANDRIA,ANTIOQUIA,Andina,2022,11.795316565481354,14.501003483169276,-2.705686917687922,3.3818694222639736,12.676424464192367,27355.0,0,1.0,2358.0,True,2006,2018,-15.226454048045191
05030,AMAGA,ANTIOQUIA,Andina,2022,20.22531712942429,15.21406525147045,5.011251877953841,5.954989046006771,9.66388129051598,27355.0,0,1.0,11731.0,True,2006,2018,-7.509515252403428
05031,AMALFI,ANTIOQUIA,Andina,2022,15.183603757472246,15.829271196093353,-0.645667438621107,4.560545168617858,22.377240454793704,27355.0,0,1.0,6151.0,True,2006,2018,-13.166434568978376
05034,ANDES,ANTIOQUIA,Andina,2022,14.97659906396256,14.956075351593126,0.02052371236943351,4.762540912430699,12.288330137467254,27355.0,0,1.0,16438.0,True,2006,2018,-12.500243417987836
05036,ANGELOPOLIS,ANTIOQUIA,Andina,2022,14.702308626974483,14.568988772078209,0.13331985489627485,3.526550466153223,13.026132056652704,27355.0,0,1.0,2568.0,True,2006,2018,-12.387447275460994
05038,ANGOSTURA,ANTIOQUIA,Andina,2022,10.938511326860842,15.538833332152588,-4.600322005291746,4.281009879253568,20.52380952380953,27355.0,0,1.0,3259.0,True,2006,2018,-17.121089135649015
05040,ANORI,ANTIOQUIA,Andina,2022,25.900360144057625,20.218250876949494,5.682109267108132,14.83007209062822,27.996131795261448,27355.0,0,1.0,3491.0,True,2006,2018,-6.8386578632491375
05042,SANTA FE DE ANTIOQUIA,ANTIOQUIA,Andina,2022,22.35862346548601,16.473080123371506,5.885543342114502,8.212765957446809,14.129582861621529,27355.0,0,1.0,10487.0,True,2006,2018,-6.635223788242767
05044,ANZA,ANTIOQUIA,Andina,2022,10.052910052910052,14.489282337872243,-4.436372284962191,2.5597985732270248,16.332602568117757,27355.0,0,1.0,2351.0,True,2006,2018,-16.95713941531946
05045,APARTADO,ANTIOQUIA,Andina,2022,54.76848363057858,28.819765634874116,25.948717995704463,40.718344747195104,14.6740097512367,27355.0,0,1.0,49493.0,True,2006,2018,13.427950865347194
05051,ARBOLETES,ANTIOQUIA,Andina,2022,40.59939629150496,28.120214447970945,12.479181843534015,28.11334072804276,62.48715704554968,27355.0,0,1.0,9443.0,True,2006,2018,-0.041585286823254464
05055,ARGELIA,ANTIOQUIA,Andina,2022,7.461669505962522,14.73743702308514,-7.275767517122619,3.106212424849699,17.13946234962127,27355.0,0,1.0,3014.0,True,2006,2018,-19.796534647479888
05059,ARMENIA,ANTIOQUIA,Andina,2022,11.15921115921116,15.106960190087301,-3.9477490308761407,5.995599559955996,8.357348703170029,27355.0,0,1.0,2181.0,True,2006,2018,-16.46851616123341
05079,BARBOSA,ANTIOQUIA,Andina,2022,25.72514784567728,15.731160046697873,9.993987798979408,7.891848747879876,7.012393267743888,27355.0,0,1.0,22427.0,True,2006,2018,-2.5267793313778615
05086,BELMIRA,ANTIOQUIA,Andina,2022,9.96537129665256,14.37459448285985,-4.40922318620729,2.824074074074074,13.385679566274067,27355.0,0,1.0,2690.0,True,2006,2018,-16.92999031656456
05088,BELLO,ANTIOQUIA,Andina,2022,27.63633090096483,15.97148975073142,11.664841150233409,8.894545454545455,5.575304609973621,27355.0,0,1.0,195570.0,True,2006,2018,-0.8559259801238603
05091,BETANIA,ANTIOQUIA,Andina,2022,10.97334159950403,14.691497208223254,-3.718155608719224,3.1889895938234303,16.21841890790546,27355.0,0,1.0,3270.0,True,2006,2018,-16.238922739076493
05093,BETULIA,ANTIOQUIA,Andina,2022,8.468919482686692,14.711526349922279,-6.242606867235587,2.92086046970594,17.180967549273344,27355.0,0,1.0,4934.0,True,2006,2018,-18.763373997592858
05101,CIUDAD BOLIVAR,ANTIOQUIA,Andina,2022,12.294566681634484,15.023841813046204,-2.72927513141172,4.96576993539678,11.847006843974704,27355.0,0,1.0,11447.0,True,2006,2018,-15.25004226176899
05113,BURITICA,ANTIOQUIA,Andina,2022,26.785714285714285,17.344081663826543,9.441632621887742,7.113896056026539,29.139522258414768,27355.0,0,1.0,2374.0,True,2006,2018,-3.0791345084695276
05107,BRICENO,ANTIOQUIA,Andina,2022,23.581560283687946,17.740865699150554,5.840694584537392,8.84732052578362,25.66431214261689,27355.0,0,1.0,2330.0,True,2006,2018,-6.680072545819877
05120,CACERES,ANTIOQUIA,Andina,2022,46.89642728256947,28.283121718489802,18.613305564079667,31.34695421869088,49.83154670750383,27355.0,0,1.0,5745.0,True,2006,2018,6.092538433722398
05125,CAICEDO,ANTIOQUIA,Andina,2022,15.566037735849056,15.788657528094982,-0.22261979224592565,5.348837209302325,18.617248752672843,27355.0,0,1.0,2899.0,True,2006,2018,-12.743386922603195
05129,CALDAS,ANTIOQUIA,Andina,2022,26.49943602569761,15.038692603468828,11.46074342222878,6.408971476555517,5.473141066986087,27355.0,0,1.0,42616.0,True,2006,2018,-1.0600237081284885
05134,CAMPAMENTO,ANTIOQUIA,Andina,2022,16.520723876240513,16.673957817284172,-0.15323394104365917,6.283029947152084,24.641988651715756,27355.0,0,1.0,1821.0,True,2006,2018,-12.674001071400928
05138,CANASGORDAS,ANTIOQUIA,Andina,2022,10.370485196093629,15.441343077442696,-5.070857881349067,3.558607772748557,22.79162365432827,27355.0,0,1.0,6640.0,True,2006,2018,-17.591625011706334
05142,CARACOLI,ANTIOQUIA,Andina,2022,18.012422360248447,17.412492588291848,0.5999297719565995,11.062225015713388,12.13653603034134,27355.0,0,1.0,1988.0,True,2006,2018,-11.92083735840067
05145,CARAMANTA,ANTIOQUIA,Andina,2022,14.695009242144176,14.04979401102514,0.6452152311190353,3.1315240083507305,8.924806746310612,27355.0,0,1.0,2239.0,True,2006,2018,-11.875551899238234
05147,CAREPA,ANTIOQUIA,Andina,2022,49.1745283018868,27.833887245294918,21.340641056591885,36.74381301558204,20.98233995584989,27355.0,0,1.0,20275.0,True,2006,2018,8.819873926234616
05148,EL CARMEN DE VIBORAL,ANTIOQUIA,Andina,2022,22.27318694019069,16.02776285176395,6.245424088426741,9.000042353140485,5.846360482035593,27355.0,0,1.0,28679.0,True,2006,2018,-6.275343041930528
05150,CAROLINA,ANTIOQUIA,Andina,2022,19.023255813953487,15.100747198540759,3.9225086154127276,6.380575945793337,6.234939759036145,27355.0,0,1.0,2238.0,True,2006,2018,-8.598258514944542
05154,CAUCASIA,ANTIOQUIA,Andina,2022,40.69851896295829,25.50289916419068,15.19561979876761,30.31861599091577,22.10421624693638,27355.0,0,1.0,32775.0,True,2006,2018,2.67485266841034
05190,CISNEROS,ANTIOQUIA,Andina,2022,19.176867127904917,15.332645791374597,3.8442213365303193,5.317545748116254,13.238105949836914,27355.0,0,1.0,5862.0,True,2006,2018,-8.67654579382695
05197,COCORNA,ANTIOQUIA,Andina,2022,10.546163849154746,14.67493418278698,-4.128770333632234,3.613800627301241,14.310004760933143,27355.0,0,1.0,7867.0,True,2006,2018,-16.649537463989503
05206,CONCEPCION,ANTIOQUIA,Andina,2022,8.371134020618557,13.976873959692112,-5.605739939073555,2.05840114887506,12.483978467059728,27355.0,0,1.0,2511.0,True,2006,2018,-18.126507069430822
05209,CONCORDIA,ANTIOQUIA,Andina,2022,10.238058192002493,14.68753340951919,-4.449475217516698,2.52904989747095,18.539500715931023,27355.0,0,1.0,6610.0,True,2006,2018,-16.970242347873967
05212,COPACABANA,ANTIOQUIA,Andina,2022,29.367163153632863,15.935062484027831,13.432100669605031,9.172562458545212,3.807933962512159,27355.0,0,1.0,42292.0,True,2006,2018,0.911333539247762
05172,CHIGORODO,ANTIOQUIA,Andina,2022,45.9380996900064,27.608061120101603,18.3300385699048,36.05854286173805,21.194067461031715,27355.0,0,1.0,21047.0,True,2006,2018,5.809271439547532
05234,DABEIBA,ANTIOQUIA,Andina,2022,30.595033578010305,20.52890969162226,10.066123886388045,11.388344323649974,47.26166328600406,27355.0,0,1.0,6609.0,True,2006,2018,-2.4546432439692243
05237,DONMATIAS,ANTIOQUIA,Andina,2022,12.874821513564967,13.919310884393548,-1.0444893708285807,3.37547848277462,6.100402457106545,27355.0,0,1.0,8792.0,True,2006,2018,-13.56525650118585
05240,EBEJICO,ANTIOQUIA,Andina,2022,11.70361493908528,14.812958544072071,-3.1093436049867904,3.951367781155015,13.891310665504214,27355.0,0,1.0,5158.0,True,2006,2018,-15.63011073534406
05250,EL BAGRE,ANTIOQUIA,Andina,2022,38.17078456870394,24.096349371817695,14.074435196886242,23.51264695404346,35.6179940692759,27355.0,0,1.0,12024.0,True,2006,2018,1.5536680665289726
05264,ENTRERRIOS,ANTIOQUIA,Andina,2022,11.946386946386946,13.911363574467424,-1.9649766280804783,3.112313937753721,7.028135322929718,27355.0,0,1.0,5303.0,True,2006,2018,-14.485743758437748
05266,ENVIGADO,ANTIOQUIA,Andina,2022,17.032944957814383,14.296584960536284,2.7363599972780985,5.320982627578719,2.067045443802645,27355.0,0,1.0,152976.0,True,2006,2018,-9.78440713307917
05282,FREDONIA,ANTIOQUIA,Andina,2022,16.811940298507462,15.336212289565015,1.475728008942447,5.923151616035511,11.128894579598803,27355.0,0,1.0,8637.0,True,2006,2018,-11.045039121414822
05284,FRONTINO,ANTIOQUIA,Andina,2022,24.268177525967893,18.65160544682142,5.616572079146472,9.373769200472628,34.09576848490876,27355.0,0,1.0,5544.0,True,2006,2018,-6.904195051210797
05306,GIRALDO,ANTIOQUIA,Andina,2022,25.93871385412171,16.324808518260408,9.6139053358613,7.656903765690376,15.36484081471228,27355.0,0,1.0,2393.0,True,2006,2018,-2.9068617944959687
05308,GIRARDOTA,ANTIOQUIA,Andina,2022,26.630838312767384,15.5891065355196,11.041731777247785,7.950107595441142,5.050714137859656,27355.0,0,1.0,29478.0,True,2006,2018,-1.4790353531094844
05310,GOMEZ PLATA,ANTIOQUIA,Andina,2022,12.695035460992909,14.446717057098578,-1.7516815961056693,3.709721093961549,10.39941548952752,27355.0,0,1.0,4419.0,True,2006,2018,-14.272448726462938
05313,GRANADA,ANTIOQUIA,Andina,2022,9.83699772554966,14.517874033954838,-4.680876308405178,3.814064362336114,11.039878300554166,27355.0,0,1.0,5414.0,True,2006,2018,-17.201643438762446
05315,GUADALUPE,ANTIOQUIA,Andina,2022,28.497164461247635,16.54098876989373,11.956175691353906,7.991475759190197,15.315480557593544,27355.0,0,1.0,2213.0,True,2006,2018,-0.5645914390033635
05318,GUARNE,ANTIOQUIA,Andina,2022,19.036768113703072,15.215677347773877,3.8210907659291955,6.760576017226684,6.214017224151877,27355.0,0,1.0,26770.0,True,2006,2018,-8.699676364428074
05321,GUATAPE,ANTIOQUIA,Andina,2022,14.90966845344451,15.056384790400408,-0.14671633695589748,6.820756854747337,4.358388110888825,27355.0,0,1.0,5148.0,True,2006,2018,-12.667483467313167
05347,HELICONIA,ANTIOQUIA,Andina,2022,14.302103250478012,15.128859452955286,-0.8267562024772737,5.091383812010443,12.423019749416012,27355.0,0,1.0,2708.0,True,2006,2018,-13.347523332834543
05353,HISPANIA,ANTIOQUIA,Andina,2022,20.654121863799283,15.221341058669987,5.432780805129296,5.480093676814988,12.12121212121212,27355.0,0,1.0,2299.0,True,2006,2018,-7.087986325227973
05360,ITAGUI,ANTIOQUIA,Andina,2022,24.47832683580648,15.07203721603314,9.406289619773341,6.891176449460157,3.946462978254886,27355.0,0,1.0,152127.0,True,2006,2018,-3.114477510583928
05361,ITUANGO,ANTIOQUIA,Andina,2022,24.44143534190928,19.548178890666502,4.893256451242777,11.236783870174577,35.71002548392344,27355.0,0,1.0,4710.0,True,2006,2018,-7.627510679114492
05364,JARDIN,ANTIOQUIA,Andina,2022,23.64335942682765,16.921115170746624,6.7222442560810265,10.464946800757907,9.78963799895934,27355.0,0,1.0,7750.0,True,2006,2018,-5.798522874276243
05368,JERICO,ANTIOQUIA,Andina,2022,14.920127795527158,14.129160481543394,0.7909673139837636,3.224013340744859,9.053050878145935,27355.0,0,1.0,6507.0,True,2006,2018,-11.729799816373506
05376,LA CEJA,ANTIOQUIA,Andina,2022,16.65072533078272,14.242436503015727,2.4082888277669934,4.676563824110982,4.109752156088931,27355.0,0,1.0,38783.0,True,2006,2018,-10.112478302590276
05380,LA ESTRELLA,ANTIOQUIA,Andina,2022,25.611638275980336,15.041687227218349,10.569951048761988,6.91313307937301,3.5133279603593923,27355.0,0,1.0,36291.0,True,2006,2018,-1.9508160815952813
05585,PUERTO NARE,ANTIOQUIA,Andina,2022,39.07520325203252,21.208698277783178,17.866504974249345,21.02857142857143,13.75443225859652,27355.0,0,1.0,6046.0,True,2006,2018,5.345737843892076
05400,LA UNION,ANTIOQUIA,Andina,2022,15.427151787145377,14.348647895501758,1.078503891643619,4.461510330956299,6.66891696402739,27355.0,0,1.0,12838.0,True,2006,2018,-11.44226323871365
05390,LA PINTADA,ANTIOQUIA,Andina,2022,19.173960612691467,15.509170178270654,3.664790434420812,6.017538554581192,12.854276398294456,27355.0,0,1.0,3742.0,True,2006,2018,-8.855976695936457
05411,LIBORINA,ANTIOQUIA,Andina,2022,12.226775956284152,14.831558719418567,-2.6047827631344145,4.041128646580583,13.857251328777524,27355.0,0,1.0,4506.0,True,2006,2018,-15.125549893491684
05425,MACEO,ANTIOQUIA,Andina,2022,14.849253310791772,15.562622610422755,-0.7133692996309833,6.157420853906477,13.178826110806364,27355.0,0,1.0,3632.0,True,2006,2018,-13.234136429988252
05440,MARINILLA,ANTIOQUIA,Andina,2022,19.50261780104712,15.233646067874865,4.268971733172254,7.142857142857142,5.091896785875962,27355.0,0,1.0,31341.0,True,2006,2018,-8.251795397185015
05467,MONTEBELLO,ANTIOQUIA,Andina,2022,14.366666666666667,14.996376395253275,-0.629709728586608,4.004449388209121,15.524570651249787,27355.0,0,1.0,3107.0,True,2006,2018,-13.150476858943877
05475,MURINDO,ANTIOQUIA,Andina,2022,88.0,44.96322205707192,43.03677794292808,68.30357142857143,81.73201206376562,27355.0,0,1.0,1139.0,True,2006,2018,30.516010812570812
05480,MUTATA,ANTIOQUIA,Andina,2022,41.78490643635616,23.489832238259154,18.295074198097005,20.152477763659466,43.36613235994287,27355.0,0,1.0,4987.0,True,2006,2018,5.774307067739736
05483,NARINO,ANTIOQUIA,Andina,2022,7.406305770374777,14.622150334888708,-7.215844564513931,3.102291783119061,15.641353645772764,27355.0,0,1.0,3463.0,True,2006,2018,-19.7366116948712
05495,NECHI,ANTIOQUIA,Andina,2022,35.39949838767467,23.934009020720893,11.465489366953776,18.865784499054826,54.34456928838952,27355.0,0,1.0,5710.0,True,2006,2018,-1.0552777634034936
05490,NECOCLI,ANTIOQUIA,Andina,2022,36.10411418975651,25.817005429892376,10.287108759864132,23.048684555545844,57.62883914627798,27355.0,0,1.0,12321.0,True,2006,2018,-2.2336583704931368
05501,OLAYA,ANTIOQUIA,Andina,2022,11.002785515320337,14.955982309101774,-3.953196793781437,4.817618719889883,12.0264803236484,27355.0,0,1.0,1473.0,True,2006,2018,-16.473963924138708
05541,PENOL,ANTIOQUIA,Andina,2022,15.501519756838904,14.825417616217356,0.6761021406215484,5.661013141637651,6.857079350966882,27355.0,0,1.0,9814.0,True,2006,2018,-11.84466498973572
05543,PEQUE,ANTIOQUIA,Andina,2022,20.179856115107917,16.178073161215547,4.00178295389237,4.519161243673174,27.363114409746533,27355.0,0,1.0,2861.0,True,2006,2018,-8.5189841764649
05576,PUEBLORRICO,ANTIOQUIA,Andina,2022,14.773722627737229,15.283964372462533,-0.5102417447253043,4.7361299052774015,15.856706470424882,27355.0,0,1.0,3517.0,True,2006,2018,-13.031008875082573
05579,PUERTO BERRIO,ANTIOQUIA,Andina,2022,26.964386659129453,17.961603873900344,9.002782785229108,12.290871734663927,13.766030566343494,27355.0,0,1.0,14715.0,True,2006,2018,-3.517984345128161
05591,PUERTO TRIUNFO,ANTIOQUIA,Andina,2022,14.957372116349047,16.22536451296895,-1.2679923966199045,7.93368857312019,13.15041962556488,27355.0,0,1.0,8109.0,True,2006,2018,-13.788759526977174
05604,REMEDIOS,ANTIOQUIA,Andina,2022,39.02542974854383,19.655552555731187,19.36987719281264,14.679225164385995,22.20347262311825,27355.0,0,1.0,7415.0,True,2006,2018,6.849110062455372
05607,RETIRO,ANTIOQUIA,Andina,2022,11.964945317592525,13.694839226449131,-1.7298939088566065,3.200136904252588,4.609101516919487,27355.0,0,1.0,14112.0,True,2006,2018,-14.250661039213876
05615,RIONEGRO,ANTIOQUIA,Andina,2022,18.433156684331568,15.016426857826758,3.4167298265048096,6.492214532871972,5.1980391986138565,27355.0,0,1.0,82273.0,True,2006,2018,-9.10403730385246
05628,SABANALARGA,ANTIOQUIA,Andina,2022,12.096521466624882,16.032453775414737,-3.9359323087898552,3.998632946001367,27.569435556124407,27355.0,0,1.0,3308.0,True,2006,2018,-16.456699439147123
05631,SABANETA,ANTIOQUIA,Andina,2022,20.55958409744772,14.542803282334697,6.016780815113021,6.107680641317301,1.5913267181183388,27355.0,0,1.0,60937.0,True,2006,2018,-6.503986315244248
05642,SALGAR,ANTIOQUIA,Andina,2022,8.544364971969843,14.45720183775815,-5.912836865788307,2.4926144756277693,16.593553309174137,27355.0,0,1.0,5290.0,True,2006,2018,-18.433603996145578
05647,SAN ANDRES DE CUERQUIA,ANTIOQUIA,Andina,2022,14.353163361661943,16.609592238724222,-2.2564288770622785,6.0606060606060606,24.54328832406672,27355.0,0,1.0,2242.0,True,2006,2018,-14.777196007419548
05649,SAN CARLOS,ANTIOQUIA,Andina,2022,16.215101086508046,15.08272444497505,1.1323766415329963,5.139521640091116,12.071244694914077,27355.0,0,1.0,7428.0,True,2006,2018,-11.388390488824273
05652,SAN FRANCISCO,ANTIOQUIA,Andina,2022,13.781449493052946,16.34462449545132,-2.563175002398374,6.711675933280381,19.797051502967644,27355.0,0,1.0,2715.0,True,2006,2018,-15.083942132755643
05656,SAN JERONIMO,ANTIOQUIA,Andina,2022,13.317683881064164,14.75655131111009,-1.438867430045926,3.957131079967024,13.2871392674941,27355.0,0,1.0,6590.0,True,2006,2018,-13.959634560403195
05658,SAN JOSE DE LA MONTANA,ANTIOQUIA,Andina,2022,12.384996461429584,14.472874780845324,-2.08787831941574,3.8539553752535496,10.230352303523036,27355.0,0,1.0,1509.0,True,2006,2018,-14.60864544977301
05659,SAN JUAN DE URABA,ANTIOQUIA,Andina,2022,37.898314686305056,26.401503736083598,11.496810950221459,24.1445998214817,59.82392957182873,27355.0,0,1.0,7197.0,True,2006,2018,-1.0239561801358104
05660,SAN LUIS,ANTIOQUIA,Andina,2022,14.03688524590164,15.648839781986084,-1.6119545360844434,6.430923903622812,12.992161455987024,27355.0,0,1.0,5977.0,True,2006,2018,-14.132721666441713
05664,SAN PEDRO DE LOS MILAGROS,ANTIOQUIA,Andina,2022,13.463438735177863,14.126486940689304,-0.6630482055114406,3.7176082776302537,6.668625146886017,27355.0,0,1.0,12618.0,True,2006,2018,-13.18381533586871
05665,SAN PEDRO DE URABA,ANTIOQUIA,Andina,2022,25.59300873907616,23.083238720995613,2.5097700180805482,13.859668148790805,66.14222990952635,27355.0,0,1.0,8254.0,True,2006,2018,-10.010997112276721
05667,SAN RAFAEL,ANTIOQUIA,Andina,2022,17.789211100717182,15.026273374002788,2.7629377267143944,5.148342059336824,11.117305088795094,27355.0,0,1.0,6616.0,True,2006,2018,-9.757829403642875
05670,SAN ROQUE,ANTIOQUIA,Andina,2022,10.69384336171995,15.13934191461427,-4.445498552894321,4.552741263225393,14.845070422535212,27355.0,0,1.0,7374.0,True,2006,2018,-16.966265683251592
05674,SAN VICENTE FERRER,ANTIOQUIA,Andina,2022,12.071564981405167,15.064164822255082,-2.9925998408499144,5.327181208053691,10.974592761438815,27355.0,0,1.0,10260.0,True,2006,2018,-15.513366971207184
05679,SANTA BARBARA,ANTIOQUIA,Andina,2022,19.98074145402022,15.52871206535266,4.452029388667558,6.680118946474087,9.814068510716249,27355.0,0,1.0,10815.0,True,2006,2018,-8.068737741689711
05686,SANTA ROSA DE OSOS,ANTIOQUIA,Andina,2022,13.94295755609624,14.478089750829145,-0.5351321947329044,4.014648977335544,9.225700164744646,27355.0,0,1.0,15628.0,True,2006,2018,-13.055899325090174
05690,SANTO DOMINGO,ANTIOQUIA,Andina,2022,13.08674021198356,14.933500468387782,-1.846760256404222,4.761904761904762,11.544117647058824,27355.0,0,1.0,4783.0,True,2006,2018,-14.367527386761491
05697,EL SANTUARIO,ANTIOQUIA,Andina,2022,10.22709310290321,14.28464377374343,-4.05755067084022,4.244673075841908,6.795570980003305,27355.0,0,1.0,19407.0,True,2006,2018,-16.57831780119749
05736,SEGOVIA,ANTIOQUIA,Andina,2022,48.77022653721683,22.899211848354184,25.871014688862644,22.85348141819735,23.14920444311018,27355.0,0,1.0,9887.0,True,2006,2018,13.350247558505375
05756,SONSON,ANTIOQUIA,Andina,2022,8.939470094061894,14.431945183105842,-5.492475089043948,3.0766987459900847,13.235014874359136,27355.0,0,1.0,14431.0,True,2006,2018,-18.013242219401217
05761,SOPETRAN,ANTIOQUIA,Andina,2022,19.51028096060273,15.481787943650092,4.028493016952639,6.363156969590437,11.306441024144725,27355.0,0,1.0,6551.0,True,2006,2018,-8.49227411340463
05789,TAMESIS,ANTIOQUIA,Andina,2022,19.431949620871357,15.572430509885017,3.8595191109863407,6.2884292901062055,12.407182395031729,27355.0,0,1.0,8075.0,True,2006,2018,-8.661248019370928
05790,TARAZA,ANTIOQUIA,Andina,2022,42.99914310197087,24.144946900914505,18.854196201056368,24.271844660194176,32.41673632803907,27355.0,0,1.0,6011.0,True,2006,2018,6.333429070699099
05792,TARSO,ANTIOQUIA,Andina,2022,26.062639821029084,16.212574469585906,9.850065351443178,7.128514056224899,16.24158696422246,27355.0,0,1.0,2753.0,True,2006,2018,-2.6707017789140917
05809,TITIRIBI,ANTIOQUIA,Andina,2022,14.37045025613373,14.534532739941888,-0.16408248380815849,3.826086956521739,11.2238659982883,27355.0,0,1.0,3804.0,True,2006,2018,-12.684849614165428
05819,TOLEDO,ANTIOQUIA,Andina,2022,19.59026888604353,17.48993759100983,2.1003312950336976,8.412483039348711,23.91304347826087,27355.0,0,1.0,1670.0,True,2006,2018,-10.420435835323572
05837,TURBO,ANTIOQUIA,Andina,2022,56.02478442122095,30.604682376762803,25.420102044458147,39.89791578051893,39.15000175112948,27355.0,0,1.0,36434.0,True,2006,2018,12.899334914100878
05842,URAMITA,ANTIOQUIA,Andina,2022,14.948453608247425,15.881057179582527,-0.9326035713351022,3.8018433179723514,27.10409320864633,27355.0,0,1.0,2194.0,True,2006,2018,-13.453370701692371
05847,URRAO,ANTIOQUIA,Andina,2022,16.910895769321673,16.787063166752166,0.12383260256950734,6.598334401024984,24.45252945252945,27355.0,0,1.0,8816.0,True,2006,2018,-12.396934527787762
05854,VALDIVIA,ANTIOQUIA,Andina,2022,31.808278867102395,19.38878761928818,12.419491247814214,12.838633686690224,26.97419859265051,27355.0,0,1.0,3339.0,True,2006,2018,-0.10127588254305486
05856,VALPARAISO,ANTIOQUIA,Andina,2022,23.215573179524156,16.38823551754147,6.8273376619826855,9.33078393881453,8.88437384558552,27355.0,0,1.0,2845.0,True,2006,2018,-5.693429468374584
05858,VEGACHI,ANTIOQUIA,Andina,2022,13.201246660730186,15.875324055481618,-2.674077394751432,4.891762721394433,22.03161487336088,27355.0,0,1.0,4652.0,True,2006,2018,-15.194844525108701
05873,VIGIA DEL FUERTE,ANTIOQUIA,Andina,2022,71.43525011687704,29.89596743173618,41.53928268514086,29.179030662710183,78.25498400196899,27355.0,0,1.0,2188.0,True,2006,2018,29.01851555478359
05861,VENECIA,ANTIOQUIA,Andina,2022,14.74588403722262,14.42025659425634,0.32562744296627955,3.950777202072539,9.62723803933079,27355.0,0,1.0,5764.0,True,2006,2018,-12.19513968739099
05885,YALI,ANTIOQUIA,Andina,2022,14.381270903010032,15.971200401658905,-1.589929498648873,5.162116040955631,21.783766442091757,27355.0,0,1.0,2461.0,True,2006,2018,-14.110696629006142
05887,YARUMAL,ANTIOQUIA,Andina,2022,17.2782874617737,15.29640863564752,1.9818788261261808,5.621280562128056,11.751576362926176,27355.0,0,1.0,15092.0,True,2006,2018,-10.538888304231088
05890,YOLOMBO,ANTIOQUIA,Andina,2022,16.85915944818736,16.226938569777307,0.6322208784100525,7.195730762609744,16.11948189267777,27355.0,0,1.0,6448.0,True,2006,2018,-11.888546251947217
05893,YONDO,ANTIOQUIA,Andina,2022,32.45131729667812,26.298382221286634,6.152935075391486,31.57974072957492,26.010404161664667,27355.0,0,1.0,8976.0,True,2006,2018,-6.367832054965783
05895,ZARAGOZA,ANTIOQUIA,Andina,2022,36.04419489222967,23.58233354412812,12.46186134810155,19.82909302777238,45.77166140029935,27355.0,0,1.0,5823.0,True,2006,2018,-0.058905782255719075
08001,BARRANQUILLA,ATLANTICO,Caribe,2022,52.80386584452492,27.08472507050223,25.71914077402269,38.58471783957565,9.102008982599576,798.0,0,1.0,497166.0,True,2006,2018,13.198373643665422
08078,BARANOA,ATLANTICO,Caribe,2022,60.305153613333886,27.489085021081536,32.81606859225235,38.49885226731344,14.277577059531946,798.0,0,1.0,24672.0,True,2006,2018,20.29530146189508
08137,CAMPO DE LA CRUZ,ATLANTICO,Caribe,2022,35.06320691949434,21.43922871403554,13.623978205458801,17.766497461928935,34.98027181060938,798.0,0,1.0,7656.0,True,2006,2018,1.103211075101532
08141,CANDELARIA,ATLANTICO,Caribe,2022,34.820732657833204,18.134680039621607,16.686052618211598,9.48289836278165,32.96014330497089,798.0,0,1.0,5229.0,True,2006,2018,4.165285487854328
08296,GALAPA,ATLANTICO,Caribe,2022,66.66666666666666,28.565375696773287,38.10129096989337,41.42779225501485,13.652888355691278,798.0,0,1.0,17223.0,True,2006,2018,25.5805238395361
08372,JUAN DE ACOSTA,ATLANTICO,Caribe,2022,42.85151634501773,22.601517508660237,20.24999883635749,24.75992732935375,17.845761631612493,798.0,0,1.0,7761.0,True,2006,2018,7.729231706000222
08421,LURUACO,ATLANTICO,Caribe,2022,35.650565709312446,23.41732109959154,12.233244609720906,25.271769584220557,24.834520924512606,798.0,0,1.0,9404.0,True,2006,2018,-0.2875225206363634
08433,MALAMBO,ATLANTICO,Caribe,2022,68.30608914717587,29.769137079337867,38.536952067838,44.81081081081081,12.915190803983158,798.0,0,1.0,35683.0,True,2006,2018,26.01618493748073
08436,MANATI,ATLANTICO,Caribe,2022,32.07222699914015,17.780926766979697,14.291300232160452,10.59736753290584,23.86523163313056,798.0,0,1.0,5931.0,True,2006,2018,1.7705331018031831
08520,PALMAR DE VARELA,ATLANTICO,Caribe,2022,65.38461538461539,30.66657247484614,34.718042909769245,46.02335316148932,18.16369476132462,798.0,0,1.0,10055.0,True,2006,2018,22.197275779411974
08549,PIOJO,ATLANTICO,Caribe,2022,48.13260595887537,22.52716720224138,25.605438756633987,23.97594889139421,20.51100070972321,798.0,0,1.0,2410.0,True,2006,2018,13.084671626276718
08558,POLONUEVO,ATLANTICO,Caribe,2022,65.98591549295774,27.39715372146086,38.588761771496884,38.50931677018634,13.334566302940631,798.0,0,1.0,7279.0,True,2006,2018,26.067994641139613
08560,PONEDERA,ATLANTICO,Caribe,2022,48.66295642731098,24.848714643692148,23.814241783618833,29.45483069682312,23.21459080813258,798.0,0,1.0,7556.0,True,2006,2018,11.293474653261564
08573,PUERTO COLOMBIA,ATLANTICO,Caribe,2022,53.27206906154275,26.041712929823007,27.230356131719745,35.82554517133956,9.170122743077377,798.0,0,1.0,18289.0,True,2006,2018,14.709589001362476
08606,REPELON,ATLANTICO,Caribe,2022,44.29662193428968,20.88392826957044,23.412693664719242,17.5177304964539,29.53233596418895,798.0,0,1.0,8854.0,True,2006,2018,10.891926534361973
08634,SABANAGRANDE,ATLANTICO,Caribe,2022,61.60249739854319,29.369885876122964,32.23261152242023,42.97373119102269,16.332718577099808,798.0,0,1.0,11849.0,True,2006,2018,19.711844392062957
08638,SABANALARGA,ATLANTICO,Caribe,2022,54.801018047200365,25.745589003194347,29.05542904400602,32.9816592882194,18.143103280127438,798.0,0,1.0,35389.0,True,2006,2018,16.534661913648748
08675,SANTA LUCIA,ATLANTICO,Caribe,2022,25.8751353302057,20.353905635103892,5.521229695101809,15.331807780320366,33.09090909090909,798.0,0,1.0,5624.0,True,2006,2018,-6.99953743525546
08685,SANTO TOMAS,ATLANTICO,Caribe,2022,65.6738522297186,31.532297675731098,34.141554553987504,49.05691056910569,14.789593155229614,798.0,0,1.0,12438.0,True,2006,2018,21.620787423630233
08758,SOLEDAD,ATLANTICO,Caribe,2022,66.56378294758136,31.486989228980605,35.076793718600754,50.49663406579449,8.025927910402341,798.0,0,1.0,137283.0,True,2006,2018,22.556026588243483
08770,SUAN,ATLANTICO,Caribe,2022,36.34248487668683,20.284965363349077,16.057519513337756,18.51254892931154,18.2734556733006,798.0,0,1.0,4386.0,True,2006,2018,3.5367523829804863
08832,TUBARA,ATLANTICO,Caribe,2022,56.45068256104595,27.53695193335222,28.91373062769373,38.220321726735904,16.13461236043403,798.0,0,1.0,5271.0,True,2006,2018,16.39296349733646
08849,USIACURI,ATLANTICO,Caribe,2022,53.44603381014304,24.777710616827218,28.668323193315825,31.464475592073462,13.601592790527087,798.0,0,1.0,3947.0,True,2006,2018,16.147556062958557
13001,CARTAGENA DE INDIAS,BOLIVAR,Caribe,2022,57.15555174581405,30.551003008281405,26.604548737532646,46.20122098808596,12.489537193298377,22245.0,0,1.0,359602.0,True,2006,2018,14.083781607175377
13006,ACHI,BOLIVAR,Caribe,2022,21.714125403282367,21.723109712062346,-0.008984308779979244,12.926992632283993,55.91603053435114,22245.0,0,1.0,7213.0,True,2006,2018,-12.529751439137248
13042,ARENAL,BOLIVAR,Caribe,2022,49.57983193277311,28.584485934822403,20.995345997950707,35.593952483801296,36.26726182173246,22245.0,0,1.0,2918.0,True,2006,2018,8.474578867593438
13030,ALTOS DEL ROSARIO,BOLIVAR,Caribe,2022,32.82381335478681,26.83494643379361,5.988866920993196,25.86837294332724,58.45265845265845,22245.0,0,1.0,2529.0,True,2006,2018,-6.531900209364073
13052,ARJONA,BOLIVAR,Caribe,2022,56.09766600637328,31.733141315563536,24.364524690809745,45.97712680577849,26.983606557377048,22245.0,0,1.0,24009.0,True,2006,2018,11.843757560452476
13062,ARROYOHONDO,BOLIVAR,Caribe,2022,25.517241379310345,20.167708961600486,5.3495324177098595,12.051282051282053,41.87143211715066,22245.0,0,1.0,3256.0,True,2006,2018,-7.17123471264741
13074,BARRANCO DE LOBA,BOLIVAR,Caribe,2022,24.574628472970065,24.160470820837773,0.4141576521322925,21.41125121241513,47.01073779009352,22245.0,0,1.0,4698.0,True,2006,2018,-12.106609478224977
13140,CALAMAR,BOLIVAR,Caribe,2022,39.63328631875881,24.682921522291743,14.95036479646707,24.164524421593832,40.80263039365823,22245.0,0,1.0,8011.0,True,2006,2018,2.4295976661098013
13160,CANTAGALLO,BOLIVAR,Caribe,2022,45.495722194262704,28.67343729011464,16.822284904148063,35.07511430437623,39.35117835321501,22245.0,0,1.0,4036.0,True,2006,2018,4.301517773790794
13188,CICUCO,BOLIVAR,Caribe,2022,48.83227176220807,28.969614217392085,19.86265754481599,37.18295986210293,33.9405487804878,22245.0,0,1.0,4768.0,True,2006,2018,7.341890414458719
13212,CORDOBA,BOLIVAR,Caribe,2022,56.66459047025849,30.772964453310706,25.891626016947782,42.87473068636504,29.949306296691567,22245.0,0,1.0,6517.0,True,2006,2018,13.370858886590513
13222,CLEMENCIA,BOLIVAR,Caribe,2022,46.30858121121335,28.13373867375756,18.174842537455792,23.13606710158434,84.94320237320021,22245.0,0,1.0,4806.0,True,2006,2018,5.654075407098523
13244,EL CARMEN DE BOLIVAR,BOLIVAR,Caribe,2022,34.74687705456937,23.377546988069973,11.369330066499394,20.56515605713278,41.54595108050344,22245.0,0,1.0,21942.0,True,2006,2018,-1.151437063857875
13248,EL GUAMO,BOLIVAR,Caribe,2022,39.070197044334975,24.094729322347142,14.975467721987833,25.33639645553003,29.398295382266888,22245.0,0,1.0,3301.0,True,2006,2018,2.454700591630564
13300,HATILLO DE LOBA,BOLIVAR,Caribe,2022,23.22933272603052,21.519733186297554,1.7095995397329666,13.65991521431936,50.45029736618522,22245.0,0,1.0,4445.0,True,2006,2018,-10.811167590624303
13268,EL PENON,BOLIVAR,Caribe,2022,35.83089158643784,26.128568035693313,9.70232355074453,26.43723113023074,47.87116394802322,22245.0,0,1.0,2416.0,True,2006,2018,-2.8184435796127385
13430,MAGANGUE,BOLIVAR,Caribe,2022,56.97544642857143,29.650363730660384,27.325082697911046,40.6655534351145,26.45072212503236,22245.0,0,1.0,45756.0,True,2006,2018,14.804315567553777
13433,MAHATES,BOLIVAR,Caribe,2022,42.48743718592965,24.59048306720416,17.89695411872549,26.75619834710744,28.63960887785193,22245.0,0,1.0,8182.0,True,2006,2018,5.37618698836822
13440,MARGARITA,BOLIVAR,Caribe,2022,28.09938524590164,22.21130897468028,5.888076271221362,18.62591431556949,36.69753086419753,22245.0,0,1.0,3954.0,True,2006,2018,-6.6326908591359075
13442,MARIA LA BAJA,BOLIVAR,Caribe,2022,56.89711132749108,34.145763970425634,22.75134735706545,47.92219274977896,46.59870700116944,22245.0,0,1.0,15811.0,True,2006,2018,10.23058022670818
13458,MONTECRISTO,BOLIVAR,Caribe,2022,43.51316634553629,29.94310782844459,13.570058517091702,33.01453710788064,63.11061618411284,22245.0,0,1.0,3170.0,True,2006,2018,1.0492913867344331
13468,SANTA CRUZ DE MOMPOX,BOLIVAR,Caribe,2022,44.9865564955079,28.559385095761286,16.427171399746612,37.16872307804629,29.19762086602328,22245.0,0,1.0,15559.0,True,2006,2018,3.906404269389343
13473,MORALES,BOLIVAR,Caribe,2022,24.02608546421829,24.589366937923177,-0.5632814737048868,19.834413246940244,58.68936716993254,22245.0,0,1.0,5924.0,True,2006,2018,-13.084048604062156
13490,NOROSI,BOLIVAR,Caribe,2022,55.54026152787337,32.374468506045304,23.165793021828065,38.643844634628046,66.32860040567951,22245.0,0,1.0,1489.0,True,2006,2018,10.645025891470796
13549,PINILLOS,BOLIVAR,Caribe,2022,23.638778220451528,25.315851253708388,-1.6770730332568604,20.953846153846158,62.36669664653733,22245.0,0,1.0,7624.0,True,2006,2018,-14.19784016361413
13580,REGIDOR,BOLIVAR,Caribe,2022,50.20708697653015,27.692948117247326,22.514138859282824,35.41566554541086,27.010309278350515,22245.0,0,1.0,2195.0,True,2006,2018,9.993371728925554
13600,RIO VIEJO,BOLIVAR,Caribe,2022,30.14827018121911,23.50905349857985,6.639216682639262,20.459846717760747,43.53230769230769,22245.0,0,1.0,3082.0,True,2006,2018,-5.881550447718007
13647,SAN ESTANISLAO,BOLIVAR,Caribe,2022,34.56589462278207,23.435887079121752,11.130007543660316,22.69284278868449,32.85506719941882,22245.0,0,1.0,7598.0,True,2006,2018,-1.3907595866969533
13620,SAN CRISTOBAL,BOLIVAR,Caribe,2022,52.906152537567344,27.714067188720882,25.19208534884646,35.738255033557046,25.596994902066005,22245.0,0,1.0,3573.0,True,2006,2018,12.671318218489192
13650,SAN FERNANDO,BOLIVAR,Caribe,2022,46.774193548387096,23.573528311101825,23.20066523728527,21.34059008879977,40.73240589198036,22245.0,0,1.0,3443.0,True,2006,2018,10.679898106928002
13654,SAN JACINTO,BOLIVAR,Caribe,2022,44.83849847228284,29.935887622737134,14.90261084954571,26.000416840350145,93.44401511613096,22245.0,0,1.0,9369.0,True,2006,2018,2.3818437191884403
13655,SAN JACINTO DEL CAUCA,BOLIVAR,Caribe,2022,35.26354862657758,27.40680240785106,7.856746218726521,25.853275794429187,65.04517885876965,22245.0,0,1.0,2740.0,True,2006,2018,-4.6640209116307485
13657,SAN JUAN NEPOMUCENO,BOLIVAR,Caribe,2022,37.51644100580271,24.206421576465036,13.310019429337675,23.492660895747083,38.39094092398057,22245.0,0,1.0,13242.0,True,2006,2018,0.789252298980406
13667,SAN MARTIN DE LOBA,BOLIVAR,Caribe,2022,46.53714285714285,27.477454220358815,19.05968863678403,30.504738814194404,45.589959313150814,22245.0,0,1.0,4436.0,True,2006,2018,6.538921506426762
13670,SAN PABLO,BOLIVAR,Caribe,2022,36.84672815107597,26.862544546999885,9.984183604076087,30.30742842063597,39.07422512234911,22245.0,0,1.0,9274.0,True,2006,2018,-2.5365835262811824
13673,SANTA CATALINA,BOLIVAR,Caribe,2022,59.83323164531218,31.446778463298035,28.386453182014147,38.175598631698975,57.78189329724339,22245.0,0,1.0,5049.0,True,2006,2018,15.865686051656878
13683,SANTA ROSA,BOLIVAR,Caribe,2022,62.716955941255,37.39628404115366,25.32067190010134,50.89709218395545,70.91156462585035,22245.0,0,1.0,6173.0,True,2006,2018,12.799904769744069
13688,SANTA ROSA DEL SUR,BOLIVAR,Caribe,2022,15.125284738041003,19.060159664115073,-3.9348749260740696,12.060867931617508,28.056736548893124,22245.0,0,1.0,13388.0,True,2006,2018,-16.455642056431337
13744,SIMITI,BOLIVAR,Caribe,2022,25.23558536974924,22.87567077169464,2.3599145980546012,20.72861874147672,34.59119496855346,22245.0,0,1.0,6347.0,True,2006,2018,-10.160852532302668
13760,SOPLAVIENTO,BOLIVAR,Caribe,2022,68.65845152290166,34.99262469330468,33.66582682959698,54.35016111707841,28.289974964623926,22245.0,0,1.0,4392.0,True,2006,2018,21.14505969923971
13780,TALAIGUA NUEVO,BOLIVAR,Caribe,2022,37.27785002167317,23.321647650995267,13.9562023706779,23.961735884274383,26.344881276761384,22245.0,0,1.0,4668.0,True,2006,2018,1.435435240320631
13810,TIQUISIO,BOLIVAR,Caribe,2022,38.86504530281354,24.515166529651474,14.349878773162068,19.24022346368715,60.31365107712914,22245.0,0,1.0,4285.0,True,2006,2018,1.8291116428047989
13836,TURBACO,BOLIVAR,Caribe,2022,56.55981493721084,30.27147297234543,26.28834196486541,44.36540016168149,17.193535271396627,22245.0,0,1.0,31064.0,True,2006,2018,13.76757483450814
13838,TURBANA,BOLIVAR,Caribe,2022,59.26717992586256,33.41950728042215,25.847672645440404,45.4897993592986,48.56536284096757,22245.0,0,1.0,7207.0,True,2006,2018,13.326905515083135
13873,VILLANUEVA,BOLIVAR,Caribe,2022,36.04535790219703,24.598872220302823,11.44648568189421,24.12795370519209,39.92902767920511,22245.0,0,1.0,7298.0,True,2006,2018,-1.0742814484630596
13894,ZAMBRANO,BOLIVAR,Caribe,2022,72.72326350606394,38.42460145455756,34.29866205150638,60.28368794326241,41.91079440485616,22245.0,0,1.0,4656.0,True,2006,2018,21.777894921149112
15001,TUNJA,BOYACA,Andina,2022,46.35858825607454,22.946748445888762,23.41183981018578,28.8532721811633,3.6320047947258014,374.0,0,1.0,92988.0,True,2006,2018,10.89107267982851
15022,ALMEIDA,BOYACA,Andina,2022,20.880245649948822,17.152030962158914,3.728214687789908,12.681912681912683,7.458912768647282,374.0,0,1.0,1004.0,True,2006,2018,-8.792552442567361
15047,AQUITANIA,BOYACA,Andina,2022,14.993986369103302,16.446030858289884,-1.4520444891865818,9.53686336747944,13.001443001443002,374.0,0,1.0,7641.0,True,2006,2018,-13.972811619543851
15051,ARCABUCO,BOYACA,Andina,2022,24.953846153846158,20.769236268596313,4.184609885249845,21.86886533176286,8.9407013034698,374.0,0,1.0,3323.0,True,2006,2018,-8.336157245107424
15087,BELEN,BOYACA,Andina,2022,26.49350649350649,22.41848849023025,4.0750180032762415,26.51704073150457,7.634526085768916,374.0,0,1.0,4335.0,True,2006,2018,-8.445749127081028
15090,BERBEO,BOYACA,Andina,2022,36.77736777367774,28.040797159715886,8.736570613961852,39.57746478873239,15.048543689320388,374.0,0,1.0,844.0,True,2006,2018,-3.7841965163954168
15092,BETEITIVA,BOYACA,Andina,2022,33.95853899308983,22.51955402072353,11.438984972366303,25.821064552661383,11.134564643799472,374.0,0,1.0,1034.0,True,2006,2018,-1.0817821579909666
15097,BOAVITA,BOYACA,Andina,2022,17.966991747936984,17.79509593409699,0.17189581383999197,11.543235415804716,19.748580697485806,374.0,0,1.0,2698.0,True,2006,2018,-12.348871316517277
15104,BOYACA,BOYACA,Andina,2022,24.169184290030213,21.776096331162545,2.3930879588676675,23.97626112759644,11.225402504472273,374.0,0,1.0,2361.0,True,2006,2018,-10.127679171489602
15106,BRICENO,BOYACA,Andina,2022,11.180124223602483,17.003306463358715,-5.823182239756232,10.301953818827709,15.61429270680372,374.0,0,1.0,1458.0,True,2006,2018,-18.3439493701135
15109,BUENAVISTA,BOYACA,Andina,2022,14.86245087531261,17.243082677124868,-2.3806318018122568,11.303298471440064,14.599056603773583,374.0,0,1.0,2842.0,True,2006,2018,-14.901398932169526
15114,BUSBANZA,BOYACA,Andina,2022,24.458204334365323,18.755930856601196,5.702273477764127,16.141732283464567,10.379464285714286,374.0,0,1.0,658.0,True,2006,2018,-6.818493652593142
15131,CALDAS,BOYACA,Andina,2022,20.912767186597343,18.782205404171926,2.130561782425417,15.145631067961164,15.3322528363047,374.0,0,1.0,1760.0,True,2006,2018,-10.390205347931852
15135,CAMPOHERMOSO,BOYACA,Andina,2022,12.490815576781776,16.887485442576978,-4.396669865795202,8.873974645786726,20.73937153419593,374.0,0,1.0,1382.0,True,2006,2018,-16.91743699615247
15162,CERINZA,BOYACA,Andina,2022,33.37843933243121,25.331814951712254,8.04662438071896,34.05275779376499,8.608360836083609,374.0,0,1.0,2273.0,True,2006,2018,-4.474142749638309
15189,CIENEGA,BOYACA,Andina,2022,12.99781181619256,16.40581434681557,-3.408002530623012,10.02055498458376,9.995547640249333,374.0,0,1.0,2322.0,True,2006,2018,-15.928769660980281
15204,COMBITA,BOYACA,Andina,2022,32.24339919566358,23.026984269824343,9.216414925839235,27.46886120996441,10.523498554758593,374.0,0,1.0,5851.0,True,2006,2018,-3.3043522045180342
15212,COPER,BOYACA,Andina,2022,9.9197247706422,15.502027269053128,-5.582302498410929,6.826801517067003,13.845644253063927,374.0,0,1.0,1766.0,True,2006,2018,-18.103069628768196
15215,CORRALES,BOYACA,Andina,2022,31.3190383365822,23.10723803703738,8.21180029954482,26.84172137126185,14.602662363856394,374.0,0,1.0,1570.0,True,2006,2018,-4.30896683081245
15218,COVARACHIA,BOYACA,Andina,2022,6.900878293601004,15.616514554910692,-8.715636261309688,4.242424242424243,26.831148804934465,374.0,0,1.0,1606.0,True,2006,2018,-21.236403391666958
15223,CUBARA,BOYACA,Andina,2022,44.15975885455916,32.74856821231482,11.411190642244335,41.36363636363637,61.10440555220278,374.0,0,1.0,2736.0,True,2006,2018,-1.1095764881129337
15224,CUCAITA,BOYACA,Andina,2022,37.914913510986445,28.29656866711944,9.618344843867003,41.20845921450151,10.962962962962964,374.0,0,1.0,2170.0,True,2006,2018,-2.902422286490266
15226,CUITIVA,BOYACA,Andina,2022,23.175182481751825,19.627878703403542,3.547303778348283,18.75637104994903,9.582309582309582,374.0,0,1.0,1105.0,True,2006,2018,-8.973463352008986
15172,CHINAVITA,BOYACA,Andina,2022,18.963414634146343,17.070233859806926,1.8931807743394167,11.154598825831702,13.359319631467043,374.0,0,1.0,1674.0,True,2006,2018,-10.627586356017853
15176,CHIQUINQUIRA,BOYACA,Andina,2022,29.91714562961857,19.775914550606874,10.141231079011696,20.10628504477362,5.280662854475435,374.0,0,1.0,27430.0,True,2006,2018,-2.379536051345573
15232,CHIQUIZA,BOYACA,Andina,2022,27.01404286770141,32.29239799199041,-5.278355124289003,50.28530670470756,17.759374281113413,374.0,0,1.0,2765.0,True,2006,2018,-17.79912225464627
15180,CHISCAS,BOYACA,Andina,2022,10.421686746987952,17.094978987445362,-6.67329224045741,7.631738340399758,28.826317256760525,374.0,0,1.0,1695.0,True,2006,2018,-19.194059370814678
15183,CHITA,BOYACA,Andina,2022,13.487781656616946,19.53333091797912,-6.045549261362176,10.85481682496608,42.7278603749192,374.0,0,1.0,3192.0,True,2006,2018,-18.566316391719447
15185,CHITARAQUE,BOYACA,Andina,2022,10.961810466760962,17.19112389269738,-6.229313425936418,9.26347760060744,22.92040694195093,374.0,0,1.0,2857.0,True,2006,2018,-18.75008055629369
15187,CHIVATA,BOYACA,Andina,2022,27.92701469842879,21.311778214622482,6.6152364838063065,20.65217391304348,20.553359683794465,374.0,0,1.0,2002.0,True,2006,2018,-5.905530646550963
15236,CHIVOR,BOYACA,Andina,2022,8.45213849287169,15.008053710424818,-6.555915217553128,4.887585532746823,16.836428999400837,374.0,0,1.0,995.0,True,2006,2018,-19.0766823479104
15238,DUITAMA,BOYACA,Andina,2022,41.013817607579945,22.623264040923207,18.390553566656738,28.08951699711796,3.382817786991271,374.0,0,1.0,64811.0,True,2006,2018,5.869786436299469
15244,EL COCUY,BOYACA,Andina,2022,12.31140615570308,17.25170863218631,-4.940302476483231,7.421249332621463,30.89574898785425,374.0,0,1.0,1709.0,True,2006,2018,-17.4610696068405
15248,EL ESPINO,BOYACA,Andina,2022,10.0080064051241,14.877469433810186,-4.869463028686086,5.372217958557176,13.130535232961108,374.0,0,1.0,1270.0,True,2006,2018,-17.390230159043355
15272,FIRAVITOBA,BOYACA,Andina,2022,37.729599518217405,22.258094281996485,15.47150523622092,26.354679802955665,6.530737390771118,374.0,0,1.0,3414.0,True,2006,2018,2.9507381058636515
15276,FLORESTA,BOYACA,Andina,2022,22.14498510427011,19.815342405527183,2.3296426987429264,17.88939051918736,15.67211055276382,374.0,0,1.0,2044.0,True,2006,2018,-10.191124431614343
15293,GACHANTIVA,BOYACA,Andina,2022,20.872971460548406,19.911376958150164,0.961594502398242,19.296116504854368,10.459183673469388,374.0,0,1.0,1824.0,True,2006,2018,-11.559172627959027
15296,GAMEZA,BOYACA,Andina,2022,16.14123581336696,18.25828809877782,-2.1170522854108604,13.901345291479824,14.630261660978384,374.0,0,1.0,2415.0,True,2006,2018,-14.63781941576813
15299,GARAGOA,BOYACA,Andina,2022,32.34686854783207,19.36251344084436,12.984355106987707,18.504171632896306,7.312012592115619,374.0,0,1.0,7481.0,True,2006,2018,0.4635879766304374
15317,GUACAMAYAS,BOYACA,Andina,2022,12.0,15.085772948660166,-3.085772948660166,6.284454244762955,11.678004535147393,374.0,0,1.0,865.0,True,2006,2018,-15.606540079017435
15322,GUATEQUE,BOYACA,Andina,2022,26.61789532920653,18.745621157881313,7.872274171325216,16.987310683585754,6.778816199376947,374.0,0,1.0,5479.0,True,2006,2018,-4.648492959032053
15325,GUAYATA,BOYACA,Andina,2022,14.116094986807386,15.983894243984535,-1.8677992571771487,9.0,9.9384914211719,374.0,0,1.0,2313.0,True,2006,2018,-14.388566387534418
15332,GUICAN DE LA SIERRA,BOYACA,Andina,2022,33.14285714285714,24.337205014980725,8.805652127876414,26.43962848297214,29.744897959183675,374.0,0,1.0,1648.0,True,2006,2018,-3.7151150024808555
15362,IZA,BOYACA,Andina,2022,29.07588279489106,18.40850559848863,10.66737719640243,15.785256410256409,8.539094650205762,374.0,0,1.0,1354.0,True,2006,2018,-1.8533899339548388
15367,JENESANO,BOYACA,Andina,2022,24.09167132476244,20.778418295833436,3.3132530289290045,21.109817617384557,12.11160431198478,374.0,0,1.0,3641.0,True,2006,2018,-9.207514101428265
15368,JERICO,BOYACA,Andina,2022,11.030303030303031,18.405207166867335,-7.374904136564304,9.45142101784534,36.07344632768361,374.0,0,1.0,1674.0,True,2006,2018,-19.895671266921575
15377,LABRANZAGRANDE,BOYACA,Andina,2022,16.80327868852459,19.118467533839087,-2.3151888453144984,11.021505376344086,37.00813008130081,374.0,0,1.0,1734.0,True,2006,2018,-14.835955975671768
15380,LA CAPILLA,BOYACA,Andina,2022,20.298710115410724,19.66744984937877,0.6312602660319548,19.284149013878743,7.136602451838879,374.0,0,1.0,1501.0,True,2006,2018,-11.889506864325314
15403,LA UVITA,BOYACA,Andina,2022,10.211524434719182,14.763997029920866,-4.552472595201683,5.003734129947722,13.121845710165823,374.0,0,1.0,1399.0,True,2006,2018,-17.073239725558953
15401,LA VICTORIA,BOYACA,Andina,2022,13.212795549374132,16.64807294477054,-3.435277395396408,9.212121212121213,16.84100418410042,374.0,0,1.0,722.0,True,2006,2018,-15.956044525753677
15407,VILLA DE LEYVA,BOYACA,Andina,2022,29.52380952380953,18.945433942326734,10.578375581482796,17.19967750604676,8.270834793579589,374.0,0,1.0,9314.0,True,2006,2018,-1.9423915488744736
15425,MACANAL,BOYACA,Andina,2022,17.658930373360242,16.33141010342588,1.327520269934361,10.415570752235666,7.878270762229807,374.0,0,1.0,2013.0,True,2006,2018,-11.193246860422908
15442,MARIPI,BOYACA,Andina,2022,10.042134831460674,16.935265914186637,-6.893131082725963,6.493506493506493,32.03212551363467,374.0,0,1.0,2861.0,True,2006,2018,-19.413898213083232
15455,MIRAFLORES,BOYACA,Andina,2022,37.61275435284246,26.478701047767075,11.134053305075383,37.12335216572505,7.683863885839736,374.0,0,1.0,4895.0,True,2006,2018,-1.3867138252818858
15464,MONGUA,BOYACA,Andina,2022,12.49084249084249,16.805858130508813,-4.315015639666322,8.751458576429405,20.813953488372093,374.0,0,1.0,2755.0,True,2006,2018,-16.83578277002359
15466,MONGUI,BOYACA,Andina,2022,26.81336593317033,20.743790027613603,6.069575905556729,21.103117505995204,12.066752246469832,374.0,0,1.0,2520.0,True,2006,2018,-6.4511912248005405
15469,MONIQUIRA,BOYACA,Andina,2022,26.78650885467652,21.434035208677763,5.3524736459987565,23.407660300864183,9.832099482266417,374.0,0,1.0,11517.0,True,2006,2018,-7.168293484358513
15476,MOTAVITA,BOYACA,Andina,2022,39.98870375600113,29.599747563403042,10.388956192598087,43.77372817008352,15.269804822043628,374.0,0,1.0,3611.0,True,2006,2018,-2.131810937759182
15480,MUZO,BOYACA,Andina,2022,19.011598587997984,18.752565297211145,0.2590332907868387,13.228809407153356,23.06242934304736,374.0,0,1.0,4048.0,True,2006,2018,-12.26173383957043
15491,NOBSA,BOYACA,Andina,2022,53.085477540340165,28.549992605949264,24.5354849343909,43.66666666666666,4.033854344413351,374.0,0,1.0,9396.0,True,2006,2018,12.014717804033632
15494,NUEVO COLON,BOYACA,Andina,2022,29.179216867469883,23.92474501704512,5.254471850424764,28.74454677653902,15.215654952076678,374.0,0,1.0,2712.0,True,2006,2018,-7.266295279932505
15500,OICATA,BOYACA,Andina,2022,33.14794215795328,22.285800943909827,10.862141214043454,26.448362720403026,6.614229531641044,374.0,0,1.0,1832.0,True,2006,2018,-1.6586259163138148
15507,OTANCHE,BOYACA,Andina,2022,14.079520697167755,16.679242883937274,-2.599722186769519,6.826347305389222,27.571898697953927,374.0,0,1.0,3729.0,True,2006,2018,-15.120489317126788
15511,PACHAVITA,BOYACA,Andina,2022,19.6877710320902,16.88122905546301,2.806541976627191,11.609756097560975,8.624502432551969,374.0,0,1.0,1173.0,True,2006,2018,-9.714225153730078
15514,PAEZ,BOYACA,Andina,2022,15.7208088714938,17.24763756320336,-1.526828691709559,11.579651941097724,13.23076923076923,374.0,0,1.0,1558.0,True,2006,2018,-14.047595822066828
15516,PAIPA,BOYACA,Andina,2022,36.249276277698826,21.371870879667235,14.877405398031591,24.37325038880249,5.116249155867125,374.0,0,1.0,19432.0,True,2006,2018,2.356638267674322
15518,PAJARITO,BOYACA,Andina,2022,15.606936416184972,16.093585855555645,-0.48664943937067306,9.029345372460496,11.347150259067355,374.0,0,1.0,1051.0,True,2006,2018,-13.007416569727942
15522,PANQUEBA,BOYACA,Andina,2022,13.209876543209877,15.49004600800651,-2.280169464796634,6.526806526806526,15.19456454601606,374.0,0,1.0,823.0,True,2006,2018,-14.800936595153903
15531,PAUNA,BOYACA,Andina,2022,19.530416221985057,21.56897879177039,-2.0385625697853342,20.1338199513382,25.948072383949647,374.0,0,1.0,3807.0,True,2006,2018,-14.559329700142603
15533,PAYA,BOYACA,Andina,2022,11.88118811881188,22.492534896939322,-10.611346778127443,14.750290360046458,59.34012615235323,374.0,0,1.0,934.0,True,2006,2018,-23.132113908484712
15537,PAZ DE RIO,BOYACA,Andina,2022,45.934065934065934,27.04536911327797,18.888696820787963,38.88637392485288,7.103960396039604,374.0,0,1.0,2333.0,True,2006,2018,6.367929690430694
15542,PESCA,BOYACA,Andina,2022,19.79875702870672,18.509911839237546,1.2888451894691748,15.029300241296104,12.855844942459116,374.0,0,1.0,3436.0,True,2006,2018,-11.231921940888094
15550,PISBA,BOYACA,Andina,2022,21.671826625387,20.75430050638798,0.9175261189990174,16.240875912408757,34.007585335018966,374.0,0,1.0,659.0,True,2006,2018,-11.603241011358252
15572,PUERTO BOYACA,BOYACA,Andina,2022,22.945609733950786,19.022422667059423,3.923187066891362,15.973874740519468,14.207278337417188,374.0,0,1.0,22844.0,True,2006,2018,-8.597580063465907
15580,QUIPAMA,BOYACA,Andina,2022,12.843660237997536,18.892500927488328,-6.048840689490792,9.6932979931844,40.46256556986171,374.0,0,1.0,2473.0,True,2006,2018,-18.56960781984806
15599,RAMIRIQUI,BOYACA,Andina,2022,25.87121212121212,21.33181442831906,4.539397692893061,22.558425584255843,12.220943613348677,374.0,0,1.0,5375.0,True,2006,2018,-7.981369437464208
15600,RAQUIRA,BOYACA,Andina,2022,22.22222222222222,19.32612156804769,2.896100654174532,16.72876304023845,14.03725006847439,374.0,0,1.0,3327.0,True,2006,2018,-9.624666476182737
15621,RONDON,BOYACA,Andina,2022,21.095484826054776,19.408437352549385,1.687047473505391,18.52159468438538,7.9113924050632916,374.0,0,1.0,1367.0,True,2006,2018,-10.833719656851878
15632,SABOYA,BOYACA,Andina,2022,28.1477627471384,22.70337370159551,5.444389045542891,25.37254122789589,15.993190574321297,374.0,0,1.0,5931.0,True,2006,2018,-7.076378084814378
15638,SACHICA,BOYACA,Andina,2022,25.63629656953153,21.06106523438961,4.575231335141922,22.63083451202263,9.019282604188264,374.0,0,1.0,2759.0,True,2006,2018,-7.945535795215347
15646,SAMACA,BOYACA,Andina,2022,26.856516976998908,21.02403293519042,5.832484041808488,22.42837653478854,9.282241921647126,374.0,0,1.0,9351.0,True,2006,2018,-6.688283088548781
15660,SAN EDUARDO,BOYACA,Andina,2022,24.91186839012926,21.417087572241627,3.4947808178876336,22.51572327044025,12.066752246469832,374.0,0,1.0,873.0,True,2006,2018,-9.025986312469636
15664,SAN JOSE DE PARE,BOYACA,Andina,2022,13.237311385459533,17.822066957633908,-4.584755572174375,12.055888223552891,17.711464147702877,374.0,0,1.0,2941.0,True,2006,2018,-17.105522702531644
15667,SAN LUIS DE GACENO,BOYACA,Andina,2022,11.172006745362562,15.48059828726053,-4.308591541897968,6.4856100526955816,15.284516982796648,374.0,0,1.0,2411.0,True,2006,2018,-16.82935867225524
15673,SAN MATEO,BOYACA,Andina,2022,8.395721925133689,15.122407755906114,-6.726685830772425,4.381049414161997,20.471726640459632,374.0,0,1.0,1896.0,True,2006,2018,-19.247452961129696
15676,SAN MIGUEL DE SEMA,BOYACA,Andina,2022,16.729088639201,16.53978837183506,0.1893002673659403,10.63238359972203,8.89348500517063,374.0,0,1.0,1639.0,True,2006,2018,-12.331466862991329
15681,SAN PABLO DE BORBUR,BOYACA,Andina,2022,10.889414947582008,16.947027367745633,-6.057612420163625,8.602494403581709,22.5501973571306,374.0,0,1.0,3010.0,True,2006,2018,-18.578379550520893
15686,SANTANA,BOYACA,Andina,2022,18.7937937937938,20.595240813567944,-1.8014470197741446,20.0,15.357509910438996,374.0,0,1.0,4037.0,True,2006,2018,-14.322214150131414
15690,SANTA MARIA,BOYACA,Andina,2022,26.56599552572707,19.556653881197043,7.0093416445300285,18.02743305029393,10.830908503071452,374.0,0,1.0,1858.0,True,2006,2018,-5.511425485827241
15693,SANTA ROSA DE VITERBO,BOYACA,Andina,2022,26.587913028590997,18.62855187956532,7.959361149025675,16.87843732220747,6.295511107014471,374.0,0,1.0,5959.0,True,2006,2018,-4.561405981331594
15696,SANTA SOFIA,BOYACA,Andina,2022,12.49321021184139,15.938127760570913,-3.4449175487295225,8.81477069684336,10.054719562243502,374.0,0,1.0,1872.0,True,2006,2018,-15.965684679086792
15720,SATIVANORTE,BOYACA,Andina,2022,13.48057882711348,16.195961878108587,-2.715383050995108,7.079646017699115,21.16076014381099,374.0,0,1.0,1325.0,True,2006,2018,-15.236150181352377
15723,SATIVASUR,BOYACA,Andina,2022,23.18339100346021,18.77779835634227,4.405592647117938,16.969696969696972,7.662835249042145,374.0,0,1.0,604.0,True,2006,2018,-8.11517448323933
15740,SIACHOQUE,BOYACA,Andina,2022,21.19153383851581,20.008929996076684,1.182603842439125,17.292057535959977,19.777410136862684,374.0,0,1.0,3908.0,True,2006,2018,-11.338163287918144
15753,SOATA,BOYACA,Andina,2022,22.561640846607027,17.537493087200104,5.024147759406922,13.680926916221036,7.592242194891202,374.0,0,1.0,4680.0,True,2006,2018,-7.496619370950347
15755,SOCOTA,BOYACA,Andina,2022,22.277889111556444,20.788818750090492,1.4890703614659522,17.68826619964974,27.30974445380511,374.0,0,1.0,3074.0,True,2006,2018,-11.031696768891317
15757,SOCHA,BOYACA,Andina,2022,30.699844479004668,22.084891158023016,8.614953320981652,25.23725834797891,9.016940109377083,374.0,0,1.0,3340.0,True,2006,2018,-3.9058138093756174
15759,SOGAMOSO,BOYACA,Andina,2022,41.739143867888096,22.13806570390066,19.601078163987435,26.73549975213251,3.593215233090383,374.0,0,1.0,66377.0,True,2006,2018,7.080311033630165
15761,SOMONDOCO,BOYACA,Andina,2022,21.34308510638298,19.05635007299643,2.286735033386549,17.32824427480916,8.925549915397632,374.0,0,1.0,1531.0,True,2006,2018,-10.23403209697072
15762,SORA,BOYACA,Andina,2022,31.719532554257096,24.995554890629226,6.7239776636278705,31.5748031496063,14.810518174787315,374.0,0,1.0,1820.0,True,2006,2018,-5.796789466729399
15764,SORACA,BOYACA,Andina,2022,25.59652928416486,20.742805729956096,4.853723554208763,21.26531964226565,11.300785250938889,374.0,0,1.0,3745.0,True,2006,2018,-7.667043576148506
15763,SOTAQUIRA,BOYACA,Andina,2022,19.77687626774848,19.0562445739347,0.7206316938137824,15.233485193621869,18.35785238274865,374.0,0,1.0,4044.0,True,2006,2018,-11.800135436543487
15774,SUSACON,BOYACA,Andina,2022,14.256480218281038,16.881665616791135,-2.625185398510098,10.211267605633804,14.990215264187867,374.0,0,1.0,1487.0,True,2006,2018,-15.145952528867367
15776,SUTAMARCHAN,BOYACA,Andina,2022,24.345757335448056,18.55208756741836,5.7936697680296945,15.545376467220152,11.138140747176369,374.0,0,1.0,3823.0,True,2006,2018,-6.727097362327575
15778,SUTATENZA,BOYACA,Andina,2022,21.62162162162162,18.2802513215549,3.341370300066721,14.673913043478262,11.749497270899166,374.0,0,1.0,2235.0,True,2006,2018,-9.179396830290548
15790,TASCO,BOYACA,Andina,2022,31.52594887683966,23.435036508221962,8.090912368617698,28.58560794044665,10.75875486381323,374.0,0,1.0,2636.0,True,2006,2018,-4.429854761739572
15798,TENZA,BOYACA,Andina,2022,17.46592629984856,17.2295077293,0.23641857054856175,12.281722933643772,9.39871570344425,374.0,0,1.0,2015.0,True,2006,2018,-12.284348559808707
15804,TIBANA,BOYACA,Andina,2022,23.933350164099977,22.274074823632546,1.6592753404674312,24.564926372155288,14.587791063561989,374.0,0,1.0,4061.0,True,2006,2018,-10.861491789889838
15806,TIBASOSA,BOYACA,Andina,2022,39.0295358649789,23.146974034159136,15.88256183081976,28.653348131705517,6.997005172883202,374.0,0,1.0,6301.0,True,2006,2018,3.3617947004624913
15808,TINJACA,BOYACA,Andina,2022,32.0019249278152,22.67699060168717,9.324934326128034,26.258581235697942,11.885674451028232,374.0,0,1.0,2095.0,True,2006,2018,-3.1958328042292354
15810,TIPACOQUE,BOYACA,Andina,2022,17.439293598233995,18.101425890845757,-0.6621322926117621,11.241507103150091,24.41344324667089,374.0,0,1.0,1832.0,True,2006,2018,-13.182899422969031
15814,TOCA,BOYACA,Andina,2022,25.57172557172557,21.91624295051593,3.6554826212096394,24.59966869133076,9.888595383025152,374.0,0,1.0,4918.0,True,2006,2018,-8.86528450914763
15816,TOGUI,BOYACA,Andina,2022,14.552069122328332,18.316952005761237,-3.7648828834329056,11.57194060419867,25.35511363636364,374.0,0,1.0,2245.0,True,2006,2018,-16.285650013790175
15820,TOPAGA,BOYACA,Andina,2022,22.92328642759873,20.96969743060406,1.953588996994668,21.71875,12.149532710280374,374.0,0,1.0,2276.0,True,2006,2018,-10.567178133362601
15822,TOTA,BOYACA,Andina,2022,16.608824987605356,17.543333173926616,-0.9345081863212599,11.616766467065869,16.71081677704194,374.0,0,1.0,2051.0,True,2006,2018,-13.455275316678529
15832,TUNUNGUA,BOYACA,Andina,2022,23.8353196099675,23.618824576166254,0.21649503380124457,26.666666666666668,20.9043250327654,374.0,0,1.0,930.0,True,2006,2018,-12.304272096556025
15835,TURMEQUE,BOYACA,Andina,2022,24.715189873417724,21.002370740307263,3.712819133110461,21.664626682986537,12.133676092544988,374.0,0,1.0,3248.0,True,2006,2018,-8.807947997246808
15837,TUTA,BOYACA,Andina,2022,30.26090268520282,21.36113720271082,8.899765482491997,22.809040590405903,11.727864423431168,374.0,0,1.0,5343.0,True,2006,2018,-3.6210016478652722
15839,TUTAZA,BOYACA,Andina,2022,24.390243902439025,24.86530773186978,-0.47506382943075565,31.08910891089109,15.997770345596432,374.0,0,1.0,1338.0,True,2006,2018,-12.995830959788025
15842,UMBITA,BOYACA,Andina,2022,18.44851904090268,18.559407250202206,-0.11088820929952448,15.753210147196995,10.195510499637944,374.0,0,1.0,3601.0,True,2006,2018,-12.631655339656794
15861,VENTAQUEMADA,BOYACA,Andina,2022,27.80960775672102,24.198415988635638,3.6111917680853836,31.45328069185937,6.705309861170746,374.0,0,1.0,6937.0,True,2006,2018,-8.909575362271886
15879,VIRACACHA,BOYACA,Andina,2022,15.010423905489922,17.47814431860503,-2.4677204131151065,12.10967250571211,13.24554608830364,374.0,0,1.0,1469.0,True,2006,2018,-14.988487543472376
15897,ZETAQUIRA,BOYACA,Andina,2022,26.736672051696285,21.45974773265212,5.276924319044166,21.28192288432649,19.405430711610485,374.0,0,1.0,2518.0,True,2006,2018,-7.243842811313103
17001,MANIZALES,CALDAS,Andina,2022,34.777212361921315,15.524279032460196,19.25293332946112,8.599796460396654,6.20234552243708,283.0,0,1.0,219361.0,True,2006,2018,6.732166199103849
17013,AGUADAS,CALDAS,Andina,2022,11.605950791531566,13.608379995768,-2.002429204236435,2.5077399380804954,11.006090133982948,283.0,0,1.0,10892.0,True,2006,2018,-14.523196334593704
17042,ANSERMA,CALDAS,Andina,2022,21.492921492921493,14.907888894551867,6.585032598369626,5.949547834364588,10.66543673261658,283.0,0,1.0,15513.0,True,2006,2018,-5.935734531987643
17050,ARANZAZU,CALDAS,Andina,2022,12.394662921348315,13.352817252689107,-0.9581543313407916,2.069211559043881,9.833570123807592,283.0,0,1.0,5923.0,True,2006,2018,-13.47892146169806
17088,BELALCAZAR,CALDAS,Andina,2022,23.253410500206694,14.999773393697046,8.253637106509649,4.627392677940903,17.824241796915434,283.0,0,1.0,5031.0,True,2006,2018,-4.267130023847621
17174,CHINCHINA,CALDAS,Andina,2022,31.34304401910036,14.999646429561565,16.343397589538796,6.757323931839167,7.992049360221955,283.0,0,1.0,26213.0,True,2006,2018,3.8226304591815268
17272,FILADELFIA,CALDAS,Andina,2022,17.282889079965607,14.189237758828991,3.0936513211366155,4.032078413900646,10.849890772911682,283.0,0,1.0,4797.0,True,2006,2018,-9.427115809220654
17380,LA DORADA,CALDAS,Andina,2022,24.91016734540228,17.72503208129334,7.18513526410894,12.939753737906774,12.600237385287905,283.0,0,1.0,30496.0,True,2006,2018,-5.335631866248329
17388,LA MERCED,CALDAS,Andina,2022,18.983957219251337,14.454707959233566,4.529249260017771,4.326923076923077,12.246431254695718,283.0,0,1.0,2726.0,True,2006,2018,-7.991517870339498
17433,MANZANARES,CALDAS,Andina,2022,14.669638175144206,14.6564657626893,0.013172412454906635,3.837118245888802,17.137316688886195,283.0,0,1.0,7862.0,True,2006,2018,-12.507594717902363
17442,MARMATO,CALDAS,Andina,2022,26.05071205279611,16.999290062031136,9.051421990764975,10.466004583651642,14.661166764879198,283.0,0,1.0,3054.0,True,2006,2018,-3.469345139592294
17444,MARQUETALIA,CALDAS,Andina,2022,11.674008810572689,14.00378796299319,-2.3297791524205014,3.1467936723932644,12.716284460634158,283.0,0,1.0,6065.0,True,2006,2018,-14.85054628277777
17446,MARULANDA,CALDAS,Andina,2022,15.052732502396932,13.338811586654373,1.713920915742559,2.406417112299465,7.880826525708794,283.0,0,1.0,1081.0,True,2006,2018,-10.80684621461471
17486,NEIRA,CALDAS,Andina,2022,20.79968868566981,14.510843308657495,6.288845377012315,4.642372552820314,11.775976418570377,283.0,0,1.0,10751.0,True,2006,2018,-6.231921753344954
17495,NORCASIA,CALDAS,Andina,2022,24.48780487804878,16.78721338541429,7.700591492634491,9.083969465648854,18.012108980827445,283.0,0,1.0,3175.0,True,2006,2018,-4.8201756377227785
17513,PACORA,CALDAS,Andina,2022,11.998139823283212,14.075409710860605,-2.0772698875773923,3.1787645420285107,13.255315894141043,283.0,0,1.0,6805.0,True,2006,2018,-14.598037017934661
17524,PALESTINA,CALDAS,Andina,2022,39.003984063745015,14.813347621147273,24.190636442597743,6.0441972779159965,9.251297257227575,283.0,0,1.0,7913.0,True,2006,2018,11.669869312240474
17541,PENSILVANIA,CALDAS,Andina,2022,15.477839335180054,14.029017086392635,1.448822248787419,3.6543323373937024,10.703220903723622,283.0,0,1.0,9047.0,True,2006,2018,-11.07194488156985
17614,RIOSUCIO,CALDAS,Andina,2022,35.301899272418034,19.17165545114022,16.130243821277812,17.041378265043196,11.313838207114888,283.0,0,1.0,22305.0,True,2006,2018,3.609476690920543
17616,RISARALDA,CALDAS,Andina,2022,20.55455093429777,14.361894083592562,6.192656850705207,4.364596021112464,11.46341463414634,283.0,0,1.0,5193.0,True,2006,2018,-6.328110279652062
17653,SALAMINA,CALDAS,Andina,2022,21.58252977878616,14.559539559768071,7.022990219018089,5.115606936416185,10.297427163797822,283.0,0,1.0,7383.0,True,2006,2018,-5.49777691133918
17662,SAMANA,CALDAS,Andina,2022,17.226463104325703,14.980162595255551,2.246300509070151,5.537768291236808,13.53305785123967,283.0,0,1.0,8122.0,True,2006,2018,-10.274466621287118
17665,SAN JOSE,CALDAS,Andina,2022,21.26482213438735,14.586678646146776,6.6781434882405755,4.416282642089094,13.7511071744907,283.0,0,1.0,2601.0,True,2006,2018,-5.842623642116694
17777,SUPIA,CALDAS,Andina,2022,26.79756141294603,16.596829967924556,10.200731445021475,10.258797244460997,11.181363140265702,283.0,0,1.0,12150.0,True,2006,2018,-2.320035685335794
17867,VICTORIA,CALDAS,Andina,2022,17.577948486217803,14.965187616570747,2.6127608696470563,5.418138987043581,13.549337260677468,283.0,0,1.0,4539.0,True,2006,2018,-9.908006260710213
17873,VILLAMARIA,CALDAS,Andina,2022,33.27322907083717,15.110857099882928,18.16237197095424,7.353984393473634,6.861227681064607,283.0,0,1.0,28445.0,True,2006,2018,5.641604840596971
17877,VITERBO,CALDAS,Andina,2022,19.145721741519026,14.569301648335317,4.5764200931837085,5.526957464101869,8.724346076458753,283.0,0,1.0,7573.0,True,2006,2018,-7.944347037173561
19001,POPAYAN,CAUCA,Pacifica,2022,62.30215451691437,27.85867643607459,34.44347808083978,39.35921068536202,9.097438265158427,34383.0,0,1.0,158792.0,True,2006,2018,21.92271095048251
19022,ALMAGUER,CAUCA,Pacifica,2022,92.1655945901369,44.69050088321406,47.47509370692285,78.44187963726299,33.69848090540459,34383.0,0,1.0,6170.0,True,2006,2018,34.95432657656558
19050,ARGELIA,CAUCA,Pacifica,2022,89.31665922286736,45.826997240546135,43.48966198232122,83.76383763837639,23.39774153074028,34383.0,0,1.0,11690.0,True,2006,2018,30.968894851963952
19075,BALBOA,CAUCA,Pacifica,2022,86.03139563404464,44.146808278492486,41.884587355552156,80.02262809115888,20.36077020736352,34383.0,0,1.0,8425.0,True,2006,2018,29.363820225194885
19100,BOLIVAR,CAUCA,Pacifica,2022,85.52201070791196,40.514505878985815,45.007504828926145,68.74123422159887,27.48631578947369,34383.0,0,1.0,13799.0,True,2006,2018,32.486737698568874
19110,BUENOS AIRES,CAUCA,Pacifica,2022,59.3172311428957,25.18199638083542,34.13523476206028,30.755370755370752,15.180694246314788,34383.0,0,1.0,8314.0,True,2006,2018,21.614467631703008
19130,CAJIBIO,CAUCA,Pacifica,2022,57.35720716214865,30.232606798694988,27.12460036345366,42.25109220510463,23.558244144563364,34383.0,0,1.0,10527.0,True,2006,2018,14.60383323309639
19137,CALDONO,CAUCA,Pacifica,2022,79.09327387588257,39.554363303033156,39.53891057284942,67.048417132216,23.77528841330881,34383.0,0,1.0,13866.0,True,2006,2018,27.018143442492146
19142,CALOTO,CAUCA,Pacifica,2022,74.82657751776013,35.07755161970861,39.74902589805152,55.29910504003768,22.910069664344523,34383.0,0,1.0,12472.0,True,2006,2018,27.22825876769425
19212,CORINTO,CAUCA,Pacifica,2022,77.0244478778515,34.62587821193259,42.39856966591891,54.9869556492073,18.84158461609578,34383.0,0,1.0,11412.0,True,2006,2018,29.877802535561642
19256,EL TAMBO,CAUCA,Pacifica,2022,55.799848369977255,26.790695070314417,29.009153299662838,33.14990959830202,23.404918330779815,34383.0,0,1.0,15469.0,True,2006,2018,16.48838616930557
19290,FLORENCIA,CAUCA,Pacifica,2022,79.78468899521532,34.401944463968576,45.38274453124674,56.01873536299766,12.261741010021614,34383.0,0,1.0,2619.0,True,2006,2018,32.86197740088947
19318,GUAPI,CAUCA,Pacifica,2022,90.01085776330075,43.88994394604285,46.1209138172579,67.73590781687948,70.68349106203996,34383.0,0,1.0,7529.0,True,2006,2018,33.60014668690063
19300,GUACHENE,CAUCA,Pacifica,2022,81.59322769698285,31.137771960895584,50.455455736087266,48.93265565438373,4.953276076270729,34383.0,0,1.0,9824.0,True,2006,2018,37.934688605729995
19355,INZA,CAUCA,Pacifica,2022,74.11493330658911,38.75626171163,35.358671594959105,66.0125107322458,19.003397508493773,34383.0,0,1.0,10219.0,True,2006,2018,22.837904464601834
19364,JAMBALO,CAUCA,Pacifica,2022,93.87040280210157,46.49944545620694,47.370957345894624,87.38902340597255,15.57512383048982,34383.0,0,1.0,6413.0,True,2006,2018,34.85019021553735
19392,LA SIERRA,CAUCA,Pacifica,2022,64.04422708909206,32.8578446419044,31.18638244718766,49.35459377372817,23.02969300452944,34383.0,0,1.0,4900.0,True,2006,2018,18.66561531683039
19397,LA VEGA,CAUCA,Pacifica,2022,76.88293370944993,37.03453027725317,39.84840343219676,61.87936741449063,16.98943216868079,34383.0,0,1.0,7263.0,True,2006,2018,27.32763630183949
19418,LOPEZ DE MICAY,CAUCA,Pacifica,2022,85.09009009009009,32.05393672485967,53.03615336523042,42.83121597096189,42.77303697823642,34383.0,0,1.0,4539.0,True,2006,2018,40.51538623487315
19450,MERCADERES,CAUCA,Pacifica,2022,81.86397984886649,40.23808154333585,41.62589830553064,68.48698375415933,25.503174388761312,34383.0,0,1.0,6520.0,True,2006,2018,29.10513117517337
19455,MIRANDA,CAUCA,Pacifica,2022,76.23218527315915,34.158299152428384,42.07388612073076,55.97263787943566,9.337771548703572,34383.0,0,1.0,14026.0,True,2006,2018,29.55311899037349
19473,MORALES,CAUCA,Pacifica,2022,59.82461838259175,29.14985209383235,30.6747662887594,38.62992531547773,27.07737835020345,34383.0,0,1.0,9673.0,True,2006,2018,18.15399915840213
19513,PADILLA,CAUCA,Pacifica,2022,80.81983805668015,33.5437346473732,47.276103409306955,54.48814169918943,8.319068812050668,34383.0,0,1.0,4288.0,True,2006,2018,34.755336278949684
19517,PAEZ,CAUCA,Pacifica,2022,79.41334768568353,38.46414451965086,40.949203166032675,64.61764042409203,21.657490890715177,34383.0,0,1.0,11525.0,True,2006,2018,28.428436035675404
19532,PATIA,CAUCA,Pacifica,2022,78.82905314078396,36.08938243568065,42.73967070510331,58.5227867993714,20.67628080815204,34383.0,0,1.0,14635.0,True,2006,2018,30.218903574746037
19533,PIAMONTE,CAUCA,Pacifica,2022,56.242796772954286,33.929038732322624,22.31375804063166,52.44403837368662,21.67321729365525,34383.0,0,1.0,2700.0,True,2006,2018,9.792990910274392
19548,PIENDAMO  TUNIA,CAUCA,Pacifica,2022,50.3147154309945,24.138021889377594,26.176693541616903,28.416705625681782,13.515863971690758,34383.0,0,1.0,15803.0,True,2006,2018,13.655926411259633
19573,PUERTO TEJADA,CAUCA,Pacifica,2022,84.5651851485638,36.49560311559405,48.06958203296975,62.42420674633543,7.976011994002999,34383.0,0,1.0,21063.0,True,2006,2018,35.54881490261248
19585,PURACE,CAUCA,Pacifica,2022,67.68715083798882,31.731998244097884,35.95515259389094,46.89673622257892,20.75041876046901,34383.0,0,1.0,4666.0,True,2006,2018,23.434385463533673
19622,ROSAS,CAUCA,Pacifica,2022,57.07248416608023,27.490596893893553,29.581887272186677,36.27992633517496,18.15552699228792,34383.0,0,1.0,4475.0,True,2006,2018,17.061120141829406
19693,SAN SEBASTIAN,CAUCA,Pacifica,2022,76.1574074074074,27.064552859617045,49.09285454779036,35.79935041501263,15.835807145050673,34383.0,0,1.0,3100.0,True,2006,2018,36.57208741743309
19698,SANTANDER DE QUILICHAO,CAUCA,Pacifica,2022,65.60461336361409,29.395881338699148,36.208732024914944,42.64747030244448,12.193229013718168,34383.0,0,1.0,47424.0,True,2006,2018,23.687964894557673
19701,SANTA ROSA,CAUCA,Pacifica,2022,72.31907025884838,34.409300830181344,37.90976942866704,50.684116597263525,35.618090452261306,34383.0,0,1.0,1942.0,True,2006,2018,25.38900229830977
19743,SILVIA,CAUCA,Pacifica,2022,80.82358304209086,39.90186158920197,40.92172145288889,70.10365029292474,14.176153385260635,34383.0,0,1.0,13636.0,True,2006,2018,28.400954322531618
19760,SOTARA PAISPAMBA,CAUCA,Pacifica,2022,65.58966074313409,31.96378953131451,33.62587121181958,47.99010513296228,18.5554903112155,34383.0,0,1.0,3895.0,True,2006,2018,21.105104081462308
19785,SUCRE,CAUCA,Pacifica,2022,92.16182048040456,45.035742819567346,47.12607766083721,78.92215568862275,35.47814868569586,34383.0,0,1.0,3208.0,True,2006,2018,34.60531053047994
19780,SUAREZ,CAUCA,Pacifica,2022,70.05347593582889,30.133673495951356,39.91980243987753,40.753828032979975,28.57215654300856,34383.0,0,1.0,8005.0,True,2006,2018,27.399035309520258
19807,TIMBIO,CAUCA,Pacifica,2022,57.44934445768772,27.09883567885842,30.3505087788293,35.38549121665582,17.466583773702208,34383.0,0,1.0,15797.0,True,2006,2018,17.82974164847203
19809,TIMBIQUI,CAUCA,Pacifica,2022,96.20666213460233,35.70774045498884,60.49892167961349,47.63341804320203,64.12510409919497,34383.0,0,1.0,7433.0,True,2006,2018,47.97815454925622
19821,TORIBIO,CAUCA,Pacifica,2022,92.45652337574344,45.687938332626025,46.76858504311742,83.62819164196232,22.50603510145495,34383.0,0,1.0,13490.0,True,2006,2018,34.24781791276015
19824,TOTORO,CAUCA,Pacifica,2022,80.91965308460153,40.81218964581879,40.107463438782744,69.93502658003544,25.730713943459516,34383.0,0,1.0,6272.0,True,2006,2018,27.586696308425473
19845,VILLA RICA,CAUCA,Pacifica,2022,84.97359060040961,36.054429887478534,48.919160712931074,60.55058131765336,11.177442567027343,34383.0,0,1.0,9699.0,True,2006,2018,36.3983935825738
20001,VALLEDUPAR,CESAR,Caribe,2022,48.95044048870682,28.245830292575732,20.704610196131085,39.53563978217876,17.826291162243546,3473.0,0,1.0,169921.0,True,2006,2018,8.183843065773816
20011,AGUACHICA,CESAR,Caribe,2022,26.65533992198904,20.475878678615388,6.179461243373652,18.786290529777503,18.79474190982543,3473.0,0,1.0,42835.0,True,2006,2018,-6.341305886983617
20013,AGUSTIN CODAZZI,CESAR,Caribe,2022,49.56790399856714,27.014406470601195,22.553497527965945,33.79838406614055,28.66695168875588,3473.0,0,1.0,22914.0,True,2006,2018,10.032730397608676
20032,ASTREA,CESAR,Caribe,2022,42.58638285464353,28.295200596724776,14.291182257918756,35.15569959137664,37.75089508516871,3473.0,0,1.0,6983.0,True,2006,2018,1.7704151275614866
20045,BECERRIL,CESAR,Caribe,2022,63.10310873540582,35.70880486572473,27.39430386968109,55.23716789539574,35.52310247142717,3473.0,0,1.0,7310.0,True,2006,2018,14.87353673932382
20060,BOSCONIA,CESAR,Caribe,2022,47.92681229998609,29.609931903745153,18.316880396240936,40.00147470874502,31.77151390703752,3473.0,0,1.0,14690.0,True,2006,2018,5.796113265883667
20228,CURUMANI,CESAR,Caribe,2022,47.57888614221317,28.774424434054474,18.804461708158698,38.45360006350718,28.6624752389975,3473.0,0,1.0,14096.0,True,2006,2018,6.283694577801429
20175,CHIMICHAGUA,CESAR,Caribe,2022,39.75308641975309,25.735644351403685,14.017442068349403,30.077044646384827,30.37130021141649,3473.0,0,1.0,10276.0,True,2006,2018,1.4966749379921342
20178,CHIRIGUANA,CESAR,Caribe,2022,56.24135067810684,30.992343357400102,25.24900732070674,45.13757822588656,25.45966785290629,3473.0,0,1.0,11051.0,True,2006,2018,12.728240190349469
20238,EL COPEY,CESAR,Caribe,2022,60.83640189374013,32.24487154342056,28.591530350319573,48.078891059633456,26.984238178633976,3473.0,0,1.0,11628.0,True,2006,2018,16.070763219962302
20250,EL PASO,CESAR,Caribe,2022,68.61802059066656,37.1613314521881,31.45668913847846,62.04049014384656,22.784517619872904,3473.0,0,1.0,13644.0,True,2006,2018,18.93592200812119
20295,GAMARRA,CESAR,Caribe,2022,26.29035042292422,21.441926712151663,4.848423710772558,20.315981365201537,23.36065573770492,3473.0,0,1.0,5868.0,True,2006,2018,-7.6723434195847116
20310,GONZALEZ,CESAR,Caribe,2022,18.508885999133074,20.195057120909233,-1.6861711217761588,17.292746113989637,21.24442240951909,3473.0,0,1.0,2352.0,True,2006,2018,-14.206938252133428
20383,LA GLORIA,CESAR,Caribe,2022,34.94797885041788,24.762758630152994,10.185220220264888,28.813260447892787,24.555111983219437,3473.0,0,1.0,5970.0,True,2006,2018,-2.335546910092381
20400,LA JAGUA DE IBIRICO,CESAR,Caribe,2022,61.64683177870698,34.94418250308041,26.70264927562657,56.51124293005931,21.27957742683124,3473.0,0,1.0,15988.0,True,2006,2018,14.1818821452693
20443,MANAURE BALCON DEL CESAR,CESAR,Caribe,2022,46.97469746974697,27.568328165331394,19.406369304415577,35.578842315369265,27.585465491292197,3473.0,0,1.0,4651.0,True,2006,2018,6.885602174058308
20517,PAILITAS,CESAR,Caribe,2022,34.47392028706908,25.263620495785567,9.21029979128351,29.90434142752024,25.577380952380956,3473.0,0,1.0,7931.0,True,2006,2018,-3.3104673390737585
20550,PELAYA,CESAR,Caribe,2022,22.540205141192857,22.68262067598365,-0.14241553479079272,22.80831000442021,26.759344404175906,3473.0,0,1.0,8021.0,True,2006,2018,-12.663182665148062
20570,PUEBLO BELLO,CESAR,Caribe,2022,47.3557351481639,33.70857717015639,13.647157978007513,43.27209098862642,64.55212406097614,3473.0,0,1.0,7209.0,True,2006,2018,1.126390847650244
20614,RIO DE ORO,CESAR,Caribe,2022,22.289156626506024,19.683804801242964,2.6053518252630603,16.03938185443669,21.67545807884509,3473.0,0,1.0,8967.0,True,2006,2018,-9.915415305094209
20710,SAN ALBERTO,CESAR,Caribe,2022,28.7322695035461,24.696341563704557,4.035927939841542,31.051821446895843,13.734614882790414,3473.0,0,1.0,11483.0,True,2006,2018,-8.484839190515727
20621,LA PAZ,CESAR,Caribe,2022,34.05172413793103,24.197254413041307,9.854469724889725,26.397712833545107,28.53859413905382,3473.0,0,1.0,10159.0,True,2006,2018,-2.666297405467544
20750,SAN DIEGO,CESAR,Caribe,2022,40.89204393249397,24.36196790786054,16.53007602463343,28.20548324563833,22.52023745277928,3473.0,0,1.0,7643.0,True,2006,2018,4.009308894276161
20770,SAN MARTIN,CESAR,Caribe,2022,26.741118536756947,23.733547560357152,3.007570976399794,26.16682687172915,24.090553491101115,3473.0,0,1.0,11657.0,True,2006,2018,-9.513196153957475
20787,TAMALAMEQUE,CESAR,Caribe,2022,48.12552653748947,29.241508647632017,18.884017889857454,40.39517014270033,25.904856716205646,3473.0,0,1.0,4814.0,True,2006,2018,6.363250759500184
23001,MONTERIA,CORDOBA,Caribe,2022,47.98094990486771,28.057574253118744,19.923375651748962,38.26161324604927,18.79873585312524,19625.0,0,1.0,173197.0,True,2006,2018,7.402608521391693
23068,AYAPEL,CORDOBA,Caribe,2022,46.85651179301097,28.80312183721177,18.053389955799197,33.628817793536946,47.61696207749382,19625.0,0,1.0,12973.0,True,2006,2018,5.532622825441928
23079,BUENAVISTA,CORDOBA,Caribe,2022,55.48887221805452,32.29172107846102,23.197151139593494,44.412251655629134,40.93436546009595,19625.0,0,1.0,8166.0,True,2006,2018,10.676384009236225
23090,CANALETE,CORDOBA,Caribe,2022,55.813578455087885,38.76629337338666,17.047285081701226,53.63059569968276,75.37590182725373,19625.0,0,1.0,6315.0,True,2006,2018,4.526517951343957
23162,CERETE,CORDOBA,Caribe,2022,55.33345837464162,32.28918059169509,23.04427778294653,48.016959865163805,25.190037955597152,19625.0,0,1.0,38247.0,True,2006,2018,10.52351065258926
23189,CIENAGA DE ORO,CORDOBA,Caribe,2022,62.76265075220688,36.93881706886789,25.82383368333899,57.6865383791197,36.87231244891432,19625.0,0,1.0,24608.0,True,2006,2018,13.30306655298172
23300,COTORRA,CORDOBA,Caribe,2022,56.33245382585752,29.861372382969357,26.471081442888163,41.83171607071647,24.19981498612396,19625.0,0,1.0,7677.0,True,2006,2018,13.950314312530894
23168,CHIMA,CORDOBA,Caribe,2022,52.80312907431552,31.57273547200143,21.23039360231409,43.29048843187661,37.911354876964126,19625.0,0,1.0,6219.0,True,2006,2018,8.709626471956822
23182,CHINU,CORDOBA,Caribe,2022,38.48076656019997,25.099475523753778,13.38129103644619,29.04674133938277,25.016402661917702,19625.0,0,1.0,22073.0,True,2006,2018,0.86052390608892
23350,LA APARTADA,CORDOBA,Caribe,2022,62.91329904481998,34.9673400116347,27.945959033185282,53.83444338725024,30.546857933444983,19625.0,0,1.0,5594.0,True,2006,2018,15.425191902828013
23417,LORICA,CORDOBA,Caribe,2022,56.89513795099364,31.549301961891793,25.34583598910185,44.19473916374527,33.40342963956276,19625.0,0,1.0,42297.0,True,2006,2018,12.825068858744581
23419,LOS CORDOBAS,CORDOBA,Caribe,2022,45.80525606469003,29.93409281708933,15.871163247600698,31.29462899720584,70.7918922321541,19625.0,0,1.0,6060.0,True,2006,2018,3.350396117243429
23464,MOMIL,CORDOBA,Caribe,2022,47.302182353728746,28.077594417889614,19.224587935839132,36.57395025407863,26.66625676340384,19625.0,0,1.0,7610.0,True,2006,2018,6.703820805481863
23466,MONTELIBANO,CORDOBA,Caribe,2022,72.74898812288501,37.95655600182022,34.79243212106479,62.603878116343495,26.9924204425124,19625.0,0,1.0,30923.0,True,2006,2018,22.27166499070752
23500,MONITOS,CORDOBA,Caribe,2022,46.44822731345194,32.76193950030277,13.686287813149164,39.37534857780257,68.34429169157202,19625.0,0,1.0,7947.0,True,2006,2018,1.165520682791895
23555,PLANETA RICA,CORDOBA,Caribe,2022,49.2890021371034,31.456287570997706,17.832714566105697,43.96385035729298,33.104821976927546,19625.0,0,1.0,24860.0,True,2006,2018,5.3119474357484275
23570,PUEBLO NUEVO,CORDOBA,Caribe,2022,44.2769356820975,29.024124482752946,15.252811199344556,35.3277569136224,42.86191041234055,19625.0,0,1.0,12391.0,True,2006,2018,2.732044068987287
23580,PUERTO LIBERTADOR,CORDOBA,Caribe,2022,69.76576055523424,40.69015926595857,29.075601289275667,63.26256608206764,55.55335240631108,19625.0,0,1.0,14186.0,True,2006,2018,16.554834158918396
23574,PUERTO ESCONDIDO,CORDOBA,Caribe,2022,45.96495885319884,34.57407186802064,11.390886985178199,42.90893878120207,73.79069528602238,19625.0,0,1.0,7648.0,True,2006,2018,-1.1298801451790705
23586,PURISIMA DE LA CONCEPCION,CORDOBA,Caribe,2022,40.05740711210333,26.966974804271416,13.090432307831911,31.39664804469274,36.08352605087743,19625.0,0,1.0,6394.0,True,2006,2018,0.5696651774746417
23660,SAHAGUN,CORDOBA,Caribe,2022,56.83271375464683,31.23426841282135,25.59844534182548,45.226389353651314,25.29092649718115,19625.0,0,1.0,41123.0,True,2006,2018,13.077678211468212
23670,SAN ANDRES DE SOTAVENTO,CORDOBA,Caribe,2022,56.80920604657496,32.86552026308712,23.943685783487837,38.669117647058826,72.57914892604838,19625.0,0,1.0,14941.0,True,2006,2018,11.422918653130568
23672,SAN ANTERO,CORDOBA,Caribe,2022,43.77567422754064,28.04207232295699,15.73360190458365,35.78167115902965,29.574893206559185,19625.0,0,1.0,11461.0,True,2006,2018,3.2128347742263816
23675,SAN BERNARDO DEL VIENTO,CORDOBA,Caribe,2022,62.684272406620245,35.972189853638525,26.71208255298172,53.94476387972477,41.98457723273432,19625.0,0,1.0,11270.0,True,2006,2018,14.19131542262445
23678,SAN CARLOS,CORDOBA,Caribe,2022,44.611391886354326,29.023319207734843,15.588072678619483,36.30834160873883,38.60275369709332,19625.0,0,1.0,7469.0,True,2006,2018,3.0673055482622136
23682,SAN JOSE DE URE,CORDOBA,Caribe,2022,73.95742198891804,38.66234434756485,35.295077641353195,58.53964274522093,52.82575278054074,19625.0,0,1.0,3497.0,True,2006,2018,22.774310510995925
23686,SAN PELAYO,CORDOBA,Caribe,2022,55.2694042250178,32.61147731945106,22.65792690556674,46.164144353899886,37.17437336878909,19625.0,0,1.0,17149.0,True,2006,2018,10.13715977520947
23807,TIERRALTA,CORDOBA,Caribe,2022,50.99427030670712,33.27997028047672,17.714300026230404,43.50473903160784,56.01249227972452,19625.0,0,1.0,24382.0,True,2006,2018,5.193532895873135
23815,TUCHIN,CORDOBA,Caribe,2022,44.86114606930112,30.14267109241854,14.718474976882582,30.23255813953488,77.97567007219044,19625.0,0,1.0,12155.0,True,2006,2018,2.1977078465253133
23855,VALENCIA,CORDOBA,Caribe,2022,45.1754814742399,28.263985361822563,16.91149611241734,30.265889097558563,55.93148172409276,19625.0,0,1.0,10469.0,True,2006,2018,4.39072898206007
25001,AGUA DE DIOS,CUNDINAMARCA,Andina,2022,33.41677096370463,20.18264312302584,13.234127840678788,20.46223224351748,8.079838787064581,435.0,0,1.0,5764.0,True,2006,2018,0.7133607103215187
25019,ALBAN,CUNDINAMARCA,Andina,2022,21.9672131147541,16.68722497296969,5.279988141784408,10.790598290598291,9.949324324324325,435.0,0,1.0,3122.0,True,2006,2018,-7.2407789885728615
25035,ANAPOIMA,CUNDINAMARCA,Andina,2022,22.171945701357465,16.603969196589187,5.5679765047682785,10.579589572934,10.33800494641385,435.0,0,1.0,8099.0,True,2006,2018,-6.952790625588991
25040,ANOLAIMA,CUNDINAMARCA,Andina,2022,21.160995138690307,17.25654802547927,3.904447113211038,12.407843137254902,9.801980198019802,435.0,0,1.0,7169.0,True,2006,2018,-8.616320017146231
25053,ARBELAEZ,CUNDINAMARCA,Andina,2022,23.2013201320132,17.403302019654976,5.798018112358225,12.620126926563916,10.142515343805265,435.0,0,1.0,6210.0,True,2006,2018,-6.722749017999044
25086,BELTRAN,CUNDINAMARCA,Andina,2022,23.18958502847844,18.34735247709709,4.8422325513813504,15.377358490566037,9.598603839441536,435.0,0,1.0,1245.0,True,2006,2018,-7.678534578975919
25095,BITUIMA,CUNDINAMARCA,Andina,2022,19.342793129200896,16.38605593789516,2.9567371913057343,10.22364217252396,9.67161493477283,435.0,0,1.0,1363.0,True,2006,2018,-9.564029939051535
25099,BOJACA,CUNDINAMARCA,Andina,2022,33.64889895040132,17.956114776201233,15.692784174200085,15.192532088681446,5.335128975448047,435.0,0,1.0,5057.0,True,2006,2018,3.172017043842816
25120,CABRERA,CUNDINAMARCA,Andina,2022,55.371900826446286,35.34834418010105,20.023556646345234,60.22598870056497,10.304449648711945,435.0,0,1.0,2084.0,True,2006,2018,7.502789515987965
25123,CACHIPAY,CUNDINAMARCA,Andina,2022,21.99661590524535,17.927466473518983,4.069149431726366,14.266615737203972,9.388151505341536,435.0,0,1.0,6042.0,True,2006,2018,-8.451617698630903
25126,CAJICA,CUNDINAMARCA,Andina,2022,31.919363595590493,18.366845810421164,13.552517785169329,16.79152365318609,3.2048575756823205,435.0,0,1.0,43548.0,True,2006,2018,1.0317506548120594
25148,CAPARRAPI,CUNDINAMARCA,Andina,2022,9.598935563581067,16.95810046974685,-7.359164906165782,7.109102116293404,29.183713228131698,435.0,0,1.0,5340.0,True,2006,2018,-19.87993203652305
25151,CAQUEZA,CUNDINAMARCA,Andina,2022,25.935567849007484,19.359279066357743,6.5762887826497405,18.45488546049556,7.521865889212828,435.0,0,1.0,9465.0,True,2006,2018,-5.944478347707529
25154,CARMEN DE CARUPA,CUNDINAMARCA,Andina,2022,15.894901144641,16.956122424911094,-1.061221280270093,10.631001371742114,13.023890784982935,435.0,0,1.0,3934.0,True,2006,2018,-13.581988410627362
25200,COGUA,CUNDINAMARCA,Andina,2022,33.7442761535752,21.206673278901125,12.537602874674075,24.172325976230898,3.595980962453728,435.0,0,1.0,11709.0,True,2006,2018,0.0168357443168059
25214,COTA,CUNDINAMARCA,Andina,2022,29.56710414902625,18.25331020790673,11.31379394111952,16.32239026189598,4.11618416018365,435.0,0,1.0,19417.0,True,2006,2018,-1.2069731892377487
25224,CUCUNUBA,CUNDINAMARCA,Andina,2022,12.658227848101266,16.146468411116036,-3.48824056301477,8.839381961911606,11.496715224221653,435.0,0,1.0,3582.0,True,2006,2018,-16.00900769337204
25168,CHAGUANI,CUNDINAMARCA,Andina,2022,18.15992292870905,16.433786150901078,1.726136777807973,9.11074740861975,14.775804995486007,435.0,0,1.0,2095.0,True,2006,2018,-10.794630352549296
25175,CHIA,CUNDINAMARCA,Andina,2022,29.03866747519579,17.284181292224986,11.754486182970805,14.00620303362291,3.037599123903909,435.0,0,1.0,79628.0,True,2006,2018,-0.7662809473864645
25178,CHIPAQUE,CUNDINAMARCA,Andina,2022,24.603322755273474,19.597882509143894,5.005440246129581,18.647717484926787,9.519944341372913,435.0,0,1.0,5468.0,True,2006,2018,-7.515326884227688
25181,CHOACHI,CUNDINAMARCA,Andina,2022,20.211342964151957,16.34486953011356,3.8664734340383973,10.303907380607814,8.219178082191782,435.0,0,1.0,7625.0,True,2006,2018,-8.654293696318872
25183,CHOCONTA,CUNDINAMARCA,Andina,2022,19.98842927393694,16.879824578246843,3.1086046956900972,11.79985938598547,7.760950486971597,435.0,0,1.0,10681.0,True,2006,2018,-9.412162434667172
25245,EL COLEGIO,CUNDINAMARCA,Andina,2022,29.75325461701484,18.984690779639777,10.768563837375062,17.697594501718214,6.755737050024413,435.0,0,1.0,13462.0,True,2006,2018,-1.7522032929822071
25258,EL PENON,CUNDINAMARCA,Andina,2022,11.144971702220287,16.058981820442963,-4.914010118222675,5.5858310626703,25.76633892423366,435.0,0,1.0,2333.0,True,2006,2018,-17.434777248579945
25260,EL ROSAL,CUNDINAMARCA,Andina,2022,25.964129012393197,16.63800900295294,9.326120009440256,11.149732620320856,7.612124537100535,435.0,0,1.0,13562.0,True,2006,2018,-3.194647120917013
25269,FACATATIVA,CUNDINAMARCA,Andina,2022,41.78762883430871,20.457913391311802,21.32971544299691,22.096963485792685,4.046529904137722,435.0,0,1.0,68251.0,True,2006,2018,8.808948312639641
25279,FOMEQUE,CUNDINAMARCA,Andina,2022,13.358360707023309,15.696846912749375,-2.338486205726067,9.043659043659044,6.521536887152293,435.0,0,1.0,6466.0,True,2006,2018,-14.859253336083336
25281,FOSCA,CUNDINAMARCA,Andina,2022,13.41154090044388,16.657500759014624,-3.2459598585707443,10.046419098143236,13.342923934544146,435.0,0,1.0,3178.0,True,2006,2018,-15.766726988928013
25286,FUNZA,CUNDINAMARCA,Andina,2022,42.40360077963309,20.65109118588638,21.75250959374671,22.77914970299673,3.3594353148781293,435.0,0,1.0,51755.0,True,2006,2018,9.23174246338944
25288,FUQUENE,CUNDINAMARCA,Andina,2022,25.453871804371992,21.66516121069885,3.788710593673141,24.153705397987192,8.993399339933994,435.0,0,1.0,2762.0,True,2006,2018,-8.732056536684128
25290,FUSAGASUGA,CUNDINAMARCA,Andina,2022,31.95540505638936,19.439787213952265,12.515617842437095,19.312559814433325,4.665010899203257,435.0,0,1.0,71602.0,True,2006,2018,-0.005149287920174217
25293,GACHALA,CUNDINAMARCA,Andina,2022,23.26028450595925,19.752672693189282,3.507611812769966,17.22972972972973,17.545475477780336,435.0,0,1.0,2641.0,True,2006,2018,-9.013155317587303
25295,GACHANCIPA,CUNDINAMARCA,Andina,2022,37.85653598737711,20.844564028768296,17.01197195860881,22.918212854386223,4.764773206433348,435.0,0,1.0,8553.0,True,2006,2018,4.491204828251542
25297,GACHETA,CUNDINAMARCA,Andina,2022,20.157122183171385,17.002314737066964,3.154807446104421,10.273972602739724,15.995040297582143,435.0,0,1.0,4957.0,True,2006,2018,-9.365959684252848
25299,GAMA,CUNDINAMARCA,Andina,2022,14.367160775370582,15.501449098158659,-1.134288322788077,8.009563658099223,8.740105540897098,435.0,0,1.0,1790.0,True,2006,2018,-13.655055453145346
25307,GIRARDOT,CUNDINAMARCA,Andina,2022,29.882887006942852,19.104024456731924,10.778862550210928,17.77558802107879,7.536184390190616,435.0,0,1.0,53757.0,True,2006,2018,-1.7419045801463415
25317,GUACHETA,CUNDINAMARCA,Andina,2022,16.383219954648524,16.01709070726739,0.36612924738113506,8.38709677419355,11.892284124808514,435.0,0,1.0,5531.0,True,2006,2018,-12.154637882976134
25320,GUADUAS,CUNDINAMARCA,Andina,2022,22.784907400292013,17.624260359451032,5.160647040840981,13.381995133819952,9.415028147181202,435.0,0,1.0,13341.0,True,2006,2018,-7.360120089516288
25322,GUASCA,CUNDINAMARCA,Andina,2022,28.178515827711472,18.083333869764804,10.095181957946668,15.45872239513858,4.747893540189915,435.0,0,1.0,8053.0,True,2006,2018,-2.4255851724106012
25324,GUATAQUI,CUNDINAMARCA,Andina,2022,36.42329778506973,21.74001816645222,14.683279618617508,23.51758793969849,12.512664640324214,435.0,0,1.0,1251.0,True,2006,2018,2.162512488260239
25326,GUATAVITA,CUNDINAMARCA,Andina,2022,19.38209664642197,15.478240156185905,3.903856490236066,8.056304282719378,7.794955248169243,435.0,0,1.0,3892.0,True,2006,2018,-8.616910640121203
25328,GUAYABAL DE SIQUIMA,CUNDINAMARCA,Andina,2022,24.1123683183769,17.48570817612377,6.626660142253133,12.825904121110176,10.321864594894562,435.0,0,1.0,2638.0,True,2006,2018,-5.894106988104136
25335,GUAYABETAL,CUNDINAMARCA,Andina,2022,17.1078114912847,17.08989363913576,0.017917852148940483,11.95035460992908,9.864004131520057,435.0,0,1.0,3147.0,True,2006,2018,-12.502849278208329
25339,GUTIERREZ,CUNDINAMARCA,Andina,2022,11.427066877303844,15.640328291728897,-4.2132614144250535,7.855504587155964,11.295681063122924,435.0,0,1.0,1906.0,True,2006,2018,-16.734028544782323
25312,GRANADA,CUNDINAMARCA,Andina,2022,38.84401817264008,23.32295951653648,15.521058656103598,29.530394698934025,4.971735034062908,435.0,0,1.0,4079.0,True,2006,2018,3.000291525746329
25368,JERUSALEN,CUNDINAMARCA,Andina,2022,24.04965089216447,17.708406271915596,6.341244620248872,12.52129471890971,14.525691699604742,435.0,0,1.0,1307.0,True,2006,2018,-6.179522510108397
25372,JUNIN,CUNDINAMARCA,Andina,2022,20.118562430529828,17.690776134034415,2.4277862964954124,12.037383177570094,16.201654800846644,435.0,0,1.0,2769.0,True,2006,2018,-10.092980833861857
25377,LA CALERA,CUNDINAMARCA,Andina,2022,37.50471876179691,19.992551714911446,17.512167046885462,21.114768174012596,3.140292202077099,435.0,0,1.0,16352.0,True,2006,2018,4.991399916528193
25386,LA MESA,CUNDINAMARCA,Andina,2022,27.42543271380213,17.637406653542847,9.788026060259284,13.605968888576053,8.911677370347352,435.0,0,1.0,16061.0,True,2006,2018,-2.732741070097985
25394,LA PALMA,CUNDINAMARCA,Andina,2022,24.87200215575317,18.545501194046405,6.326500961706763,13.39887640449438,20.264660093409443,435.0,0,1.0,3818.0,True,2006,2018,-6.194266168650506
25398,LA PENA,CUNDINAMARCA,Andina,2022,10.951095109510952,15.856691290101852,-4.9055961805909,4.092471102780381,30.077691453940066,435.0,0,1.0,3398.0,True,2006,2018,-17.42636331094817
25402,LA VEGA,CUNDINAMARCA,Andina,2022,19.623984870397152,16.37029021795341,3.253694652443741,10.540880503144653,7.530258924467596,435.0,0,1.0,9175.0,True,2006,2018,-9.267072477913528
25407,LENGUAZAQUE,CUNDINAMARCA,Andina,2022,8.726366091834613,15.2414665144826,-6.515100422647986,6.851851851851852,10.282557892500533,435.0,0,1.0,4933.0,True,2006,2018,-19.035867553005254
25426,MACHETA,CUNDINAMARCA,Andina,2022,13.06122448979592,14.982663798683284,-1.9214393088873631,5.709240729841083,12.786449684490202,435.0,0,1.0,3993.0,True,2006,2018,-14.442206439244632
25430,MADRID,CUNDINAMARCA,Andina,2022,41.74395980127321,19.9536297293454,21.790330071927812,20.84543939033103,3.664416586306654,435.0,0,1.0,55175.0,True,2006,2018,9.269562941570543
25436,MANTA,CUNDINAMARCA,Andina,2022,15.188897455666924,15.408127501418402,-0.21923004575147864,8.06904857486953,7.602163461538462,435.0,0,1.0,2637.0,True,2006,2018,-12.739997176108748
25438,MEDINA,CUNDINAMARCA,Andina,2022,12.692307692307692,16.958145143018434,-4.265837450710743,8.973364365140936,21.24088595405145,435.0,0,1.0,3942.0,True,2006,2018,-16.786604581068012
25473,MOSQUERA,CUNDINAMARCA,Andina,2022,43.76426749026454,21.04579882563973,22.718468664624808,23.79983214435585,3.4559279950341404,435.0,0,1.0,61792.0,True,2006,2018,10.197701534267539
25483,NARINO,CUNDINAMARCA,Andina,2022,35.31493276716206,21.15919185151576,14.155740915646302,22.68835616438356,9.857142857142858,435.0,0,1.0,1434.0,True,2006,2018,1.6349737852890325
25486,NEMOCON,CUNDINAMARCA,Andina,2022,30.69385593220339,20.71032270292742,9.98353322927597,22.641509433962263,4.500737825873094,435.0,0,1.0,7835.0,True,2006,2018,-2.537233901081299
25488,NILO,CUNDINAMARCA,Andina,2022,23.62063823441694,17.516188517356664,6.104449717060277,13.529231711049894,7.916666666666667,435.0,0,1.0,3431.0,True,2006,2018,-6.4163174132969925
25489,NIMAIMA,CUNDINAMARCA,Andina,2022,14.366729678638942,14.900128724969044,-0.5333990463301017,5.526315789473684,12.912716574043806,435.0,0,1.0,2146.0,True,2006,2018,-13.054166176687371
25491,NOCAIMA,CUNDINAMARCA,Andina,2022,27.3561811505508,19.602446107546136,7.753735043004664,18.403755868544604,10.91644204851752,435.0,0,1.0,3341.0,True,2006,2018,-4.7670320873526055
25513,PACHO,CUNDINAMARCA,Andina,2022,16.855203619909503,15.608103206406652,1.2471004135028512,8.357545718680568,8.15748297881338,435.0,0,1.0,13545.0,True,2006,2018,-11.273666716854418
25518,PAIME,CUNDINAMARCA,Andina,2022,16.049933125278645,18.564003536597244,-2.514070411318599,9.976359338061464,35.469641930461854,435.0,0,1.0,2276.0,True,2006,2018,-15.034837541675868
25524,PANDI,CUNDINAMARCA,Andina,2022,30.20706455542022,23.250840896209457,6.956223659210764,27.587844254510923,12.864385297845374,435.0,0,1.0,2508.0,True,2006,2018,-5.564543471146505
25530,PARATEBUENO,CUNDINAMARCA,Andina,2022,13.023782559456398,16.084613335609884,-3.0608307761534856,7.963734378828718,15.573053368328958,435.0,0,1.0,4473.0,True,2006,2018,-15.581597906510755
25535,PASCA,CUNDINAMARCA,Andina,2022,44.24815983175605,27.778385897913566,16.469773933842482,40.54663991975927,8.174073221275616,435.0,0,1.0,4882.0,True,2006,2018,3.9490068034852133
25572,PUERTO SALGAR,CUNDINAMARCA,Andina,2022,27.043179441207236,18.941171859055274,8.102007582151963,15.877988458367684,13.763528691035328,435.0,0,1.0,6935.0,True,2006,2018,-4.418759548205307
25580,PULI,CUNDINAMARCA,Andina,2022,18.711656441717796,16.31224318332273,2.3994132583950645,9.764542936288088,10.380348652931854,435.0,0,1.0,1325.0,True,2006,2018,-10.121353871962205
25592,QUEBRADANEGRA,CUNDINAMARCA,Andina,2022,10.756676557863502,14.367986751861022,-3.61131019399752,4.459092671578131,11.22104789745896,435.0,0,1.0,2733.0,True,2006,2018,-16.13207732435479
25594,QUETAME,CUNDINAMARCA,Andina,2022,27.756858526089296,20.504920790459984,7.251937735629312,21.00030129557096,9.719967532467532,435.0,0,1.0,3797.0,True,2006,2018,-5.268829394727957
25596,QUIPILE,CUNDINAMARCA,Andina,2022,15.100882723833545,16.306194746163495,-1.2053120223299505,7.897971727105101,18.592471358428806,435.0,0,1.0,3228.0,True,2006,2018,-13.72607915268722
25599,APULO,CUNDINAMARCA,Andina,2022,21.542870790542157,17.121669227712147,4.42120156283001,10.09129040217123,18.406374501992037,435.0,0,1.0,4263.0,True,2006,2018,-8.099565567527259
25612,RICAURTE,CUNDINAMARCA,Andina,2022,25.815394651011093,17.58546102571482,8.229933625296272,13.344594594594597,9.307499768239548,435.0,0,1.0,6276.0,True,2006,2018,-4.290833505060997
25645,SAN ANTONIO DEL TEQUENDAMA,CUNDINAMARCA,Andina,2022,25.797645452994374,19.123263666616616,6.674381786377758,17.914860070949942,7.361301705547932,435.0,0,1.0,5953.0,True,2006,2018,-5.846385343979511
25649,SAN BERNARDO,CUNDINAMARCA,Andina,2022,25.62611806797853,20.442552871026695,5.183565196951836,21.089313371192567,8.6709886547812,435.0,0,1.0,4547.0,True,2006,2018,-7.337201933405433
25653,SAN CAYETANO,CUNDINAMARCA,Andina,2022,12.46660730186999,15.693969493000798,-3.2273621911308084,8.674463937621832,8.038585209003216,435.0,0,1.0,2269.0,True,2006,2018,-15.748129321488078
25658,SAN FRANCISCO,CUNDINAMARCA,Andina,2022,20.21828591876901,16.65703451995505,3.5612513988139582,11.34682755936162,7.508532423208191,435.0,0,1.0,5704.0,True,2006,2018,-8.959515731543311
25662,SAN JUAN DE RIOSECO,CUNDINAMARCA,Andina,2022,23.211767076365103,17.746225984449268,5.465541091915835,12.96655879180151,12.970376301040831,435.0,0,1.0,5066.0,True,2006,2018,-7.055226038441434
25718,SASAIMA,CUNDINAMARCA,Andina,2022,17.744580069229368,15.931532476426224,1.8130475928031444,9.160459029595328,8.517044843531563,435.0,0,1.0,5608.0,True,2006,2018,-10.707719537554125
25736,SESQUILE,CUNDINAMARCA,Andina,2022,31.24603677869372,19.39621398775899,11.84982279093473,18.84592966776763,5.756698044895003,435.0,0,1.0,6566.0,True,2006,2018,-0.6709443394225385
25740,SIBATE,CUNDINAMARCA,Andina,2022,43.62292051756008,23.084635041054465,20.538285476505617,28.60701283770837,5.950303068769636,435.0,0,1.0,17477.0,True,2006,2018,8.017518346148348
25743,SILVANIA,CUNDINAMARCA,Andina,2022,25.97242953727281,18.875710066433946,7.096719470838863,17.118575475515986,8.010511971968075,435.0,0,1.0,11635.0,True,2006,2018,-5.424047659518406
25745,SIMIJACA,CUNDINAMARCA,Andina,2022,22.57078507078507,18.474654070509832,4.096131000275239,16.593301435406698,5.23979458612586,435.0,0,1.0,6362.0,True,2006,2018,-8.42463613008203
25754,SOACHA,CUNDINAMARCA,Andina,2022,56.369736707304575,25.98567343100831,30.384063276296267,36.478582546506765,5.365805995334756,435.0,0,1.0,202790.0,True,2006,2018,17.863296145938996
25758,SOPO,CUNDINAMARCA,Andina,2022,43.50595402935475,22.76454885127632,20.741405178078427,28.473145180204835,2.889543565115622,435.0,0,1.0,14987.0,True,2006,2018,8.220638047721158
25769,SUBACHOQUE,CUNDINAMARCA,Andina,2022,19.073446327683616,15.318019571178498,3.755426756505118,8.534322820037106,3.7483176312247646,435.0,0,1.0,9123.0,True,2006,2018,-8.765340373852151
25772,SUESCA,CUNDINAMARCA,Andina,2022,33.75959079283887,19.97367251818903,13.785918274649841,20.455945779420823,4.982137057486197,435.0,0,1.0,8182.0,True,2006,2018,1.265151144292572
25777,SUPATA,CUNDINAMARCA,Andina,2022,13.631484794275492,15.034404324915386,-1.4029195306398936,6.3377286261165455,10.41049513330512,435.0,0,1.0,2855.0,True,2006,2018,-13.923686660997163
25779,SUSA,CUNDINAMARCA,Andina,2022,19.82543640897756,20.024762914558607,-0.19932650558104825,18.800888230940043,13.057796805532686,435.0,0,1.0,3272.0,True,2006,2018,-12.720093635938317
25781,SUTATAUSA,CUNDINAMARCA,Andina,2022,22.172949002217297,17.15068326236217,5.022265739855129,12.362030905077264,7.588436667934576,435.0,0,1.0,2813.0,True,2006,2018,-7.49850139050214
25785,TABIO,CUNDINAMARCA,Andina,2022,27.66232716099297,16.788623602001287,10.873703558991682,12.364425162689804,3.933868222708485,435.0,0,1.0,12774.0,True,2006,2018,-1.647063571365587
25793,TAUSA,CUNDINAMARCA,Andina,2022,13.46494558339661,15.309685984119092,-1.8447404007224826,7.491856677524431,8.096803107260232,435.0,0,1.0,4112.0,True,2006,2018,-14.365507531079752
25797,TENA,CUNDINAMARCA,Andina,2022,25.67252700699004,18.73559108329406,6.93693592369598,16.919631749191343,7.181840734309104,435.0,0,1.0,4804.0,True,2006,2018,-5.583831206661289
25799,TENJO,CUNDINAMARCA,Andina,2022,26.891243171660324,17.058258793367266,9.832984378293059,12.932016710976074,4.590534171249018,435.0,0,1.0,12557.0,True,2006,2018,-2.6877827520642104
25805,TIBACUY,CUNDINAMARCA,Andina,2022,33.80753138075313,21.673437224545218,12.134094156207915,23.811787072243344,11.13365457773269,435.0,0,1.0,2433.0,True,2006,2018,-0.386672974149354
25807,TIBIRITA,CUNDINAMARCA,Andina,2022,24.7750449910018,16.79032537340709,7.98471961759471,10.754098360655735,11.62217659137577,435.0,0,1.0,1689.0,True,2006,2018,-4.5360475127625595
25815,TOCAIMA,CUNDINAMARCA,Andina,2022,24.350602234799013,16.59776213552972,7.752840099269292,10.299710938688577,11.171439196727407,435.0,0,1.0,7067.0,True,2006,2018,-4.767927031087977
25817,TOCANCIPA,CUNDINAMARCA,Andina,2022,43.24186125788307,22.976030147448615,20.26583111043446,28.634122555128133,4.235587062022003,435.0,0,1.0,24362.0,True,2006,2018,7.745063980077189
25823,TOPAIPI,CUNDINAMARCA,Andina,2022,14.01673640167364,16.747297372455638,-2.7305609707819976,7.006020799124248,27.41981265966506,435.0,0,1.0,1938.0,True,2006,2018,-15.251328101139267
25839,UBALA,CUNDINAMARCA,Andina,2022,15.199398043641835,17.4271418409929,-2.2277437973510636,10.206752159120647,21.133018605942794,435.0,0,1.0,4064.0,True,2006,2018,-14.748510927708333
25841,UBAQUE,CUNDINAMARCA,Andina,2022,20.87802444499875,19.15316243026902,1.7248620147297302,16.151603498542276,15.320813771517996,435.0,0,1.0,4087.0,True,2006,2018,-10.795905115627539
25843,VILLA DE SAN DIEGO DE UBATE,CUNDINAMARCA,Andina,2022,25.3793965363328,17.44440577513008,7.9349907612027195,13.759742004837408,5.252159025102601,435.0,0,1.0,23205.0,True,2006,2018,-4.58577636915455
25845,UNE,CUNDINAMARCA,Andina,2022,23.61338637959279,19.88279076636418,3.7305956132286084,18.81240147136101,11.925807853934211,435.0,0,1.0,4364.0,True,2006,2018,-8.79017151712866
25851,UTICA,CUNDINAMARCA,Andina,2022,11.051883439943142,14.838651379209255,-3.786767939266113,4.424446944131984,16.919631749191343,435.0,0,1.0,2855.0,True,2006,2018,-16.307535069623384
25506,VENECIA,CUNDINAMARCA,Andina,2022,35.523809523809526,22.283639454771354,13.240170069038172,24.799081515499427,13.419386264003895,435.0,0,1.0,2140.0,True,2006,2018,0.7194029386809024
25862,VERGARA,CUNDINAMARCA,Andina,2022,15.581031787389266,17.36509140753342,-1.7840596201441539,9.839142091152816,22.415506958250496,435.0,0,1.0,3910.0,True,2006,2018,-14.304826750501423
25867,VIANI,CUNDINAMARCA,Andina,2022,20.46632124352332,17.092983358918406,3.373337884604915,11.527093596059114,11.744613767735157,435.0,0,1.0,2350.0,True,2006,2018,-9.147429245752354
25871,VILLAGOMEZ,CUNDINAMARCA,Andina,2022,16.55574043261231,17.192951498373862,-0.6372110657615515,12.195121951219512,10.265486725663717,435.0,0,1.0,1213.0,True,2006,2018,-13.15797819611882
25873,VILLAPINZON,CUNDINAMARCA,Andina,2022,13.624598819753595,15.618339476983612,-1.993740657230017,8.19555975436939,8.758062476286835,435.0,0,1.0,9861.0,True,2006,2018,-14.514507787587286
25875,VILLETA,CUNDINAMARCA,Andina,2022,17.941019482252468,16.0716425055635,1.8693769766889687,9.590651870360842,8.414819431999689,435.0,0,1.0,15269.0,True,2006,2018,-10.6513901536683
25878,VIOTA,CUNDINAMARCA,Andina,2022,29.505212642727123,21.04022036773409,8.464992274993033,21.38429752066116,14.587653533258893,435.0,0,1.0,6150.0,True,2006,2018,-4.055774855364236
25885,YACOPI,CUNDINAMARCA,Andina,2022,9.856220045842884,17.530245707217674,-7.67402566137479,6.078475844862781,40.6172499311105,435.0,0,1.0,4864.0,True,2006,2018,-20.19479279173206
25898,ZIPACON,CUNDINAMARCA,Andina,2022,24.359886201991465,18.095893203373144,6.2639929986183205,15.09069857197993,7.717881738304441,435.0,0,1.0,2870.0,True,2006,2018,-6.256774131738949
25899,ZIPAQUIRA,CUNDINAMARCA,Andina,2022,47.62847551002841,24.628516418594117,22.99995909143429,33.3533922492349,3.116276905899138,435.0,0,1.0,72246.0,True,2006,2018,10.479191961077023
11001,BOGOTA DC,BOGOTA DC,Andina,2022,47.99382147608544,23.501036352402984,24.492785123682452,30.382559697266835,3.471188356173964,779.0,0,1.0,3799603.0,True,2006,2018,11.972017993325183
27001,QUIBDO,CHOCO,Pacifica,2022,73.98164084911073,37.1916603698855,36.789980479225235,48.72625798901791,72.80990282973862,51998.0,0,1.0,40324.0,True,2006,2018,24.269213348867964
27050,ATRATO,CHOCO,Pacifica,2022,79.23010629129561,34.94427715479749,44.28582913649812,49.87071751777634,42.5009100837277,51998.0,0,1.0,3600.0,True,2006,2018,31.76506200614085
27006,ACANDI,CHOCO,Pacifica,2022,54.78329809725159,25.971820894630262,28.811477202621326,27.37833594976452,36.44481190574618,51998.0,0,1.0,3924.0,True,2006,2018,16.290710072264055
27025,ALTO BAUDO,CHOCO,Pacifica,2022,95.32381543554727,38.661768237377345,56.66204719816993,51.693796744390674,77.84921098772648,51998.0,0,1.0,4863.0,True,2006,2018,44.14128006781266
27073,BAGADO,CHOCO,Pacifica,2022,73.30434782608695,31.53081071478763,41.77353711129932,34.45661331086774,70.52023121387283,51998.0,0,1.0,2365.0,True,2006,2018,29.25276998094205
27075,BAHIA SOLANO,CHOCO,Pacifica,2022,71.47850401957358,24.86348626366796,46.61501775590562,27.20994475138121,24.60864805692392,51998.0,0,1.0,2985.0,True,2006,2018,34.09425062554835
27077,BAJO BAUDO,CHOCO,Pacifica,2022,83.39128109120085,28.552071643997245,54.83920944720361,27.56876383180525,65.86634870738713,51998.0,0,1.0,3818.0,True,2006,2018,42.31844231684634
27099,BOJAYA,CHOCO,Pacifica,2022,83.64327979712594,37.48896804048354,46.1543117566424,50.90144230769232,67.56077116512992,51998.0,0,1.0,2396.0,True,2006,2018,33.63354462628513
27425,MEDIO ATRATO,CHOCO,Pacifica,2022,81.07467404188068,32.09379154722511,48.980882494655575,40.26548672566372,51.6370808678501,51998.0,0,1.0,2607.0,True,2006,2018,36.460115364298304
27205,CONDOTO,CHOCO,Pacifica,2022,75.53398058252428,37.97460019333131,37.55938038919297,52.28595178719867,66.49771092217135,51998.0,0,1.0,4385.0,True,2006,2018,25.038613258835696
27160,CERTEGUI,CHOCO,Pacifica,2022,69.08212560386472,29.477966602817915,39.60415900104681,33.31608898085877,51.740337390561606,51998.0,0,1.0,2159.0,True,2006,2018,27.08339187068954
27150,CARMEN DEL DARIEN,CHOCO,Pacifica,2022,84.29423459244532,44.54920069994429,39.74503389250103,67.73874319643741,75.67691251620776,51998.0,0,1.0,3134.0,True,2006,2018,27.224266762143756
27245,EL CARMEN DE ATRATO,CHOCO,Pacifica,2022,27.177491768931457,20.92028826656613,6.2572035023653285,13.956127080181544,36.47758926310458,51998.0,0,1.0,3430.0,True,2006,2018,-6.263563627991941
27135,EL CANTON DEL SAN PABLO,CHOCO,Pacifica,2022,70.32558139534883,27.81205916222202,42.513522233126814,30.67940552016985,43.51590106007067,51998.0,0,1.0,2224.0,True,2006,2018,29.992755102769543
27361,ISTMINA,CHOCO,Pacifica,2022,75.31645569620254,39.41864603335067,35.89780966285187,51.98966408268733,83.95919412044316,51998.0,0,1.0,8694.0,True,2006,2018,23.3770425324946
27372,JURADO,CHOCO,Pacifica,2022,81.4986123959297,30.87059364014125,50.628018755788446,35.94405594405594,56.11002921129504,51998.0,0,1.0,1116.0,True,2006,2018,38.107251625431175
27413,LLORO,CHOCO,Pacifica,2022,65.09113376583257,28.96826352358704,36.122870242245526,26.20215897939156,76.62410394265233,51998.0,0,1.0,3405.0,True,2006,2018,23.602103111888255
27430,MEDIO BAUDO,CHOCO,Pacifica,2022,82.12161269001983,25.871705036741545,56.249907653278285,21.152115211521156,63.21239663264546,51998.0,0,1.0,3067.0,True,2006,2018,43.729140522921014
27450,MEDIO SAN JUAN,CHOCO,Pacifica,2022,83.22736905843173,42.123997128947735,41.103371929484,63.8975424022153,64.09236548447686,51998.0,0,1.0,3435.0,True,2006,2018,28.582604799126727
27491,NOVITA,CHOCO,Pacifica,2022,66.90647482014388,26.859226221400554,40.04724859874333,26.614699331848552,50.012248897599214,51998.0,0,1.0,1930.0,True,2006,2018,27.52648146838606
27495,NUQUI,CHOCO,Pacifica,2022,85.37515896566342,36.47130694198653,48.90385202367688,51.8188057652711,50.92592592592592,51998.0,0,1.0,2398.0,True,2006,2018,36.38308489331961
27580,RIO IRO,CHOCO,Pacifica,2022,63.38278931750742,27.253375135534313,36.129414181973104,29.38177182919057,43.0939226519337,51998.0,0,1.0,1767.0,True,2006,2018,23.608647051615833
27615,RIOSUCIO,CHOCO,Pacifica,2022,76.59223547323015,39.73107609526593,36.86115937796422,54.99299229152067,75.1529195632659,51998.0,0,1.0,8114.0,True,2006,2018,24.34039224760695
27600,RIO QUITO,CHOCO,Pacifica,2022,70.16011644832606,32.78149415484714,37.37862229347893,40.53622725821896,58.33960371206421,51998.0,0,1.0,3621.0,True,2006,2018,24.857855163121656
27660,SAN JOSE DEL PALMAR,CHOCO,Pacifica,2022,53.71428571428572,26.20308646143493,27.511199252850794,29.5169946332737,29.46409658970557,51998.0,0,1.0,1296.0,True,2006,2018,14.990432122493525
27250,EL LITORAL DEL SAN JUAN,CHOCO,Pacifica,2022,93.75348577802566,49.06044676399472,44.693039014030944,80.97868981846882,70.22195353657483,51998.0,0,1.0,3625.0,True,2006,2018,32.17227188367367
27745,SIPI,CHOCO,Pacifica,2022,82.97644539614562,45.09421302123262,37.882232374913,75.19083969465649,49.09682080924856,51998.0,0,1.0,960.0,True,2006,2018,25.36146524455573
27787,TADO,CHOCO,Pacifica,2022,63.61031518624641,29.988618708528314,33.621696477718096,33.8789888106092,54.76541752729419,51998.0,0,1.0,5646.0,True,2006,2018,21.100929347360825
27800,UNGUIA,CHOCO,Pacifica,2022,63.83628588882101,29.940646780188146,33.895639108632864,35.2059925093633,48.58923884514436,51998.0,0,1.0,3361.0,True,2006,2018,21.374871978275593
27810,UNION PANAMERICANA,CHOCO,Pacifica,2022,62.4655013799448,30.133006412075815,32.33249496786898,34.73205257836198,52.152369154537006,51998.0,0,1.0,2303.0,True,2006,2018,19.81172783751171
41001,NEIVA,HUILA,Andina,2022,40.59430501987514,22.5570620986782,18.03724292119694,26.80857811075435,7.570138201780984,3558.0,0,1.0,173805.0,True,2006,2018,5.516475790839669
41006,ACEVEDO,HUILA,Andina,2022,14.74549588945251,16.592216547214893,-1.8467206577623827,8.379888268156424,19.330673397931765,3558.0,0,1.0,11623.0,True,2006,2018,-14.367487788119652
41013,AGRADO,HUILA,Andina,2022,22.10899424014178,18.15091246879165,3.9580817713501304,12.704701531959852,18.325950104919563,3558.0,0,1.0,4604.0,True,2006,2018,-8.562685359007139
41016,AIPE,HUILA,Andina,2022,26.59805603201829,20.88316150389727,5.714894528121022,20.614682592940543,15.238485718190516,3558.0,0,1.0,8904.0,True,2006,2018,-6.8058726022362475
41020,ALGECIRAS,HUILA,Andina,2022,33.911320287342086,23.869487770046433,10.041832517295653,27.24311519099793,20.214838870846865,3558.0,0,1.0,8303.0,True,2006,2018,-2.4789346130616163
41026,ALTAMIRA,HUILA,Andina,2022,41.236559139784944,22.622221712124922,18.614337427660022,26.682986536107716,8.89763779527559,3558.0,0,1.0,1903.0,True,2006,2018,6.093570297302753
41078,BARAYA,HUILA,Andina,2022,30.249343832021,22.121848777090467,8.127495054930534,22.566037735849054,20.790995779271533,3558.0,0,1.0,3117.0,True,2006,2018,-4.393272075426735
41132,CAMPOALEGRE,HUILA,Andina,2022,33.85219564441271,22.489521306960494,11.362674337452216,25.071225071225072,13.931919420251312,3558.0,0,1.0,14521.0,True,2006,2018,-1.1580927929050535
41797,TESALIA,HUILA,Andina,2022,21.8144750254842,17.259259288070368,4.555215737413832,12.014618547281865,10.73000921470257,3558.0,0,1.0,5033.0,True,2006,2018,-7.965551392943437
41206,COLOMBIA,HUILA,Andina,2022,16.15180935569285,18.344617476064677,-2.1928081203718257,11.378002528445007,26.360373295046664,3558.0,0,1.0,3454.0,True,2006,2018,-14.713575250729095
41244,ELIAS,HUILA,Andina,2022,22.270742358078603,16.689208320753128,5.581534037325476,10.86021505376344,9.670506295204929,3558.0,0,1.0,2101.0,True,2006,2018,-6.939233093031794
41298,GARZON,HUILA,Andina,2022,27.531696615801533,19.261879614492635,8.269817001308898,16.967809682441974,12.370060778640212,3558.0,0,1.0,31817.0,True,2006,2018,-4.2509501290483716
41306,GIGANTE,HUILA,Andina,2022,26.911935110081117,19.768579716112484,7.143355393968633,18.02022352315061,13.327734064185304,3558.0,0,1.0,10662.0,True,2006,2018,-5.377411736388636
41319,GUADALUPE,HUILA,Andina,2022,27.19190261250171,18.253619899476732,8.938282713024979,12.8661595727464,18.4503937007874,3558.0,0,1.0,7507.0,True,2006,2018,-3.5824844173322905
41349,HOBO,HUILA,Andina,2022,29.706860078573587,22.860692004400406,6.846168074173182,24.623115577889447,20.430750822614417,3558.0,0,1.0,3381.0,True,2006,2018,-5.674599056184087
41359,ISNOS,HUILA,Andina,2022,36.61787554174503,23.478229955038522,13.139645586706507,26.427436688159982,19.384640429774937,3558.0,0,1.0,12573.0,True,2006,2018,0.618878456349238
41357,IQUIRA,HUILA,Andina,2022,38.51203501094092,24.80983041092472,13.702204600016199,29.005667181865014,24.06015037593985,3558.0,0,1.0,4219.0,True,2006,2018,1.1814374696589294
41378,LA ARGENTINA,HUILA,Andina,2022,38.32375802636025,22.539246743096744,15.784511283263509,23.896499238964992,19.438877755511022,3558.0,0,1.0,6172.0,True,2006,2018,3.2637441529062396
41396,LA PLATA,HUILA,Andina,2022,31.28339864624154,21.526001262019754,9.757397384221786,21.40822710930569,19.115385328070857,3558.0,0,1.0,23125.0,True,2006,2018,-2.763369746135483
41483,NATAGA,HUILA,Andina,2022,29.988239905919244,20.987825115709523,9.000414790209721,20.02417405318292,18.92155270423908,3558.0,0,1.0,2640.0,True,2006,2018,-3.5203523401475483
41503,OPORAPA,HUILA,Andina,2022,13.46386758175212,16.691497288569664,-3.2276297068175435,8.821502412129565,18.40518405184052,3558.0,0,1.0,5045.0,True,2006,2018,-15.748396837174813
41518,PAICOL,HUILA,Andina,2022,17.414330218068535,16.49258123477467,0.9217489832938668,9.90838140481846,11.369670466968609,3558.0,0,1.0,3261.0,True,2006,2018,-11.599018147063402
41524,PALERMO,HUILA,Andina,2022,28.66655428186109,21.01988491269793,7.64666936916316,21.58773029806116,12.594218504100056,3558.0,0,1.0,12090.0,True,2006,2018,-4.874097761194109
41530,PALESTINA,HUILA,Andina,2022,25.789374172811492,18.88539304135072,6.903981131460771,14.1352433115652,20.001913143294438,3558.0,0,1.0,5417.0,True,2006,2018,-5.616785998896498
41548,PITAL,HUILA,Andina,2022,22.10076857386849,19.040618084440833,3.060150489427656,15.627435697583788,15.742104401898215,3558.0,0,1.0,5934.0,True,2006,2018,-9.460616640929613
41551,PITALITO,HUILA,Andina,2022,34.34460812356979,20.826135638322583,13.518472485247209,21.22248427672956,11.925271659201115,3558.0,0,1.0,57398.0,True,2006,2018,0.9977053548899395
41615,RIVERA,HUILA,Andina,2022,36.9393391105609,22.47169989703179,14.467639213529111,25.364900586139523,12.5943508188939,3558.0,0,1.0,10806.0,True,2006,2018,1.9468720831718418
41660,SALADOBLANCO,HUILA,Andina,2022,14.672847209841327,16.751601702479828,-2.0787544926385007,8.500590318772137,20.615996025832093,3558.0,0,1.0,5687.0,True,2006,2018,-14.59952162299577
41668,SAN AGUSTIN,HUILA,Andina,2022,33.606257767380654,21.02345317429126,12.582804593089396,20.89910775566232,15.234712785670167,3558.0,0,1.0,14110.0,True,2006,2018,0.062037462732126514
41676,SANTA MARIA,HUILA,Andina,2022,17.13027816690014,17.22288261649461,-0.09260444959446801,9.643916913946589,20.959373470386687,3558.0,0,1.0,5081.0,True,2006,2018,-12.613371579951737
41770,SUAZA,HUILA,Andina,2022,27.221510883482715,19.185455634559887,8.036055248922828,16.122104617272587,15.280497638520908,3558.0,0,1.0,7981.0,True,2006,2018,-4.484711881434441
41791,TARQUI,HUILA,Andina,2022,24.896914545713067,18.43264696066885,6.464267585044215,14.49723397331598,13.60193692575118,3558.0,0,1.0,7160.0,True,2006,2018,-6.056499545313054
41799,TELLO,HUILA,Andina,2022,23.534901082493462,20.62456857265055,2.910332509842913,19.56350766810853,16.847772883015175,3558.0,0,1.0,5455.0,True,2006,2018,-9.610434620514356
41801,TERUEL,HUILA,Andina,2022,17.005288060116893,15.867210680937971,1.138077379178922,8.362091850278738,11.07482993197279,3558.0,0,1.0,3652.0,True,2006,2018,-11.382689751178347
41807,TIMANA,HUILA,Andina,2022,19.492302987052707,16.79094312516616,2.701359861886548,10.763849712287035,11.118024313199962,3558.0,0,1.0,10032.0,True,2006,2018,-9.819407268470721
41872,VILLAVIEJA,HUILA,Andina,2022,46.07190412782956,24.700080561496044,21.371823566333518,30.876002467612583,14.51821978971626,3558.0,0,1.0,3847.0,True,2006,2018,8.851056435976249
41885,YAGUARA,HUILA,Andina,2022,32.18041598504324,20.111816663829718,12.068599321213522,19.815303430079155,9.237875288683602,3558.0,0,1.0,4438.0,True,2006,2018,-0.4521678091437469
47001,SANTA MARTA,MAGDALENA,Caribe,2022,52.37330838657552,27.79574504425076,24.577563342324762,39.09813103903097,14.303404664572756,4750.0,0,1.0,193259.0,True,2006,2018,12.056796211967493
47030,ALGARROBO,MAGDALENA,Caribe,2022,71.35892748324193,36.385910632117735,34.97301685112419,58.422432923139,29.480901077375123,4750.0,0,1.0,5013.0,True,2006,2018,22.452249720766922
47053,ARACATACA,MAGDALENA,Caribe,2022,59.6692221552244,28.33383942455732,31.335382730667085,37.08167238342449,29.415064102564106,4750.0,0,1.0,11931.0,True,2006,2018,18.814615600309814
47058,ARIGUANI,MAGDALENA,Caribe,2022,41.473600477279504,26.71717477811132,14.756425699168183,29.40880249773391,44.30066468674869,4750.0,0,1.0,10247.0,True,2006,2018,2.235658568810914
47161,CERRO DE SAN ANTONIO,MAGDALENA,Caribe,2022,35.131744040150565,21.240026617464245,13.89171742268632,16.36045494313211,38.15718157181572,4750.0,0,1.0,3226.0,True,2006,2018,1.3709502923290504
47170,CHIVOLO,MAGDALENA,Caribe,2022,48.690185120502974,27.981328484475824,20.70885663602715,32.66068759342302,44.90883128295255,4750.0,0,1.0,5822.0,True,2006,2018,8.18808950566988
47189,CIENAGA,MAGDALENA,Caribe,2022,56.06333881491699,28.66849450806602,27.39484430685097,38.149374432300974,28.528061289204203,4750.0,0,1.0,39045.0,True,2006,2018,14.874077176493701
47205,CONCORDIA,MAGDALENA,Caribe,2022,48.41023189098733,21.204058200762837,27.206173690224496,17.783505154639176,31.72192955273216,4750.0,0,1.0,4231.0,True,2006,2018,14.685406559867227
47245,EL BANCO,MAGDALENA,Caribe,2022,34.22843650168989,22.719332570952258,11.509103930737634,21.623180049012543,32.17486522911051,4750.0,0,1.0,21952.0,True,2006,2018,-1.011663199619635
47258,EL PINON,MAGDALENA,Caribe,2022,41.062131204442906,22.53804864054747,18.524082563895437,22.64933107216883,25.7106540328172,4750.0,0,1.0,5879.0,True,2006,2018,6.003315433538168
47268,EL RETEN,MAGDALENA,Caribe,2022,67.25914861837192,32.59670179096558,34.66244682740634,46.995670995671,35.46652881881623,4750.0,0,1.0,6872.0,True,2006,2018,22.14167969704907
47288,FUNDACION,MAGDALENA,Caribe,2022,46.3204410220511,24.323393465348566,21.997047556702533,27.415589080459768,25.23373137091549,4750.0,0,1.0,23448.0,True,2006,2018,9.476280426345264
47318,GUAMAL,MAGDALENA,Caribe,2022,34.25628530291284,23.44541481027165,10.810870492641193,23.298528116744244,33.24640429903588,4750.0,0,1.0,9142.0,True,2006,2018,-1.709896637716076
47460,NUEVA GRANADA,MAGDALENA,Caribe,2022,36.915077989601386,24.256229835582047,12.658848154019338,17.310708683872807,68.54538157215757,4750.0,0,1.0,6474.0,True,2006,2018,0.1380810236620693
47541,PEDRAZA,MAGDALENA,Caribe,2022,40.23363216517251,23.03365059670405,17.19998156846846,21.839424805272618,35.05086537191175,4750.0,0,1.0,3742.0,True,2006,2018,4.67921443811119
47545,PIJINO DEL CARMEN,MAGDALENA,Caribe,2022,35.52570634553034,25.408966555344293,10.116739790186045,24.920418371987267,48.93866859362298,4750.0,0,1.0,4406.0,True,2006,2018,-2.4040273401712238
47551,PIVIJAY,MAGDALENA,Caribe,2022,60.22326674500588,27.475566108474005,32.747700636531874,35.85483165719283,25.04654951704876,4750.0,0,1.0,12172.0,True,2006,2018,20.226933506174603
47555,PLATO,MAGDALENA,Caribe,2022,54.21014043201173,29.129547213718276,25.08059321829345,37.38769868693849,37.417413139102095,4750.0,0,1.0,18095.0,True,2006,2018,12.559826087936182
47570,PUEBLOVIEJO,MAGDALENA,Caribe,2022,48.53038967947865,26.40655282394159,22.123836855537064,28.350799779371204,45.36129300881941,4750.0,0,1.0,7720.0,True,2006,2018,9.603069725179795
47605,REMOLINO,MAGDALENA,Caribe,2022,58.55072463768117,25.405792605213822,33.14493203246735,31.346967559943582,21.16169544740973,4750.0,0,1.0,2468.0,True,2006,2018,20.62416490211008
47660,SABANAS DE SAN ANGEL,MAGDALENA,Caribe,2022,30.481171548117157,20.874830235122833,9.606341312994324,10.610182666148466,58.873780878479394,4750.0,0,1.0,4870.0,True,2006,2018,-2.914425817362945
47675,SALAMINA,MAGDALENA,Caribe,2022,40.31884057971015,23.399114427656023,16.919726152054125,24.709639953542396,26.677350427350422,4750.0,0,1.0,3515.0,True,2006,2018,4.3989590216968555
47692,SAN SEBASTIAN DE BUENAVISTA,MAGDALENA,Caribe,2022,40.659480025364616,27.811382341928613,12.848097683436002,32.71040974529347,42.68221574344023,4750.0,0,1.0,7971.0,True,2006,2018,0.32733055307873293
47703,SAN ZENON,MAGDALENA,Caribe,2022,36.75406871609403,25.928662447787524,10.825406268306509,31.29161118508655,27.259022789749046,4750.0,0,1.0,4473.0,True,2006,2018,-1.6953608620507605
47707,SANTA ANA,MAGDALENA,Caribe,2022,26.605504587155966,20.879713669694283,5.7257909174616834,17.121253038077235,30.640828011451223,4750.0,0,1.0,7508.0,True,2006,2018,-6.794976212895586
47720,SANTA BARBARA DE PINTO,MAGDALENA,Caribe,2022,54.65116279069767,29.747158345106072,24.904004445591596,38.82814690215868,38.42696629213483,4750.0,0,1.0,4013.0,True,2006,2018,12.383237315234327
47745,SITIONUEVO,MAGDALENA,Caribe,2022,55.795504627589246,29.93270058984779,25.862804037741455,36.94598959267899,48.55061230816928,4750.0,0,1.0,6984.0,True,2006,2018,13.342036907384186
47798,TENERIFE,MAGDALENA,Caribe,2022,47.37963357477631,24.086494084370003,23.293139490406304,23.619126133553173,39.380459398253,4750.0,0,1.0,4790.0,True,2006,2018,10.772372360049035
47960,ZAPAYAN,MAGDALENA,Caribe,2022,30.322029068110574,21.33386039160775,8.988168676502823,13.857016769638127,50.13943760167325,4750.0,0,1.0,3569.0,True,2006,2018,-3.5325984538544457
47980,ZONA BANANERA,MAGDALENA,Caribe,2022,66.61699749880262,32.68762392174553,33.929373577057085,48.77019089574156,28.765605820185023,4750.0,0,1.0,19445.0,True,2006,2018,21.408606446699814
52001,PASTO,NARINO,Pacifica,2022,72.20561117651349,30.304319934864026,41.90129124164946,45.013760572339045,8.244979275916554,61150.0,0,1.0,198351.0,True,2006,2018,29.38052411129219
52019,ALBAN,NARINO,Pacifica,2022,40.61850311850312,21.510720248626058,19.107782869877063,20.06920415224913,15.895495055548771,61150.0,0,1.0,3960.0,True,2006,2018,6.587015739519794
52022,ALDANA,NARINO,Pacifica,2022,69.20750151240169,27.767079137354713,41.44042237504698,37.40690589031821,11.68509895227008,61150.0,0,1.0,3457.0,True,2006,2018,28.919655244689707
52036,ANCUYA,NARINO,Pacifica,2022,79.43813508667064,32.66675726946032,46.77137781721032,50.7785192246584,10.80069509423874,61150.0,0,1.0,3435.0,True,2006,2018,34.25061068685305
52051,ARBOLEDA,NARINO,Pacifica,2022,52.428624397478686,27.2392672931015,25.189357104377187,33.00546448087432,25.30815630736953,61150.0,0,1.0,2830.0,True,2006,2018,12.668589974019918
52079,BARBACOAS,NARINO,Pacifica,2022,71.6047455510459,31.123295447736652,40.48145010330924,32.30060707557044,72.19559815406461,61150.0,0,1.0,6791.0,True,2006,2018,27.96068297295197
52083,BELEN,NARINO,Pacifica,2022,70.68327162571525,29.082926709595938,41.60034491611931,40.53558327219369,13.370239892635464,61150.0,0,1.0,3129.0,True,2006,2018,29.07957778576204
52110,BUESACO,NARINO,Pacifica,2022,48.75405073192535,22.67450018694635,26.079550544979003,22.910592808551996,16.775358683656066,61150.0,0,1.0,9344.0,True,2006,2018,13.558783414621734
52203,COLON,NARINO,Pacifica,2022,74.97030878859857,36.208219480959016,38.762089307639556,59.59044368600682,12.982998454404946,61150.0,0,1.0,3556.0,True,2006,2018,26.241322177282285
52207,CONSACA,NARINO,Pacifica,2022,60.32723772858518,31.29531525192865,29.031922476656533,46.50366748166259,13.428401663695782,61150.0,0,1.0,5391.0,True,2006,2018,16.51115534629926
52210,CONTADERO,NARINO,Pacifica,2022,63.169099756691,30.41148031374476,32.757619442946236,42.99141806293421,18.54851269272699,61150.0,0,1.0,3349.0,True,2006,2018,20.236852312588965
52215,CORDOBA,NARINO,Pacifica,2022,80.64861012116893,39.98692489376738,40.66168522740155,68.07810443176831,19.66682403722938,61150.0,0,1.0,5743.0,True,2006,2018,28.140918097044278
52224,CUASPUD CARLOSAMA,NARINO,Pacifica,2022,70.04510480233483,30.198819016407988,39.846285785926845,40.35628639945187,26.89693593314763,61150.0,0,1.0,3903.0,True,2006,2018,27.325518655569574
52227,CUMBAL,NARINO,Pacifica,2022,80.2047781569966,38.52730130017996,41.67747685681664,65.24049720771032,15.392384916748286,61150.0,0,1.0,14305.0,True,2006,2018,29.15670972645937
52240,CHACHAGUI,NARINO,Pacifica,2022,72.20407528386997,32.44487810885322,39.75919717501675,48.48484848484848,18.046451404062477,61150.0,0,1.0,6607.0,True,2006,2018,27.23843004465948
52233,CUMBITARA,NARINO,Pacifica,2022,92.3469387755102,48.21569026253174,44.13124851297846,89.78494623655914,20.451422963689893,61150.0,0,1.0,3032.0,True,2006,2018,31.610481382621188
52256,EL ROSARIO,NARINO,Pacifica,2022,92.13859020310632,46.35358517355024,45.785005029556075,84.98942917547568,20.221606648199447,61150.0,0,1.0,4264.0,True,2006,2018,33.264237899198804
52250,EL CHARCO,NARINO,Pacifica,2022,84.67780429594272,39.34408368568923,45.33372061025349,57.592778335005015,58.15575910018509,61150.0,0,1.0,6468.0,True,2006,2018,32.81295347989622
52258,EL TABLON DE GOMEZ,NARINO,Pacifica,2022,63.88467374810318,30.135279714952283,33.7493940331509,40.5504234026174,25.810351341140915,61150.0,0,1.0,6150.0,True,2006,2018,21.22862690279363
52254,EL PENOL,NARINO,Pacifica,2022,79.39636587619341,37.84327425499145,41.553091621201965,63.24183976261127,16.319612590799032,61150.0,0,1.0,3317.0,True,2006,2018,29.032324490844694
52260,EL TAMBO,NARINO,Pacifica,2022,57.59744214372717,30.271442583598095,27.325999560129077,43.06468350051885,16.64792804368776,61150.0,0,1.0,6841.0,True,2006,2018,14.805232429771808
52520,FRANCISCO PIZARRO,NARINO,Pacifica,2022,86.82634730538922,38.7108855675244,48.11546173786482,57.70218228498074,49.959623149394346,61150.0,0,1.0,2746.0,True,2006,2018,35.59469460750755
52287,FUNES,NARINO,Pacifica,2022,57.01587301587302,25.34517538463532,31.6706976312377,28.528752800597463,23.35813652539631,61150.0,0,1.0,3222.0,True,2006,2018,19.14993050088043
52317,GUACHUCAL,NARINO,Pacifica,2022,78.91195916946991,39.56454087207952,39.34741829739039,68.33543682512972,14.009020960466968,61150.0,0,1.0,8839.0,True,2006,2018,26.82665116703312
52320,GUAITARILLA,NARINO,Pacifica,2022,77.52301545944069,38.18233794677249,39.340677512668194,64.65863453815261,14.098756265082606,61150.0,0,1.0,5892.0,True,2006,2018,26.819910382310923
52323,GUALMATAN,NARINO,Pacifica,2022,67.88732394366197,31.63683613893616,36.25048780472581,46.52445752114748,15.643879173290935,61150.0,0,1.0,3335.0,True,2006,2018,23.729720674368536
52352,ILES,NARINO,Pacifica,2022,74.58333333333333,38.34740627047972,36.235927062853605,62.032985526758665,27.165354330708663,61150.0,0,1.0,3652.0,True,2006,2018,23.715159932496334
52354,IMUES,NARINO,Pacifica,2022,67.90560471976401,29.970411097922153,37.93519362184186,42.62068965517241,14.643363249881908,61150.0,0,1.0,3488.0,True,2006,2018,25.41442649148459
52356,IPIALES,NARINO,Pacifica,2022,65.66337742922394,26.3138011966101,39.34957623261384,33.87471583733266,10.546056471443745,61150.0,0,1.0,48442.0,True,2006,2018,26.82880910225657
52378,LA CRUZ,NARINO,Pacifica,2022,70.8783344176968,28.748929427093874,42.129404990602936,40.1883830455259,11.601944661184802,61150.0,0,1.0,7951.0,True,2006,2018,29.608637860245665
52381,LA FLORIDA,NARINO,Pacifica,2022,73.71534195933457,36.85434815449619,36.86099380483837,56.87797544475068,32.51906709406433,61150.0,0,1.0,5522.0,True,2006,2018,24.3402266744811
52385,LA LLANADA,NARINO,Pacifica,2022,71.60924552987353,38.21419941370089,33.395046116172644,63.47230864965775,18.925014095094905,61150.0,0,1.0,2389.0,True,2006,2018,20.874278985815373
52390,LA TOLA,NARINO,Pacifica,2022,76.84545937334042,39.08624916754397,37.75921020579645,51.37732222934016,82.2986146741919,61150.0,0,1.0,1935.0,True,2006,2018,25.23844307543918
52399,LA UNION,NARINO,Pacifica,2022,54.5775239375105,27.515652848887626,27.061871088622873,35.08233324030142,19.15699407371042,61150.0,0,1.0,12485.0,True,2006,2018,14.541103958265603
52405,LEIVA,NARINO,Pacifica,2022,87.7742946708464,46.48997196195933,41.284322708887075,83.75900458415192,27.033288623338617,61150.0,0,1.0,5543.0,True,2006,2018,28.763555578529804
52411,LINARES,NARINO,Pacifica,2022,80.81445993031359,38.878534651563406,41.93592527875018,66.45021645021644,14.459716169404402,61150.0,0,1.0,4726.0,True,2006,2018,29.415158148392912
52418,LOS ANDES,NARINO,Pacifica,2022,80.28009939010616,38.61416154811256,41.665937841993596,63.45903771131339,23.701485661637683,61150.0,0,1.0,4579.0,True,2006,2018,29.145170711636325
52427,MAGUI,NARINO,Pacifica,2022,92.58330347545684,48.22873487189244,44.3545686035644,75.52511415525115,82.50890167077513,61150.0,0,1.0,2838.0,True,2006,2018,31.83380147320713
52435,MALLAMA,NARINO,Pacifica,2022,85.65035799522673,41.97900817265901,43.67134982256772,75.14078841512469,11.803813346713495,61150.0,0,1.0,3428.0,True,2006,2018,31.15058269221045
52473,MOSQUERA,NARINO,Pacifica,2022,91.9062832800852,50.11650130168019,41.78978197840502,81.27721335268505,79.18055283277789,61150.0,0,1.0,2870.0,True,2006,2018,29.269014848047746
52490,OLAYA HERRERA,NARINO,Pacifica,2022,83.59923420548819,46.649074016467935,36.95016018902025,72.49714937286203,77.4583255291253,61150.0,0,1.0,6560.0,True,2006,2018,24.42939305866298
52480,NARINO,NARINO,Pacifica,2022,68.1169272603671,31.744930820962615,36.37199643940449,44.89559164733178,25.230846019465936,61150.0,0,1.0,3054.0,True,2006,2018,23.85122930904722
52506,OSPINA,NARINO,Pacifica,2022,56.953391436150056,27.702246839220177,29.25114459692988,36.1328125,15.844636251541306,61150.0,0,1.0,2801.0,True,2006,2018,16.730377466572612
52540,POLICARPA,NARINO,Pacifica,2022,91.36409908381404,47.74900841661726,43.61509066719678,89.47612424663886,16.664621425941835,61150.0,0,1.0,6058.0,True,2006,2018,31.09432353683951
52560,POTOSI,NARINO,Pacifica,2022,60.62764300022256,26.703637385073918,33.924005615148644,34.52652957603453,12.260536398467432,61150.0,0,1.0,4618.0,True,2006,2018,21.403238484791373
52565,PROVIDENCIA,NARINO,Pacifica,2022,86.94598337950139,44.5963403659416,42.349643013559785,79.62518020182604,22.75384282312189,61150.0,0,1.0,2932.0,True,2006,2018,29.828875883202514
52573,PUERRES,NARINO,Pacifica,2022,74.5272997663055,33.25335645897566,41.273943307329844,51.53374233128834,13.987424368252462,61150.0,0,1.0,4829.0,True,2006,2018,28.753176176972573
52585,PUPIALES,NARINO,Pacifica,2022,58.35663060653944,26.966902401160922,31.389728205378518,34.52628452628453,14.709999391394316,61150.0,0,1.0,8604.0,True,2006,2018,18.868961075021247
52612,RICAURTE,NARINO,Pacifica,2022,86.21763356276631,45.06174349405619,41.15589006871012,71.76364456472712,62.34571317872364,61150.0,0,1.0,6260.0,True,2006,2018,28.63512293835285
52621,ROBERTO PAYAN,NARINO,Pacifica,2022,92.62146011951155,45.05455812832231,47.56690199118924,75.86872586872587,44.41898214456221,61150.0,0,1.0,3912.0,True,2006,2018,35.04613486083197
52678,SAMANIEGO,NARINO,Pacifica,2022,87.74560911059427,44.03188272075508,43.713726389839195,77.30795532254388,26.644722960712325,61150.0,0,1.0,12750.0,True,2006,2018,31.192959259481924
52683,SANDONA,NARINO,Pacifica,2022,69.60287996400045,31.43912671765608,38.16375324634437,46.62906258393769,14.657323352975526,61150.0,0,1.0,9209.0,True,2006,2018,25.6429861159871
52685,SAN BERNARDO,NARINO,Pacifica,2022,54.37898089171974,26.21354273467896,28.165438157040782,31.28783709411117,21.24183006535948,61150.0,0,1.0,3897.0,True,2006,2018,15.644671026683513
52687,SAN LORENZO,NARINO,Pacifica,2022,64.25352112676056,33.60965691596557,30.643864210794987,50.67066713731028,21.682906291350896,61150.0,0,1.0,7440.0,True,2006,2018,18.123097080437716
52694,SAN PEDRO DE CARTAGO,NARINO,Pacifica,2022,45.81403633772711,23.91606778322481,21.8979685545023,24.871355060034304,22.48934875228241,61150.0,0,1.0,2923.0,True,2006,2018,9.37720142414503
52693,SAN PABLO,NARINO,Pacifica,2022,86.3773813123677,39.19996701090494,47.17741430146276,67.97146162745854,11.5304145679969,61150.0,0,1.0,6755.0,True,2006,2018,34.65664717110549
52696,SANTA BARBARA,NARINO,Pacifica,2022,83.14384577360356,37.987181179272014,45.156664594331545,50.25940337224384,74.26855045055068,61150.0,0,1.0,2072.0,True,2006,2018,32.635897463974274
52699,SANTACRUZ,NARINO,Pacifica,2022,88.00818205062643,45.947893583136945,42.060288467489485,78.97862232779097,41.13891985003546,61150.0,0,1.0,3989.0,True,2006,2018,29.539521337132214
52720,SAPUYES,NARINO,Pacifica,2022,67.52941176470588,33.86386372530058,33.6655480394053,50.39632874426366,25.935596170583118,61150.0,0,1.0,3070.0,True,2006,2018,21.14478090904803
52786,TAMINANGO,NARINO,Pacifica,2022,88.00615069195284,44.12277124514466,43.88337944680818,79.91226743306609,16.24059174669089,61150.0,0,1.0,7946.0,True,2006,2018,31.362612316450907
52788,TANGUA,NARINO,Pacifica,2022,70.10526315789474,29.789903517156965,40.315359640737775,40.41655681518586,22.36956732165328,61150.0,0,1.0,4924.0,True,2006,2018,27.794592510380504
52835,SAN ANDRES DE TUMACO,NARINO,Pacifica,2022,61.81012143147795,26.261286743449496,35.54883468802846,29.91292582327652,27.616378223665677,61150.0,0,1.0,48992.0,True,2006,2018,23.028067557671186
52838,TUQUERRES,NARINO,Pacifica,2022,76.56921525972304,35.84660242123323,40.72261283848981,58.07326104205237,15.17573790832518,61150.0,0,1.0,19538.0,True,2006,2018,28.201845708132538
52885,YACUANQUER,NARINO,Pacifica,2022,73.64094900056043,33.982304964888385,39.65864403567204,52.40890193201272,18.205879572738443,61150.0,0,1.0,5550.0,True,2006,2018,27.13787690531477
66001,PEREIRA,RISARALDA,Andina,2022,36.87304140206596,17.143721308639595,19.729320093426363,12.896654426223714,5.878216570532207,2398.0,0,1.0,250352.0,True,2006,2018,7.208552963069094
66045,APIA,RISARALDA,Andina,2022,22.230538922155688,14.75854855250068,7.471990369655009,5.767804154302671,9.566685424873382,2398.0,0,1.0,5620.0,True,2006,2018,-5.0487767607022604
66075,BALBOA,RISARALDA,Andina,2022,27.03313253012048,16.01150321367462,11.02162931644586,8.910505836575876,9.967845659163988,2398.0,0,1.0,2771.0,True,2006,2018,-1.4991378139114087
66088,BELEN DE UMBRIA,RISARALDA,Andina,2022,21.458446990361885,15.569120438484553,5.889326551877332,7.091808686091258,13.024581736610898,2398.0,0,1.0,11543.0,True,2006,2018,-6.631440578479937
66170,DOSQUEBRADAS,RISARALDA,Andina,2022,38.82506049576021,16.746764176272453,22.07829631948776,12.188186918340788,4.347445541088097,2398.0,0,1.0,102459.0,True,2006,2018,9.55752918913049
66318,GUATICA,RISARALDA,Andina,2022,21.76363636363636,15.586996669204488,6.17663969443187,7.616974972796518,10.958666203542895,2398.0,0,1.0,5718.0,True,2006,2018,-6.344127435925399
66383,LA CELIA,RISARALDA,Andina,2022,20.599359906895547,16.74931135508056,3.850048551814986,10.379981464318814,12.13844653883653,2398.0,0,1.0,3543.0,True,2006,2018,-8.670718578542283
66400,LA VIRGINIA,RISARALDA,Andina,2022,39.48967193195625,16.93949083480641,22.550181097149842,12.126948072433592,6.5856208138139305,2398.0,0,1.0,17410.0,True,2006,2018,10.029413966792573
66440,MARSELLA,RISARALDA,Andina,2022,31.250829022416767,18.488331093508133,12.762497928908633,13.827971109652,17.29347685125146,2398.0,0,1.0,7856.0,True,2006,2018,0.24173079855136415
66456,MISTRATO,RISARALDA,Andina,2022,45.10850231234436,27.065436792054342,18.04306552029002,31.072298943948013,41.17203693235349,2398.0,0,1.0,5834.0,True,2006,2018,5.522298389932752
66572,PUEBLO RICO,RISARALDA,Andina,2022,58.48477696483361,33.18960702591728,25.295169938916324,44.00101677681749,55.47161965486173,2398.0,0,1.0,4384.0,True,2006,2018,12.774402808559055
66594,QUINCHIA,RISARALDA,Andina,2022,42.29160858656258,19.59818573805933,22.693422848503253,16.872598899387395,16.416487967595902,2398.0,0,1.0,11553.0,True,2006,2018,10.172655718145984
66682,SANTA ROSA DE CABAL,RISARALDA,Andina,2022,32.034913664579435,16.30538919028164,15.729524474297794,10.249440810894988,7.708327430368628,2398.0,0,1.0,38558.0,True,2006,2018,3.2087573439405244
66687,SANTUARIO,RISARALDA,Andina,2022,19.4231129424986,14.703573080497579,4.719539862001023,5.361552028218695,10.337480824953127,2398.0,0,1.0,5572.0,True,2006,2018,-7.8012272683562465
54001,SAN JOSE DE CUCUTA,NORTE DE SANTANDER,Andina,2022,13.86183350239833,15.754765125098924,-1.8929316227005941,6.586175710181425,13.750122052922148,26319.0,0,1.0,340774.0,True,2006,2018,-14.413698753057863
54003,ABREGO,NORTE DE SANTANDER,Andina,2022,12.79391972132056,17.454243070353602,-4.6603233490330425,7.881020848310567,27.89029816056843,26319.0,0,1.0,12791.0,True,2006,2018,-17.181090479390313
54051,ARBOLEDAS,NORTE DE SANTANDER,Andina,2022,6.811926605504587,15.662906813507947,-8.85098020800336,2.627664848785325,29.967909158232533,26319.0,0,1.0,4412.0,True,2006,2018,-21.371747338360628
54099,BOCHALEMA,NORTE DE SANTANDER,Andina,2022,8.920587609112198,14.93315232956261,-6.012564720450412,3.898683883784455,16.19338867045289,26319.0,0,1.0,4763.0,True,2006,2018,-18.53333185080768
54109,BUCARASICA,NORTE DE SANTANDER,Andina,2022,4.714757190004715,16.46208559225658,-11.747328402251867,3.173076923076923,36.675180928054495,26319.0,0,1.0,2153.0,True,2006,2018,-24.268095532609138
54125,CACOTA,NORTE DE SANTANDER,Andina,2022,9.330759330759332,15.081276770420713,-5.750517439661381,2.55863539445629,23.7972824091076,26319.0,0,1.0,1574.0,True,2006,2018,-18.27128457001865
54128,CACHIRA,NORTE DE SANTANDER,Andina,2022,4.684317718940937,15.35723871269306,-10.672920993752124,2.978406552494416,25.04049988428605,26319.0,0,1.0,4459.0,True,2006,2018,-23.193688124109393
54206,CONVENCION,NORTE DE SANTANDER,Andina,2022,34.30156657963446,25.382991764202014,8.918574815432446,27.974854063762912,31.24335812964931,26319.0,0,1.0,6257.0,True,2006,2018,-3.6021923149248227
54223,CUCUTILLA,NORTE DE SANTANDER,Andina,2022,5.819693426864121,17.513718504903174,-11.694025078039054,6.079369546861807,36.17939330543933,26319.0,0,1.0,3919.0,True,2006,2018,-24.214792208396325
54172,CHINACOTA,NORTE DE SANTANDER,Andina,2022,13.065765077980153,15.925630792646208,-2.8598657146660553,6.729458421117858,15.116570569064928,26319.0,0,1.0,9340.0,True,2006,2018,-15.380632845023325
54174,CHITAGA,NORTE DE SANTANDER,Andina,2022,6.9233838786911415,16.40076019556533,-9.477376316874189,4.202028565514386,31.8173204472238,26319.0,0,1.0,5096.0,True,2006,2018,-21.998143447231456
54239,DURANIA,NORTE DE SANTANDER,Andina,2022,7.491039426523298,15.108576600200536,-7.6175371736772375,2.563075690828995,24.021067094114954,26319.0,0,1.0,2839.0,True,2006,2018,-20.138304304034506
54250,EL TARRA,NORTE DE SANTANDER,Andina,2022,70.81361624179515,45.045295826572755,25.76832041522239,75.64402810304449,50.5951753923944,26319.0,0,1.0,6710.0,True,2006,2018,13.247553284865122
54245,EL CARMEN,NORTE DE SANTANDER,Andina,2022,22.629213483146067,22.564875060791707,0.0643384223543606,16.569920844327175,48.71644786353374,26319.0,0,1.0,4508.0,True,2006,2018,-12.456428708002909
54261,EL ZULIA,NORTE DE SANTANDER,Andina,2022,10.390656463954894,16.37867702214846,-5.988020558193565,6.229174379859312,22.554713642832414,26319.0,0,1.0,12638.0,True,2006,2018,-18.508787688550832
54313,GRAMALOTE,NORTE DE SANTANDER,Andina,2022,6.578947368421052,14.749202550384455,-8.170255181963402,3.875205254515599,14.251901944209637,26319.0,0,1.0,3454.0,True,2006,2018,-20.69102231232067
54344,HACARI,NORTE DE SANTANDER,Andina,2022,69.96185632549269,42.380066683265014,27.581789642227676,70.54545454545455,42.35086260652671,26319.0,0,1.0,3204.0,True,2006,2018,15.061022511870407
54347,HERRAN,NORTE DE SANTANDER,Andina,2022,3.64656381486676,15.579567904273057,-11.933004089406298,2.5898520084566594,29.43058221369162,26319.0,0,1.0,2164.0,True,2006,2018,-24.453771219763567
54377,LABATECA,NORTE DE SANTANDER,Andina,2022,7.249999999999999,14.350801885525941,-7.100801885525942,2.400309717382888,16.10689779703864,26319.0,0,1.0,2825.0,True,2006,2018,-19.62156901588321
54385,LA ESPERANZA,NORTE DE SANTANDER,Andina,2022,10.890133230353351,19.53027683889632,-8.640143608542969,12.679589509692132,30.72463768115942,26319.0,0,1.0,5227.0,True,2006,2018,-21.160910738900238
54398,LA PLAYA,NORTE DE SANTANDER,Andina,2022,17.930793428871024,20.296447549386503,-2.3656541205154795,16.139767054908486,24.40526168485866,26319.0,0,1.0,2909.0,True,2006,2018,-14.886421250872749
54405,LOS PATIOS,NORTE DE SANTANDER,Andina,2022,13.403551288623758,15.39790048335327,-1.9943491947295122,6.55189620758483,9.859207022388796,26319.0,0,1.0,43646.0,True,2006,2018,-14.515116325086781
54418,LOURDES,NORTE DE SANTANDER,Andina,2022,4.261106074342703,14.364658366855288,-10.103552292512585,1.0784313725490196,22.04330927262632,26319.0,0,1.0,2238.0,True,2006,2018,-22.624319422869853
54480,MUTISCUA,NORTE DE SANTANDER,Andina,2022,4.418486541391569,14.203652321357573,-9.785165779966004,2.2300469483568075,14.85479311231046,26319.0,0,1.0,1992.0,True,2006,2018,-22.30593291032327
54498,OCANA,NORTE DE SANTANDER,Andina,2022,21.83317423888539,18.662467608175056,3.1707066307103347,14.565257953167274,12.576917168906038,26319.0,0,1.0,50067.0,True,2006,2018,-9.350060499646935
54518,PAMPLONA,NORTE DE SANTANDER,Andina,2022,26.26281112737921,18.125745791822872,8.137065335556336,14.00437636761488,8.686530521147194,26319.0,0,1.0,28127.0,True,2006,2018,-4.383701794800933
54520,PAMPLONITA,NORTE DE SANTANDER,Andina,2022,6.332637439109255,14.757834171696938,-8.425196732587683,3.4443603330809998,16.04787989450193,26319.0,0,1.0,2929.0,True,2006,2018,-20.94596386294495
54553,PUERTO SANTANDER,NORTE DE SANTANDER,Andina,2022,9.03691132795927,15.733822806263932,-6.696911478304662,5.328185328185328,19.31441208993734,26319.0,0,1.0,4778.0,True,2006,2018,-19.21767860866193
54599,RAGONVALIA,NORTE DE SANTANDER,Andina,2022,5.434782608695652,14.986104466078782,-9.55132185738313,3.276622558286074,19.624605091990336,26319.0,0,1.0,3372.0,True,2006,2018,-22.0720889877404
54660,SALAZAR,NORTE DE SANTANDER,Andina,2022,6.483538679054736,15.021965703401161,-8.538427024346426,3.4655623365300787,18.982118294360387,26319.0,0,1.0,5017.0,True,2006,2018,-21.059194154703697
54670,SAN CALIXTO,NORTE DE SANTANDER,Andina,2022,85.33184606804238,47.75266769339267,37.579178374649715,85.68752341701011,38.51739788199698,26319.0,0,1.0,3644.0,True,2006,2018,25.058411244292444
54673,SAN CAYETANO,NORTE DE SANTANDER,Andina,2022,9.815802229762484,16.145054994763168,-6.329252765000684,5.528455284552845,22.92945933802606,26319.0,0,1.0,4182.0,True,2006,2018,-18.850019895357953
54680,SANTIAGO,NORTE DE SANTANDER,Andina,2022,10.554089709762533,16.08124019064219,-5.5271504808796585,6.096897114861187,19.90906138356609,26319.0,0,1.0,1915.0,True,2006,2018,-18.047917611236926
54720,SARDINATA,NORTE DE SANTANDER,Andina,2022,7.873166522864539,18.33212472585786,-10.45895820299332,7.96507723304231,37.17566992769034,26319.0,0,1.0,9427.0,True,2006,2018,-22.97972533335059
54743,SILOS,NORTE DE SANTANDER,Andina,2022,2.7700831024930745,13.93966704763608,-11.169583945143005,1.6184971098265897,14.773323997899528,26319.0,0,1.0,2920.0,True,2006,2018,-23.690351075500274
54800,TEORAMA,NORTE DE SANTANDER,Andina,2022,74.88363072148952,38.83431369610234,36.04931702538718,62.08384710234278,38.245476003147125,26319.0,0,1.0,5278.0,True,2006,2018,23.52854989502991
54810,TIBU,NORTE DE SANTANDER,Andina,2022,31.942828652152237,27.286014821138856,4.65681383101338,29.52229529522296,46.17159393086188,26319.0,0,1.0,18621.0,True,2006,2018,-7.863953299343889
54820,TOLEDO,NORTE DE SANTANDER,Andina,2022,7.907040704070408,17.297785199252186,-9.390744495181778,6.1430171172612384,33.11657522183838,26319.0,0,1.0,7393.0,True,2006,2018,-21.91151162553905
54871,VILLA CARO,NORTE DE SANTANDER,Andina,2022,6.39080459770115,15.662644663474767,-9.271840065773617,2.354637193656896,31.35593220338983,26319.0,0,1.0,2210.0,True,2006,2018,-21.792607196130888
54874,VILLA DEL ROSARIO,NORTE DE SANTANDER,Andina,2022,9.18319745873781,15.306376788614406,-6.123179329876596,5.241428827858553,14.564404061998932,26319.0,0,1.0,45655.0,True,2006,2018,-18.643946460233863
63001,ARMENIA,QUINDIO,Andina,2022,33.14195340430339,16.776287576115447,16.365665828187947,12.11724934266357,5.376065222870376,101.0,0,1.0,156389.0,True,2006,2018,3.8448986978306774
63111,BUENAVISTA,QUINDIO,Andina,2022,29.77566281441196,16.566700002012748,13.20896281239921,10.145985401459855,11.637448713166728,101.0,0,1.0,1512.0,True,2006,2018,0.6881956820419415
63130,CALARCA,QUINDIO,Andina,2022,30.112346469526745,16.6062348792365,13.506111590290246,11.219968046302716,7.249949543003777,101.0,0,1.0,35934.0,True,2006,2018,0.9853444599329766
63190,CIRCASIA,QUINDIO,Andina,2022,29.096844396082695,16.348630829919255,12.74821356616344,10.719121408154054,6.522702104097453,101.0,0,1.0,14364.0,True,2006,2018,0.2274464358061703
63212,CORDOBA,QUINDIO,Andina,2022,33.00617957106507,19.359977244992606,13.646202326072462,17.926394934705183,10.079767947788252,101.0,0,1.0,2847.0,True,2006,2018,1.125435195715193
63272,FILANDIA,QUINDIO,Andina,2022,24.76067746686304,15.040185767738809,9.720491699124231,7.310199048793377,6.268443172672807,101.0,0,1.0,5734.0,True,2006,2018,-2.800275431233038
63302,GENOVA,QUINDIO,Andina,2022,26.63576881134133,16.973343179496528,9.662425631844801,11.27151582454192,11.390070921985815,101.0,0,1.0,3802.0,True,2006,2018,-2.858341498512468
63401,LA TEBAIDA,QUINDIO,Andina,2022,34.85358901269759,18.18981051651206,16.66377849618553,14.72989522383998,10.227447600874088,101.0,0,1.0,16358.0,True,2006,2018,4.14301136582826
63470,MONTENEGRO,QUINDIO,Andina,2022,27.54743917672952,16.129757417097448,11.417681759632071,9.03581601115084,11.127554214810177,101.0,0,1.0,17805.0,True,2006,2018,-1.1030853707251982
63548,PIJAO,QUINDIO,Andina,2022,26.03760198652004,16.398127294228765,9.639474692291277,10.409281340638092,8.529048207663783,101.0,0,1.0,2951.0,True,2006,2018,-2.8812924380659926
63594,QUIMBAYA,QUINDIO,Andina,2022,33.12633547008547,17.889972066841626,15.236363403243846,14.532499831955366,7.604457785598454,101.0,0,1.0,15698.0,True,2006,2018,2.715596272886577
63690,SALENTO,QUINDIO,Andina,2022,27.28857890148213,15.588218173830876,11.700360727651253,8.882783882783883,5.834445927903872,101.0,0,1.0,3558.0,True,2006,2018,-0.8204064027060163
68001,BUCARAMANGA,SANTANDER,Andina,2022,20.2829255911008,17.792087576288907,2.4908380148118923,14.728987563642434,5.558569883804014,1629.0,0,1.0,342388.0,True,2006,2018,-10.029929115545377
68013,AGUADA,SANTANDER,Andina,2022,7.710280373831775,16.94933709222373,-9.239056718391954,9.857142857142858,16.555488174651305,1629.0,0,1.0,862.0,True,2006,2018,-21.75982384874922
68020,ALBANIA,SANTANDER,Andina,2022,15.466666666666669,20.076459818664134,-4.609793151997465,18.543046357615893,15.482310250982763,1629.0,0,1.0,1893.0,True,2006,2018,-17.130560282354736
68051,ARATOCA,SANTANDER,Andina,2022,10.060769750168804,18.072905070951585,-8.01213532078278,12.04780361757106,20.124666073018695,1629.0,0,1.0,4482.0,True,2006,2018,-20.53290245114005
68077,BARBOSA,SANTANDER,Andina,2022,24.65574548907882,22.534296110508542,2.1214493785702793,26.6487116028534,8.076133477156477,1629.0,0,1.0,17064.0,True,2006,2018,-10.39931775178699
68079,BARICHARA,SANTANDER,Andina,2022,16.378772112382933,15.506257177918869,0.8725149344640641,7.366849178695868,11.002509576013736,1629.0,0,1.0,4854.0,True,2006,2018,-11.648252195893205
68081,BARRANCABERMEJA,SANTANDER,Andina,2022,50.215585235040486,29.144860749672397,21.07072448536809,43.37153240969297,11.647489064220554,1629.0,0,1.0,116690.0,True,2006,2018,8.54995735501082
68092,BETULIA,SANTANDER,Andina,2022,9.858616736721435,19.281808389419,-9.423191652697566,14.803220035778176,21.581485053037607,1629.0,0,1.0,2647.0,True,2006,2018,-21.943958783054835
68101,BOLIVAR,SANTANDER,Andina,2022,22.108208955223883,22.943292985101063,-0.83508402987718,23.72093023255814,25.67553247854191,1629.0,0,1.0,4339.0,True,2006,2018,-13.35585116023445
68121,CABRERA,SANTANDER,Andina,2022,5.072463768115942,14.116678159487853,-9.04421439137191,3.419689119170984,12.834890965732088,1629.0,0,1.0,1112.0,True,2006,2018,-21.56498152172918
68132,CALIFORNIA,SANTANDER,Andina,2022,7.570093457943925,14.422698914780296,-6.852605456836371,5.337078651685393,6.894618834080718,1629.0,0,1.0,1092.0,True,2006,2018,-19.37337258719364
68147,CAPITANEJO,SANTANDER,Andina,2022,9.271296613068763,15.20673682261048,-5.935440209541717,5.489443378119002,16.357088703563306,1629.0,0,1.0,2955.0,True,2006,2018,-18.456207339898988
68152,CARCASI,SANTANDER,Andina,2022,6.666666666666667,16.03288409556693,-9.366217428900264,4.842219804134929,28.18401937046005,1629.0,0,1.0,2163.0,True,2006,2018,-21.886984559257534
68160,CEPITA,SANTANDER,Andina,2022,9.935205183585314,15.82187210405462,-5.886666920469306,7.894736842105263,12.680577849117174,1629.0,0,1.0,1397.0,True,2006,2018,-18.407434050826573
68162,CERRITO,SANTANDER,Andina,2022,9.525267993874426,15.412944906251097,-5.887676912376671,6.053975200583516,16.05263157894737,1629.0,0,1.0,3308.0,True,2006,2018,-18.40844404273394
68190,CIMITARRA,SANTANDER,Andina,2022,21.0900970060716,21.513754162491672,-0.42365715642007373,21.705905055962948,17.8923640462102,1629.0,0,1.0,14621.0,True,2006,2018,-12.944424286777343
68207,CONCEPCION,SANTANDER,Andina,2022,12.68485047650345,16.335809045484982,-3.6509585689815314,8.269771176234444,16.641509433962263,1629.0,0,1.0,3083.0,True,2006,2018,-16.1717256993388
68209,CONFINES,SANTANDER,Andina,2022,5.837004405286344,15.656053969724866,-9.819049564438522,7.901726427622842,10.854583046175051,1629.0,0,1.0,1838.0,True,2006,2018,-22.339816694795793
68211,CONTRATACION,SANTANDER,Andina,2022,13.85099685204617,16.86168643342541,-3.010689581379241,11.26039667306462,8.7134318968229,1629.0,0,1.0,1938.0,True,2006,2018,-15.53145671173651
68217,COROMORO,SANTANDER,Andina,2022,7.573149741824441,16.61381746280146,-9.04066772097702,7.886435331230284,21.54973821989529,1629.0,0,1.0,2935.0,True,2006,2018,-21.56143485133429
68229,CURITI,SANTANDER,Andina,2022,13.845050215208037,18.180115691037063,-4.335065475829026,13.787085514834205,14.0,1629.0,0,1.0,7040.0,True,2006,2018,-16.855832606186297
68167,CHARALA,SANTANDER,Andina,2022,15.960221715030976,17.77986493693639,-1.819643221905416,14.043486933971677,8.43241265776477,1629.0,0,1.0,6202.0,True,2006,2018,-14.340410352262685
68169,CHARTA,SANTANDER,Andina,2022,7.421503330161751,14.387876077449267,-6.966372747287516,4.805825242718447,9.985785358919689,1629.0,0,1.0,2116.0,True,2006,2018,-19.487139877644786
68176,CHIMA,SANTANDER,Andina,2022,6.102987921169739,16.114319058475353,-10.011331137305614,6.881533101045297,19.4585448392555,1629.0,0,1.0,1583.0,True,2006,2018,-22.53209826766288
68179,CHIPATA,SANTANDER,Andina,2022,19.001325673884224,20.3991046632624,-1.3977789893781747,19.316022799240027,15.244464944649447,1629.0,0,1.0,2293.0,True,2006,2018,-13.918546119735444
68235,EL CARMEN DE CHUCURI,SANTANDER,Andina,2022,5.364568893817577,17.695123185749328,-12.330554291931751,5.800383208500262,43.06939147264758,1629.0,0,1.0,7304.0,True,2006,2018,-24.85132142228902
68245,EL GUACAMAYO,SANTANDER,Andina,2022,5.0106609808102345,14.440479309902686,-9.429818329092452,4.761904761904762,9.805115712545676,1629.0,0,1.0,944.0,True,2006,2018,-21.95058545944972
68255,EL PLAYON,SANTANDER,Andina,2022,10.17221249270286,17.50337223634163,-7.33115974363877,8.95924553721792,27.31308411214953,1629.0,0,1.0,6950.0,True,2006,2018,-19.85192687399604
68250,EL PENON,SANTANDER,Andina,2022,11.967951927891836,22.456130847356576,-10.48817891946474,20.92871157619359,31.94139194139194,1629.0,0,1.0,2016.0,True,2006,2018,-23.008946049822008
68264,ENCINO,SANTANDER,Andina,2022,4.9490538573508,15.691130844556689,-10.742076987205888,8.238636363636363,9.879725085910652,1629.0,0,1.0,1385.0,True,2006,2018,-23.262844117563155
68266,ENCISO,SANTANDER,Andina,2022,10.578348986653484,15.642539105870542,-5.0641901192170575,5.807622504537205,19.485511531638085,1629.0,0,1.0,2042.0,True,2006,2018,-17.584957249574327
68271,FLORIAN,SANTANDER,Andina,2022,20.779661016949152,23.19239435904727,-2.412733342098118,23.170731707317078,31.266318537859007,1629.0,0,1.0,2971.0,True,2006,2018,-14.933500472455387
68276,FLORIDABLANCA,SANTANDER,Andina,2022,19.734601569775176,17.686429723751985,2.048171846023191,14.808632407297006,3.9718579642907854,1629.0,0,1.0,151810.0,True,2006,2018,-10.472595284334078
68296,GALAN,SANTANDER,Andina,2022,9.135200974421435,15.884291172851174,-6.749090198429739,6.815020862308763,17.704426106526633,1629.0,0,1.0,1671.0,True,2006,2018,-19.26985732878701
68298,GAMBITA,SANTANDER,Andina,2022,7.677261613691931,17.764412601871857,-10.087150988179927,10.43956043956044,23.859749144811857,1629.0,0,1.0,2075.0,True,2006,2018,-22.607918118537196
68307,GIRON,SANTANDER,Andina,2022,18.203813721732462,18.31526933177232,-0.11145561003985804,15.789550283801484,6.665277226857423,1629.0,0,1.0,84397.0,True,2006,2018,-12.632222740397127
68318,GUACA,SANTANDER,Andina,2022,7.070376432078559,15.804442249309188,-8.73406581723063,6.5241029358463205,18.582375478927204,1629.0,0,1.0,3078.0,True,2006,2018,-21.2548329475879
68320,GUADALUPE,SANTANDER,Andina,2022,7.646648044692737,15.83876249836962,-8.192114453676883,7.61487964989059,13.986380303823992,1629.0,0,1.0,2893.0,True,2006,2018,-20.71288158403415
68322,GUAPOTA,SANTANDER,Andina,2022,4.211332312404288,15.833226107934145,-11.621893795529857,7.942973523421588,12.57309941520468,1629.0,0,1.0,1318.0,True,2006,2018,-24.142660925887128
68324,GUAVATA,SANTANDER,Andina,2022,23.244641537324465,24.46852401817133,-1.2238824808468642,30.6207616066771,13.367129135538956,1629.0,0,1.0,2737.0,True,2006,2018,-13.744649611204133
68327,GUEPSA,SANTANDER,Andina,2022,22.87555376560612,23.151118859398782,-0.27556509379266103,27.542799597180263,10.699681962744208,1629.0,0,1.0,2513.0,True,2006,2018,-12.79633222414993
68344,HATO,SANTANDER,Andina,2022,11.87888198757764,20.212610300313884,-8.333728312736243,17.525773195876287,19.90566037735849,1629.0,0,1.0,1311.0,True,2006,2018,-20.854495443093512
68368,JESUS MARIA,SANTANDER,Andina,2022,25.203252032520325,23.685686105613094,1.5175659269072312,28.738621586475944,12.52092400401741,1629.0,0,1.0,1986.0,True,2006,2018,-11.003201203450038
68370,JORDAN,SANTANDER,Andina,2022,6.527093596059114,15.593324143865223,-9.066230547806109,4.441260744985674,24.84952708512468,1629.0,0,1.0,816.0,True,2006,2018,-21.586997678163378
68397,LA PAZ,SANTANDER,Andina,2022,8.404494382022472,16.087894325022745,-7.683399943000273,9.564164648910412,8.178625188158556,1629.0,0,1.0,2249.0,True,2006,2018,-20.204167073357542
68377,LA BELLEZA,SANTANDER,Andina,2022,10.718711276332094,16.120715163521197,-5.402003887189103,9.02027027027027,11.363636363636363,1629.0,0,1.0,3259.0,True,2006,2018,-17.922771017546374
68385,LANDAZURI,SANTANDER,Andina,2022,17.267843438219494,21.905896379717827,-4.638052941498334,22.827373904807008,17.538728198461705,1629.0,0,1.0,5292.0,True,2006,2018,-17.1588200718556
68406,LEBRIJA,SANTANDER,Andina,2022,10.098966351440511,15.961390691700961,-5.86242434026045,8.794995493823889,10.215227333871402,1629.0,0,1.0,22949.0,True,2006,2018,-18.383191470617717
68418,LOS SANTOS,SANTANDER,Andina,2022,9.14458525345622,16.202432801762274,-7.057847548306054,6.880641925777333,21.123921631863254,1629.0,0,1.0,7005.0,True,2006,2018,-19.57861467866332
68425,MACARAVITA,SANTANDER,Andina,2022,7.246376811594203,16.298865527513488,-9.052488715919285,6.4485981308411215,24.272300469483568,1629.0,0,1.0,1250.0,True,2006,2018,-21.573255846276552
68432,MALAGA,SANTANDER,Andina,2022,19.047156995924706,17.025396327136075,2.0217606687886303,12.236655386966488,7.640414984412531,1629.0,0,1.0,10504.0,True,2006,2018,-10.499006461568639
68444,MATANZA,SANTANDER,Andina,2022,7.352062163777645,16.178828453632043,-8.826766289854397,8.500345542501728,13.937360178970918,1629.0,0,1.0,3379.0,True,2006,2018,-21.34753342021167
68464,MOGOTES,SANTANDER,Andina,2022,8.189992181391712,17.48734188072439,-9.297349699332678,10.283505154639174,20.97300504301394,1629.0,0,1.0,5183.0,True,2006,2018,-21.81811682968995
68468,MOLAGAVITA,SANTANDER,Andina,2022,6.744186046511628,15.724713941929865,-8.980527895418238,4.411764705882353,26.845466155810985,1629.0,0,1.0,2174.0,True,2006,2018,-21.501295025775505
68498,OCAMONTE,SANTANDER,Andina,2022,7.107563664006081,15.232416096888661,-8.12485243288258,6.405163853028799,12.232752920432004,1629.0,0,1.0,2664.0,True,2006,2018,-20.645619563239848
68500,OIBA,SANTANDER,Andina,2022,11.613113684553907,17.32083972823266,-5.707726043678752,11.804670912951169,12.592665810022734,1629.0,0,1.0,6177.0,True,2006,2018,-18.22849317403602
68502,ONZAGA,SANTANDER,Andina,2022,6.506691278264882,17.148258213482674,-10.641566935217792,8.255813953488373,26.04378818737271,1629.0,0,1.0,2188.0,True,2006,2018,-23.16233406557506
68522,PALMAR,SANTANDER,Andina,2022,9.138655462184872,19.63396855279971,-10.49531309061484,17.696629213483146,14.228295819935692,1629.0,0,1.0,959.0,True,2006,2018,-23.016080220972107
68524,PALMAS DEL SOCORRO,SANTANDER,Andina,2022,6.8139963167587485,15.721131168738385,-8.907134851979636,7.827926657263752,12.088815789473683,1629.0,0,1.0,1644.0,True,2006,2018,-21.427901982336905
68533,PARAMO,SANTANDER,Andina,2022,8.943687891056312,14.782695014877442,-5.83900712382113,5.653206650831353,10.424710424710424,1629.0,0,1.0,2745.0,True,2006,2018,-18.359774254178397
68547,PIEDECUESTA,SANTANDER,Andina,2022,17.472517447429638,18.372584007045784,-0.9000665596161461,16.233794642206117,5.552151155368313,1629.0,0,1.0,88513.0,True,2006,2018,-13.420833689973415
68549,PINCHOTE,SANTANDER,Andina,2022,13.698098564221963,17.09548790369651,-3.3973893394745485,12.593703148425789,7.067534215840252,1629.0,0,1.0,2597.0,True,2006,2018,-15.918156469831818
68572,PUENTE NACIONAL,SANTANDER,Andina,2022,24.44642402646984,21.650601396296516,2.7958226301733227,24.60122699386503,7.2122721066581,1629.0,0,1.0,7955.0,True,2006,2018,-9.724944500183947
68573,PUERTO PARRA,SANTANDER,Andina,2022,14.641241111829348,18.236546592536605,-3.595305480707257,12.91616526273566,18.45212068211631,1629.0,0,1.0,3158.0,True,2006,2018,-16.116072611064524
68575,PUERTO WILCHES,SANTANDER,Andina,2022,41.64845237255869,28.544321842079263,13.104130530479424,37.10790738313674,32.099817023156035,1629.0,0,1.0,14525.0,True,2006,2018,0.5833634001221544
68615,RIONEGRO,SANTANDER,Andina,2022,10.68991660348749,17.244258355717736,-6.554341752230247,10.797918473547268,16.272341774660166,1629.0,0,1.0,14699.0,True,2006,2018,-19.075108882587514
68655,SABANA DE TORRES,SANTANDER,Andina,2022,18.27120322557827,20.87227761066709,-2.601074385088822,19.2405292731557,21.065733458402484,1629.0,0,1.0,14346.0,True,2006,2018,-15.121841515446091
68669,SAN ANDRES,SANTANDER,Andina,2022,12.629132231404958,17.2341842609504,-4.605052029545442,11.447020839448196,13.487789605510333,1629.0,0,1.0,3934.0,True,2006,2018,-17.12581915990271
68673,SAN BENITO,SANTANDER,Andina,2022,9.03954802259887,16.494838441349334,-7.455290418750463,9.855951478392722,11.977818853974124,1629.0,0,1.0,1600.0,True,2006,2018,-19.976057549107733
68679,SAN GIL,SANTANDER,Andina,2022,19.19413460333375,18.12713296905002,1.0670016342837307,15.729125049940071,5.023489808752266,1629.0,0,1.0,32188.0,True,2006,2018,-11.453765496073538
68682,SAN JOAQUIN,SANTANDER,Andina,2022,9.375,15.89768359415301,-6.52268359415301,7.920792079207921,12.87494231656668,1629.0,0,1.0,1191.0,True,2006,2018,-19.04345072451028
68684,SAN JOSE DE MIRANDA,SANTANDER,Andina,2022,9.933283914010378,16.340100112866793,-6.406816198856415,6.180008295313148,26.234269119070667,1629.0,0,1.0,2734.0,True,2006,2018,-18.927583329213682
68686,SAN MIGUEL,SANTANDER,Andina,2022,14.62264150943396,16.334913391997663,-1.7122718825637033,8.051948051948052,17.87916152897657,1629.0,0,1.0,1289.0,True,2006,2018,-14.233039012920973
68689,SAN VICENTE DE CHUCURI,SANTANDER,Andina,2022,13.148447948194551,19.981618331150948,-6.833170382956396,16.598579040852577,22.17663421418637,1629.0,0,1.0,14427.0,True,2006,2018,-19.353937513313667
68720,SANTA HELENA DEL OPON,SANTANDER,Andina,2022,7.65143464399575,18.615891453695404,-10.964456809699655,12.633181126331811,22.658227848101262,1629.0,0,1.0,1905.0,True,2006,2018,-23.485223940056926
68705,SANTA BARBARA,SANTANDER,Andina,2022,7.923497267759563,16.102166196389263,-8.1786689286297,7.644444444444444,16.74854845913354,1629.0,0,1.0,1480.0,True,2006,2018,-20.69943605898697
68745,SIMACOTA,SANTANDER,Andina,2022,13.350923482849606,19.855875150148215,-6.504951667298609,15.675500969618616,24.797009923959276,1629.0,0,1.0,3831.0,True,2006,2018,-19.025718797655877
68755,SOCORRO,SANTANDER,Andina,2022,14.642252840222383,16.455001324824035,-1.8127484846016522,11.54799858306766,4.134598792062122,1629.0,0,1.0,16684.0,True,2006,2018,-14.333515614958921
68770,SUAITA,SANTANDER,Andina,2022,9.750390015600624,17.67315628997812,-7.922766274377496,12.3640222870788,14.166380592745163,1629.0,0,1.0,5175.0,True,2006,2018,-20.443533404734765
68773,SUCRE,SANTANDER,Andina,2022,10.41041041041041,18.025201838213935,-7.6147914278035245,13.092463092463092,15.319642265650876,1629.0,0,1.0,3022.0,True,2006,2018,-20.135558558160795
68780,SURATA,SANTANDER,Andina,2022,9.481915933528835,16.409325451197265,-6.92740951766843,8.238341968911918,17.869318181818183,1629.0,0,1.0,2070.0,True,2006,2018,-19.4481766480257
68820,TONA,SANTANDER,Andina,2022,8.487833140208574,16.29239656573211,-7.8045634255235345,8.841886269070736,13.45808383233533,1629.0,0,1.0,3498.0,True,2006,2018,-20.325330555880804
68855,VALLE DE SAN JOSE,SANTANDER,Andina,2022,12.643036561540608,17.40721679827174,-4.764180236731132,12.908067542213884,8.923512747875353,1629.0,0,1.0,3619.0,True,2006,2018,-17.2849473670884
68867,VETAS,SANTANDER,Andina,2022,4.111111111111112,13.150952416236965,-9.039841305125854,1.711229946524064,8.683314415437003,1629.0,0,1.0,925.0,True,2006,2018,-21.560608435483125
68861,VELEZ,SANTANDER,Andina,2022,23.77016129032258,21.771036997080866,1.9991242932417137,23.53084316826865,12.697203786312697,1629.0,0,1.0,10079.0,True,2006,2018,-10.521642837115555
68872,VILLANUEVA,SANTANDER,Andina,2022,9.593852908891328,15.489765239215114,-5.895912330323785,7.726027397260274,9.308550185873608,1629.0,0,1.0,4602.0,True,2006,2018,-18.416679460681053
68895,ZAPATOCA,SANTANDER,Andina,2022,12.909632571996028,16.290048574205034,-3.3804160022090066,10.468187274909964,6.632825719120135,1629.0,0,1.0,5112.0,True,2006,2018,-15.901183132566276
70001,SINCELEJO,SUCRE,Caribe,2022,57.933967641513576,32.495596399689006,25.43837124182457,50.34647300932483,18.89944185195352,10340.0,0,1.0,116649.0,True,2006,2018,12.9176041114673
70110,BUENAVISTA,SUCRE,Caribe,2022,55.953128269512455,30.87752688094428,25.075601388568174,42.02447163515017,36.571714142928535,10340.0,0,1.0,4860.0,True,2006,2018,12.554834258210905
70124,CAIMITO,SUCRE,Caribe,2022,64.86317108836433,36.4630470807232,28.400124007641125,57.84538445509481,32.18813292326157,10340.0,0,1.0,4876.0,True,2006,2018,15.879356877283856
70204,COLOSO,SUCRE,Caribe,2022,58.07641633728591,32.73519847751326,25.341217859772655,41.307155773701886,61.027809816737154,10340.0,0,1.0,3891.0,True,2006,2018,12.820450729415386
70215,COROZAL,SUCRE,Caribe,2022,60.3757349777714,31.55129834238578,28.82443663538562,48.04538305998652,18.18885919086381,10340.0,0,1.0,28430.0,True,2006,2018,16.303669505028353
70221,COVENAS,SUCRE,Caribe,2022,51.87469566628794,31.582068188594413,20.29262747769353,45.80865194758571,28.20699226753024,10340.0,0,1.0,6326.0,True,2006,2018,7.7718603473362595
70233,EL ROBLE,SUCRE,Caribe,2022,70.49180327868852,36.59227123168364,33.89953204700488,57.6433831733988,34.72307377886777,10340.0,0,1.0,5315.0,True,2006,2018,21.37876491664761
70230,CHALAN,SUCRE,Caribe,2022,50.58651026392962,31.322940597078443,19.263569666851176,37.75733683749453,60.271186440677965,10340.0,0,1.0,2097.0,True,2006,2018,6.742802536493906
70235,GALERAS,SUCRE,Caribe,2022,31.05303612605688,22.728898984653597,8.324137141403284,22.592121982210926,26.99244033796136,10340.0,0,1.0,7990.0,True,2006,2018,-4.196629988953985
70265,GUARANDA,SUCRE,Caribe,2022,28.64228146311221,23.131749418729992,5.5105320443822166,16.549739161719735,58.17006018696376,10340.0,0,1.0,4936.0,True,2006,2018,-7.010235085975053
70400,LA UNION,SUCRE,Caribe,2022,64.1956438670233,37.302810470740994,26.892833396282313,59.7684515195369,33.4144222415291,10340.0,0,1.0,5353.0,True,2006,2018,14.372066265925044
70418,LOS PALMITOS,SUCRE,Caribe,2022,70.47028144950994,37.51042009363072,32.95986135587922,62.93686315588991,22.234437268104987,10340.0,0,1.0,11274.0,True,2006,2018,20.43909422552195
70429,MAJAGUAL,SUCRE,Caribe,2022,26.019510634895248,22.64519533772305,3.374315297172199,16.751539104659116,51.64612837962112,10340.0,0,1.0,12717.0,True,2006,2018,-9.14645183318507
70473,MORROA,SUCRE,Caribe,2022,61.05147596974872,33.27621609491655,27.775259874832173,50.23904382470119,28.514436405436477,10340.0,0,1.0,8373.0,True,2006,2018,15.254492744474904
70508,OVEJAS,SUCRE,Caribe,2022,62.815474631036594,33.649148921552595,29.166325709484,51.06498685760899,29.27537526804861,10340.0,0,1.0,11644.0,True,2006,2018,16.645558579126728
70523,PALMITO,SUCRE,Caribe,2022,50.65550465961144,32.938958878337814,17.716545781273624,45.54560954816709,45.14919419179831,10340.0,0,1.0,6430.0,True,2006,2018,5.195778650916354
70670,SAMPUES,SUCRE,Caribe,2022,56.65675586389164,30.531388946903753,26.125366916987886,39.95936521882379,41.49763543044131,10340.0,0,1.0,18512.0,True,2006,2018,13.604599786630617
70678,SAN BENITO ABAD,SUCRE,Caribe,2022,53.800316186306695,30.79188619765636,23.008429988650335,41.92561781257646,36.22750970169731,10340.0,0,1.0,8302.0,True,2006,2018,10.487662858293065
70702,SAN JUAN DE BETULIA,SUCRE,Caribe,2022,61.61123853211009,34.22729089946928,27.38394763264081,53.492510751890855,25.396352809825085,10340.0,0,1.0,7071.0,True,2006,2018,14.863180502283543
70708,SAN MARCOS,SUCRE,Caribe,2022,49.7809475292919,27.58962958805752,22.19131794123438,34.797180738331114,30.154740692112917,10340.0,0,1.0,20037.0,True,2006,2018,9.670550810877112
70713,SAN ONOFRE,SUCRE,Caribe,2022,56.68730829330401,31.338132244752153,25.349176048551854,42.02890139864199,41.90857524190857,10340.0,0,1.0,17693.0,True,2006,2018,12.828408918194585
70717,SAN PEDRO,SUCRE,Caribe,2022,54.59201092523045,31.236670434982983,23.355340490247464,44.459198454852725,30.08328706274292,10340.0,0,1.0,8951.0,True,2006,2018,10.834573359890195
70742,SAN LUIS DE SINCE,SUCRE,Caribe,2022,47.918993373538825,30.182579769397,17.736413604141823,41.50449965387278,30.717503643831986,10340.0,0,1.0,13789.0,True,2006,2018,5.215646473784554
70771,SUCRE,SUCRE,Caribe,2022,35.58047818585162,24.63798184812037,10.94249633773125,22.828034034930585,48.30420090943223,10340.0,0,1.0,8240.0,True,2006,2018,-1.5782707926260198
70820,SANTIAGO DE TOLU,SUCRE,Caribe,2022,65.02341631747596,35.851607101000255,29.171809216475708,58.09618081333004,23.750468574284643,10340.0,0,1.0,12562.0,True,2006,2018,16.651042086118437
70823,SAN JOSE DE TOLUVIEJO,SUCRE,Caribe,2022,54.37206572769953,29.73942479305739,24.63264093464214,40.368172216074846,30.64942844306893,10340.0,0,1.0,10430.0,True,2006,2018,12.11187380428487
73001,IBAGUE,TOLIMA,Andina,2022,35.71441772783558,18.570771132239003,17.14364659559658,16.767147437841423,5.424858164713121,3052.0,0,1.0,279349.0,True,2006,2018,4.6228794652393095
73024,ALPUJARRA,TOLIMA,Andina,2022,16.83778234086242,16.389367979532047,0.44841436133037504,9.412350597609562,12.475442043222005,3052.0,0,1.0,1992.0,True,2006,2018,-12.072352769026894
73026,ALVARADO,TOLIMA,Andina,2022,30.63129452223041,21.893551587225435,8.737742935004974,23.560948081264108,14.064362336114424,3052.0,0,1.0,4189.0,True,2006,2018,-3.7830241953522954
73030,AMBALEMA,TOLIMA,Andina,2022,33.822208919485185,21.884886148556806,11.937322770928379,22.93488824101069,16.477621091354997,3052.0,0,1.0,3430.0,True,2006,2018,-0.5834443594288903
73043,ANZOATEGUI,TOLIMA,Andina,2022,19.230769230769237,18.609483125276345,0.6212861054928922,13.350861817119489,20.906336451060465,3052.0,0,1.0,3785.0,True,2006,2018,-11.899481024864377
73055,ARMERO,TOLIMA,Andina,2022,41.03235459135964,23.80501640052847,17.227338190831173,28.391451068616423,14.930248984637116,3052.0,0,1.0,5534.0,True,2006,2018,4.7065710604739035
73067,ATACO,TOLIMA,Andina,2022,14.773827638677547,17.529341538183658,-2.755513899506111,7.3431426985008335,34.77330113074981,3052.0,0,1.0,7358.0,True,2006,2018,-15.27628102986338
73124,CAJAMARCA,TOLIMA,Andina,2022,27.231449396582622,19.85804550293707,7.373403893645552,18.75409836065574,11.22827346465817,3052.0,0,1.0,8625.0,True,2006,2018,-5.147363236711717
73148,CARMEN DE APICALA,TOLIMA,Andina,2022,19.538123167155423,16.510108235904163,3.02801493125126,10.570236439499304,8.550031204493447,3052.0,0,1.0,5607.0,True,2006,2018,-9.49275219910601
73152,CASABIANCA,TOLIMA,Andina,2022,18.30708661417323,15.539362370036999,2.7677242441362306,6.586594343277799,14.90174672489083,3052.0,0,1.0,2628.0,True,2006,2018,-9.753042886221039
73200,COELLO,TOLIMA,Andina,2022,40.78728954232867,23.452875033055026,17.334414509273646,27.35699152542373,15.730486991327552,3052.0,0,1.0,4320.0,True,2006,2018,4.813647378916377
73217,COYAIMA,TOLIMA,Andina,2022,48.82726606401173,29.307278797758656,19.519987266253075,37.863382500358014,37.57039844202326,3052.0,0,1.0,8402.0,True,2006,2018,6.999220135895806
73226,CUNDAY,TOLIMA,Andina,2022,17.329311763092953,17.59241151163657,-0.26309974854361684,11.151685393258427,19.02860087606287,3052.0,0,1.0,3692.0,True,2006,2018,-12.783866878900886
73168,CHAPARRAL,TOLIMA,Andina,2022,28.78787878787879,19.46040154188699,9.327477245991798,15.495411778371473,21.12399065269198,3052.0,0,1.0,18295.0,True,2006,2018,-3.1932898843654716
73236,DOLORES,TOLIMA,Andina,2022,20.375760783276,18.343699531262022,2.0320612520139782,13.378023899737688,17.956485816579455,3052.0,0,1.0,3839.0,True,2006,2018,-10.488705878343291
73268,ESPINAL,TOLIMA,Andina,2022,30.31820110309716,18.4440103475246,11.87419075557256,15.599831710542134,8.89183314973055,3052.0,0,1.0,36448.0,True,2006,2018,-0.6465763747847095
73270,FALAN,TOLIMA,Andina,2022,28.402177393531858,20.35857776411862,8.043599629413237,18.388195232690123,18.78402903811252,3052.0,0,1.0,3218.0,True,2006,2018,-4.477167500944033
73275,FLANDES,TOLIMA,Andina,2022,26.506250587461228,18.55927098855515,7.946979598906079,16.334446719103546,7.04163462594749,3052.0,0,1.0,10920.0,True,2006,2018,-4.57378753145119
73283,FRESNO,TOLIMA,Andina,2022,18.831620431187694,15.502324874204168,3.329295556983526,7.199681782020684,11.777175423964415,3052.0,0,1.0,13386.0,True,2006,2018,-9.191471573373743
73319,GUAMO,TOLIMA,Andina,2022,20.80191415313225,17.33736827555591,3.464545877576338,11.44188250157928,14.3426426030826,3052.0,0,1.0,14118.0,True,2006,2018,-9.056221252780931
73347,HERVEO,TOLIMA,Andina,2022,17.864077669902912,16.306243045310797,1.5578346245921146,8.453373768006065,15.673636220720011,3052.0,0,1.0,2661.0,True,2006,2018,-10.962932505765155
73349,HONDA,TOLIMA,Andina,2022,32.95154185022026,18.723866888420957,14.227674961799302,16.02115832885064,10.301938205950863,3052.0,0,1.0,12852.0,True,2006,2018,1.7069078314420327
73352,ICONONZO,TOLIMA,Andina,2022,40.820688181235305,25.555530726981985,15.26515745425332,33.45170454545455,13.428199218358554,3052.0,0,1.0,4796.0,True,2006,2018,2.7443903238960505
73408,LERIDA,TOLIMA,Andina,2022,38.67457962413452,22.763690585368295,15.910889038766229,25.97246357438845,13.723410523834778,3052.0,0,1.0,8330.0,True,2006,2018,3.3901219084089593
73411,LIBANO,TOLIMA,Andina,2022,42.168081702965424,22.443637333450003,19.72444436951542,25.63876651982379,11.445599951347075,3052.0,0,1.0,16889.0,True,2006,2018,7.203677239158152
73443,SAN SEBASTIAN DE MARIQUITA,TOLIMA,Andina,2022,30.207866965142312,19.670689926140703,10.537177039001609,18.025873775998857,12.04139775568347,3052.0,0,1.0,16257.0,True,2006,2018,-1.9835900913556603
73449,MELGAR,TOLIMA,Andina,2022,18.989741302408564,16.781696196342846,2.2080451060657182,11.1035632680788,9.498711988866846,3052.0,0,1.0,18326.0,True,2006,2018,-10.312722024291551
73461,MURILLO,TOLIMA,Andina,2022,31.507775524002707,18.3063455177971,13.201430006205605,13.870967741935484,14.48626045400239,3052.0,0,1.0,1550.0,True,2006,2018,0.680662875848336
73483,NATAGAIMA,TOLIMA,Andina,2022,46.76499234729373,26.48775062654606,20.277241720747668,34.27648777487314,20.65994115174443,3052.0,0,1.0,7364.0,True,2006,2018,7.756474590390399
73504,ORTEGA,TOLIMA,Andina,2022,31.225335438042624,22.62311790183578,8.602217536206844,22.27509427186209,28.346031960083607,3052.0,0,1.0,10446.0,True,2006,2018,-3.9185495941504254
73520,PALOCABILDO,TOLIMA,Andina,2022,25.67991631799163,20.189590578708476,5.490325739283154,18.29302987197724,17.294296909011756,3052.0,0,1.0,3946.0,True,2006,2018,-7.030441391074115
73547,PIEDRAS,TOLIMA,Andina,2022,39.909297052154194,22.953151868757086,16.95614518339711,26.74376581134803,12.341428053642623,3052.0,0,1.0,3162.0,True,2006,2018,4.435378053039839
73555,PLANADAS,TOLIMA,Andina,2022,27.15011930698205,22.14808906522383,5.00203024175822,20.4361971321846,30.46086592568479,3052.0,0,1.0,9965.0,True,2006,2018,-7.518736888599049
73563,PRADO,TOLIMA,Andina,2022,22.331566994700985,18.506517194266998,3.8250498004339875,13.797600417318728,17.711896617255796,3052.0,0,1.0,4046.0,True,2006,2018,-8.695717329923282
73585,PURIFICACION,TOLIMA,Andina,2022,37.55611420362722,24.034619531726598,13.52149467190062,29.02010050251256,15.1239926984551,3052.0,0,1.0,11512.0,True,2006,2018,1.00072754154335
73616,RIOBLANCO,TOLIMA,Andina,2022,17.252810608244452,19.418814487610085,-2.1660038793656327,12.35590193213184,34.078153684762654,3052.0,0,1.0,7159.0,True,2006,2018,-14.686771009722902
73622,RONCESVALLES,TOLIMA,Andina,2022,16.260162601626014,17.220608686160826,-0.9604460845348122,10.497539639147076,16.70920871784803,3052.0,0,1.0,1777.0,True,2006,2018,-13.481213214892081
73624,ROVIRA,TOLIMA,Andina,2022,17.699115044247787,17.384849746342205,0.3142652979055818,10.10619257845126,20.840751730959447,3052.0,0,1.0,9061.0,True,2006,2018,-12.206501832451687
73671,SALDANA,TOLIMA,Andina,2022,23.916509639078125,19.247757950291554,4.668751688786571,15.192038563209454,19.94601505895724,3052.0,0,1.0,7127.0,True,2006,2018,-7.852015441570698
73675,SAN ANTONIO,TOLIMA,Andina,2022,16.343998369675976,17.109919357215883,-0.7659209875399071,8.129925043244283,26.25893012719986,3052.0,0,1.0,5052.0,True,2006,2018,-13.286688117897176
73678,SAN LUIS,TOLIMA,Andina,2022,17.250554323725055,16.3737804300317,0.876773893693354,8.547145606157795,16.088639920916055,3052.0,0,1.0,6916.0,True,2006,2018,-11.643993236663915
73686,SANTA ISABEL,TOLIMA,Andina,2022,16.76694745286803,15.747304735411058,1.019642717456973,7.79031670913724,12.315957023477916,3052.0,0,1.0,2535.0,True,2006,2018,-11.501124412900296
73770,SUAREZ,TOLIMA,Andina,2022,21.210801393728225,17.167919772662465,4.04288162106576,10.058637798827244,18.86244921648288,3052.0,0,1.0,2334.0,True,2006,2018,-8.477885509291509
73854,VALLE DE SAN JUAN,TOLIMA,Andina,2022,14.884615384615383,16.0271825157347,-1.1425671311193177,7.578124999999999,16.459351399378054,3052.0,0,1.0,2653.0,True,2006,2018,-13.663334261476587
73861,VENADILLO,TOLIMA,Andina,2022,29.915110356536506,19.614484250880924,10.300626105655581,16.663644605621034,17.97919762258544,3052.0,0,1.0,6039.0,True,2006,2018,-2.2201410247016877
73870,VILLAHERMOSA,TOLIMA,Andina,2022,20.558464223385688,17.466429701662722,3.0920345217229652,11.931993817619784,13.908450704225352,3052.0,0,1.0,2979.0,True,2006,2018,-9.428732608634304
73873,VILLARRICA,TOLIMA,Andina,2022,16.045245077503143,17.928554025622937,-1.8833089481197938,12.243150684931509,17.842157842157842,3052.0,0,1.0,2448.0,True,2006,2018,-14.404076078477063
76001,CALI,VALLE DEL CAUCA,Pacifica,2022,54.610743801652895,22.899439233893705,31.71130456775919,27.03212721554334,4.113592637677799,42606.0,0,1.0,1002026.0,True,2006,2018,19.19053743740192
76020,ALCALA,VALLE DEL CAUCA,Pacifica,2022,33.3453172748517,19.857764219818367,13.487553055033334,17.26604795050271,11.63173037402384,42606.0,0,1.0,5792.0,True,2006,2018,0.9667859246760653
76036,ANDALUCIA,VALLE DEL CAUCA,Pacifica,2022,52.71054210842168,24.3411755414565,28.369366566965176,30.45365747775125,5.850858309874703,42606.0,0,1.0,10387.0,True,2006,2018,15.848599436607907
76041,ANSERMANUEVO,VALLE DEL CAUCA,Pacifica,2022,24.206251538272213,16.122178601899147,8.084072936373065,7.1751128951329655,12.759568078717017,42606.0,0,1.0,8403.0,True,2006,2018,-4.436694193984204
76054,ARGELIA,VALLE DEL CAUCA,Pacifica,2022,16.27092253795251,16.75933599145213,-0.48841345349961784,8.161004431314623,15.754792332268371,42606.0,0,1.0,2661.0,True,2006,2018,-13.009180583856887
76100,BOLIVAR,VALLE DEL CAUCA,Pacifica,2022,28.96399706098457,18.243459719751968,10.720537341232603,12.105737458696304,15.706165911216637,42606.0,0,1.0,7004.0,True,2006,2018,-1.800229789124666
76109,BUENAVENTURA,VALLE DEL CAUCA,Pacifica,2022,79.64148957610229,34.90662320210935,44.734866373992936,56.001456222316605,16.653757380673436,42606.0,0,1.0,92595.0,True,2006,2018,32.214099243635665
76111,GUADALAJARA DE BUGA,VALLE DEL CAUCA,Pacifica,2022,57.12713447171826,22.998449922012696,34.12868454970556,27.27190145706915,4.1891287769216605,42606.0,0,1.0,62498.0,True,2006,2018,21.60791741934829
76113,BUGALAGRANDE,VALLE DEL CAUCA,Pacifica,2022,61.609935602575895,28.260543349155306,33.34939225342059,39.84464008285863,10.44484793463459,42606.0,0,1.0,11257.0,True,2006,2018,20.82862512306332
76122,CAICEDONIA,VALLE DEL CAUCA,Pacifica,2022,28.508608481776847,17.914432893688822,10.594175588088024,12.877643504531722,8.460890861778662,42606.0,0,1.0,14091.0,True,2006,2018,-1.9265915422692448
76130,CANDELARIA,VALLE DEL CAUCA,Pacifica,2022,66.9714615717792,28.368318785966586,38.603142785812615,40.89122661859874,6.442464490818424,42606.0,0,1.0,43638.0,True,2006,2018,26.082375655455344
76147,CARTAGO,VALLE DEL CAUCA,Pacifica,2022,38.23907672521745,17.520670984234677,20.718405740982774,12.552188793520529,5.3997188977384045,42606.0,0,1.0,61815.0,True,2006,2018,8.197638610625505
76233,DAGUA,VALLE DEL CAUCA,Pacifica,2022,41.697634636937416,20.99364472958507,20.703989907352344,20.42389210019268,10.981036662452592,42606.0,0,1.0,17587.0,True,2006,2018,8.183222776995075
76126,CALIMA,VALLE DEL CAUCA,Pacifica,2022,42.78124584938239,21.46503058643183,21.316215262950557,22.203389830508478,8.735014985014985,42606.0,0,1.0,7845.0,True,2006,2018,8.795448132593288
76243,EL AGUILA,VALLE DEL CAUCA,Pacifica,2022,17.036625971143174,15.62633993078207,1.410286040361104,5.633802816901409,13.929201139292012,42606.0,0,1.0,3741.0,True,2006,2018,-11.110481089996165
76246,EL CAIRO,VALLE DEL CAUCA,Pacifica,2022,20.46026609133405,17.401146375569056,3.059119715764993,10.646659521257591,12.299724874575174,42606.0,0,1.0,2863.0,True,2006,2018,-9.461647414592276
76248,EL CERRITO,VALLE DEL CAUCA,Pacifica,2022,66.61237785016286,27.57580505670022,39.03657279346264,38.79168301294625,6.818223961134084,42606.0,0,1.0,29334.0,True,2006,2018,26.51580566310537
76250,EL DOVIO,VALLE DEL CAUCA,Pacifica,2022,27.712137486573575,19.14865874317891,8.563478743394665,14.21747042766151,16.701977401129945,42606.0,0,1.0,4842.0,True,2006,2018,-3.9572883869626043
76275,FLORIDA,VALLE DEL CAUCA,Pacifica,2022,72.55110440389629,32.70284943675777,39.84825496713852,51.973101393251184,8.605899607061819,42606.0,0,1.0,30237.0,True,2006,2018,27.327487836781252
76306,GINEBRA,VALLE DEL CAUCA,Pacifica,2022,49.96133771505896,22.661546160700272,27.299791554358688,25.95301418439716,5.982274741506647,42606.0,0,1.0,10781.0,True,2006,2018,14.779024424001419
76318,GUACARI,VALLE DEL CAUCA,Pacifica,2022,66.06426941343366,28.387999504800085,37.67626990863358,40.87560215358458,7.181787969425058,42606.0,0,1.0,16795.0,True,2006,2018,25.155502778276308
76364,JAMUNDI,VALLE DEL CAUCA,Pacifica,2022,58.948660936514784,24.530395414564563,34.41826552195022,30.80092353011425,6.56047197640118,42606.0,0,1.0,62820.0,True,2006,2018,21.897498391592947
76377,LA CUMBRE,VALLE DEL CAUCA,Pacifica,2022,42.74952919020716,21.124609825417824,21.62491936478934,21.12652791542782,9.237479554482436,42606.0,0,1.0,7146.0,True,2006,2018,9.10415223443207
76400,LA UNION,VALLE DEL CAUCA,Pacifica,2022,23.021443750402472,16.36210623708541,6.6593375133170625,8.624063702004184,8.999897844519358,42606.0,0,1.0,16199.0,True,2006,2018,-5.861429617040207
76403,LA VICTORIA,VALLE DEL CAUCA,Pacifica,2022,26.803589920607525,17.933819636874393,8.869770283733132,12.93257224402426,8.37407206228499,42606.0,0,1.0,6026.0,True,2006,2018,-3.650996846624137
76497,OBANDO,VALLE DEL CAUCA,Pacifica,2022,46.613545816733065,22.249694826203665,24.3638509905294,23.478939157566305,12.342752962625342,42606.0,0,1.0,5542.0,True,2006,2018,11.84308386017213
76520,PALMIRA,VALLE DEL CAUCA,Pacifica,2022,56.80845845709459,23.789042198690467,33.01941625840412,29.25235062177737,4.569262600568901,42606.0,0,1.0,153077.0,True,2006,2018,20.49864912804685
76563,PRADERA,VALLE DEL CAUCA,Pacifica,2022,67.37088146716411,28.31841000226015,39.05247146490396,39.91854410475847,10.377878913253344,42606.0,0,1.0,23354.0,True,2006,2018,26.53170433454669
76606,RESTREPO,VALLE DEL CAUCA,Pacifica,2022,39.02473699175434,19.9092383062045,19.115498685549838,17.9423226812159,9.24363181747148,42606.0,0,1.0,7353.0,True,2006,2018,6.594731555192569
76616,RIOFRIO,VALLE DEL CAUCA,Pacifica,2022,37.75399620698997,19.88238517952668,17.87161102746329,17.921394962634928,9.18942040350752,42606.0,0,1.0,7671.0,True,2006,2018,5.350843897106019
76622,ROLDANILLO,VALLE DEL CAUCA,Pacifica,2022,38.12933025404157,18.5749658962935,19.55436435774807,15.24739993696817,5.809445115362614,42606.0,0,1.0,17972.0,True,2006,2018,7.033597227390802
76670,SAN PEDRO,VALLE DEL CAUCA,Pacifica,2022,46.55618850336613,20.68759356659312,25.86859493677301,20.437649039135923,7.514563106796117,42606.0,0,1.0,8024.0,True,2006,2018,13.347827806415742
76736,SEVILLA,VALLE DEL CAUCA,Pacifica,2022,38.20892112627792,19.61180246265516,18.597118663622762,16.934658235471247,10.188224994528344,42606.0,0,1.0,18511.0,True,2006,2018,6.076351533265493
76823,TORO,VALLE DEL CAUCA,Pacifica,2022,22.817133443163097,16.471890470202005,6.345242972961092,8.537438768369489,10.855154126615844,42606.0,0,1.0,6290.0,True,2006,2018,-6.175524157396177
76828,TRUJILLO,VALLE DEL CAUCA,Pacifica,2022,27.76048798705341,18.757731245857997,9.002756741195412,13.637587506731286,14.952541151027274,42606.0,0,1.0,8296.0,True,2006,2018,-3.518010389161857
76834,TULUA,VALLE DEL CAUCA,Pacifica,2022,44.07782678953575,20.932922364383572,23.144904425152177,21.51190968733377,5.547420893401234,42606.0,0,1.0,95442.0,True,2006,2018,10.624137294794908
76845,ULLOA,VALLE DEL CAUCA,Pacifica,2022,35.21873619089704,17.34852044266252,17.87021574823452,11.56558533145275,7.942162615255658,42606.0,0,1.0,2376.0,True,2006,2018,5.349448617877252
76863,VERSALLES,VALLE DEL CAUCA,Pacifica,2022,21.326215228996908,15.60022221983161,5.725993009165299,6.32617527568195,10.460452430611262,42606.0,0,1.0,3677.0,True,2006,2018,-6.7947741211919706
76869,VIJES,VALLE DEL CAUCA,Pacifica,2022,54.24667012627573,22.570418576735943,31.67625154953979,25.514403292181072,7.131551997020762,42606.0,0,1.0,5973.0,True,2006,2018,19.15548441918252
76890,YOTOCO,VALLE DEL CAUCA,Pacifica,2022,49.230360934182585,21.59703642703522,27.633324507147364,22.4812030075188,8.79300215418761,42606.0,0,1.0,7871.0,True,2006,2018,15.112557376790095
76892,YUMBO,VALLE DEL CAUCA,Pacifica,2022,68.55176065660578,29.700065960130473,38.851694696475306,44.193430211259006,7.678036851203778,42606.0,0,1.0,58661.0,True,2006,2018,26.330927566118035
76895,ZARZAL,VALLE DEL CAUCA,Pacifica,2022,61.83368869936034,26.21072719383264,35.6229615055277,35.366054291198246,6.094923018195699,42606.0,0,1.0,21495.0,True,2006,2018,23.102194375170427
81001,ARAUCA,ARAUCA,Orinoquia,2022,14.89623939463426,17.870520010532356,-2.9742806158980954,7.7780979827089345,31.560754049600064,34125.0,0,1.0,35814.0,True,2006,2018,-15.495047746255365
81794,TAME,ARAUCA,Orinoquia,2022,24.335399810864768,23.461667396408266,0.8737324144565015,22.83431455004205,30.124200225818598,34125.0,0,1.0,19588.0,True,2006,2018,-11.647034715900768
81065,ARAUQUITA,ARAUCA,Orinoquia,2022,38.35887658575933,31.895103661906184,6.463772923853149,42.43221184365648,41.56453017212511,34125.0,0,1.0,14126.0,True,2006,2018,-6.05699420650412
81220,CRAVO NORTE,ARAUCA,Orinoquia,2022,14.76608187134503,19.853086270722436,-5.087004399377406,13.403614457831326,29.82985729967069,34125.0,0,1.0,1404.0,True,2006,2018,-17.607771529734677
81300,FORTUL,ARAUCA,Orinoquia,2022,39.77015215280026,32.22871420375412,7.541437949046134,44.90940465918896,34.44866045762907,34125.0,0,1.0,6400.0,True,2006,2018,-4.979329181311135
81591,PUERTO RONDON,ARAUCA,Orinoquia,2022,9.513742071881609,15.990562923146848,-6.47682085126524,4.715762273901809,23.088057901085644,34125.0,0,1.0,1441.0,True,2006,2018,-18.99758798162251
81736,SARAVENA,ARAUCA,Orinoquia,2022,28.433528181476916,25.219907364136425,3.213620817340491,27.851871034572056,27.95057194230843,34125.0,0,1.0,19255.0,True,2006,2018,-9.307146313016778
18001,FLORENCIA,CAQUETA,Amazonia,2022,33.00331466122425,20.738945936906777,12.264368724317475,20.27442738791423,14.509358972677308,6934.0,0,1.0,71271.0,True,2006,2018,-0.2563984060397946
18029,ALBANIA,CAQUETA,Amazonia,2022,19.3717277486911,18.44939659696658,0.9223311517245207,12.815013404825738,20.169608067843228,6934.0,0,1.0,2157.0,True,2006,2018,-11.598435978632748
18150,CARTAGENA DEL CHAIRA,CAQUETA,Amazonia,2022,54.759647935003386,30.283335126003777,24.47631280899961,39.87665198237885,38.14501045219496,6934.0,0,1.0,7813.0,True,2006,2018,11.95554567864234
18094,BELEN DE LOS ANDAQUIES,CAQUETA,Amazonia,2022,27.437006871977605,20.8379101766732,6.599096695304404,17.22794322293348,28.491236109519992,6934.0,0,1.0,4055.0,True,2006,2018,-5.9216704350528655
18247,EL DONCELLO,CAQUETA,Amazonia,2022,31.31539611360239,21.006831251372812,10.308564862229577,19.402291731186125,20.4131572956977,6934.0,0,1.0,6981.0,True,2006,2018,-2.212202268127692
18256,EL PAUJIL,CAQUETA,Amazonia,2022,39.95560488346282,26.68709998830626,13.268504895156557,33.5939350864724,24.286382779597567,6934.0,0,1.0,4635.0,True,2006,2018,0.7477377647992878
18410,LA MONTANITA,CAQUETA,Amazonia,2022,51.205377839592025,32.10881147813775,19.096566361454272,46.15965751699824,32.853175980562305,6934.0,0,1.0,4439.0,True,2006,2018,6.575799231097003
18592,PUERTO RICO,CAQUETA,Amazonia,2022,30.92035864978903,23.482646534656737,7.4377121151322925,23.196526124107017,32.04183604336043,6934.0,0,1.0,7941.0,True,2006,2018,-5.083055015224977
18753,SAN VICENTE DEL CAGUAN,CAQUETA,Amazonia,2022,37.09095593919093,24.97594911752806,12.115006821662867,27.700896367353355,30.465264499681325,6934.0,0,1.0,16119.0,True,2006,2018,-0.4057603086944024
18205,CURILLO,CAQUETA,Amazonia,2022,23.867069486404837,21.212930693997443,2.6541387924073945,19.49186184994045,22.97059222116818,6934.0,0,1.0,2741.0,True,2006,2018,-9.866628337949875
18460,MILAN,CAQUETA,Amazonia,2022,39.38447814451383,27.7712590939598,11.61321905055403,31.33369041242635,47.106017191977074,6934.0,0,1.0,2286.0,True,2006,2018,-0.9075480798032398
18479,MORELIA,CAQUETA,Amazonia,2022,20.89378990133488,19.801194421740394,1.092595479594486,16.203143893591292,21.22388059701493,6934.0,0,1.0,1774.0,True,2006,2018,-11.428171650762783
18610,SAN JOSE DEL FRAGUA,CAQUETA,Amazonia,2022,33.53556485355649,24.548811230911127,8.98675362264536,27.43620899149453,26.72138622891017,6934.0,0,1.0,4942.0,True,2006,2018,-3.5340135077119097
18756,SOLANO,CAQUETA,Amazonia,2022,54.05879771829751,32.57261070281446,21.486187015483054,44.41210710128056,44.71680400542401,6934.0,0,1.0,2373.0,True,2006,2018,8.965419885125785
18785,SOLITA,CAQUETA,Amazonia,2022,21.443514644351463,21.489175531382784,-0.045660887031321096,18.910457107075768,27.27966425028615,6934.0,0,1.0,1999.0,True,2006,2018,-12.56642801738859
18860,VALPARAISO,CAQUETA,Amazonia,2022,19.80844579886809,20.613694027995557,-0.8052482291274679,16.876818622696412,27.650581190560057,6934.0,0,1.0,2369.0,True,2006,2018,-13.326015359484737
85001,YOPAL,CASANARE,Orinoquia,2022,25.544086400040232,17.884506604336625,7.659579795703607,13.633388572463062,11.534975854166936,1021.0,0,1.0,81172.0,True,2006,2018,-4.861187334653662
85010,AGUAZUL,CASANARE,Orinoquia,2022,22.845129642606867,18.814724426225013,4.030405216381855,15.475805582498117,14.035560344827584,1021.0,0,1.0,20435.0,True,2006,2018,-8.490361913975415
85015,CHAMEZA,CASANARE,Orinoquia,2022,20.03244120032441,19.183574490826796,0.8488667094976137,15.760869565217392,17.424629535002556,1021.0,0,1.0,1248.0,True,2006,2018,-11.671900420859656
85125,HATO COROZAL,CASANARE,Orinoquia,2022,15.01937984496124,19.409450308301853,-4.390070463340614,12.790697674418606,33.03595812471552,1021.0,0,1.0,4186.0,True,2006,2018,-16.910837593697885
85136,LA SALINA,CASANARE,Orinoquia,2022,64.13502109704642,31.53853084924712,32.596490247799295,46.943231441048034,24.190800681431003,1021.0,0,0.984,492.0,True,2006,2018,20.075723117442024
85139,MANI,CASANARE,Orinoquia,2022,17.63124380925428,18.001594575056064,-0.37035076580178483,12.930086410054988,15.736633201027317,1021.0,0,1.0,7180.0,True,2006,2018,-12.891117896159054
85162,MONTERREY,CASANARE,Orinoquia,2022,21.07298211696472,17.491469242958132,3.581512874006588,13.265023539185822,8.295615753563467,1021.0,0,1.0,8490.0,True,2006,2018,-8.939254256350681
85225,NUNCHIA,CASANARE,Orinoquia,2022,11.747063234191453,16.957400854122938,-5.210337619931485,6.005154639175258,34.039514401333015,1021.0,0,1.0,4049.0,True,2006,2018,-17.731104750288754
85230,OROCUE,CASANARE,Orinoquia,2022,21.267743514439548,20.10434773878546,1.163395775654088,15.24375154664687,29.919375157470395,1021.0,0,1.0,4185.0,True,2006,2018,-11.357371354703181
85250,PAZ DE ARIPORO,CASANARE,Orinoquia,2022,17.066666666666666,17.36993398974378,-0.30326732307711524,9.75954738330976,22.467310637295324,1021.0,0,1.0,15306.0,True,2006,2018,-12.824034453434384
85263,PORE,CASANARE,Orinoquia,2022,14.537444933920703,17.331063932832127,-2.7936189989114233,8.660533991474086,27.072599531615925,1021.0,0,1.0,4843.0,True,2006,2018,-15.314386129268692
85279,RECETOR,CASANARE,Orinoquia,2022,19.66794380587484,21.50667984108126,-1.83873603520642,19.315068493150687,28.130081300813007,1021.0,0,1.0,798.0,True,2006,2018,-14.359503165563689
85300,SABANALARGA,CASANARE,Orinoquia,2022,18.17174515235457,17.600211145026368,0.5715340073282036,12.81269066503966,11.78036605657238,1021.0,0,1.0,1827.0,True,2006,2018,-11.949233123029066
85315,SACAMA,CASANARE,Orinoquia,2022,55.42168674698795,34.338118816939065,21.083567930048886,52.67993874425727,30.56716417910448,1021.0,0,1.0,862.0,True,2006,2018,8.562800799691617
85325,SAN LUIS DE PALENQUE,CASANARE,Orinoquia,2022,12.64523101864361,15.99119411451607,-3.3459630958724595,7.126632595116411,18.30285099515869,1021.0,0,1.0,3768.0,True,2006,2018,-15.866730226229729
85400,TAMARA,CASANARE,Orinoquia,2022,16.816934535476282,18.784926052920948,-1.9679915174446663,10.040816326530612,37.55537325676784,1021.0,0,1.0,2595.0,True,2006,2018,-14.488758647801935
85410,TAURAMENA,CASANARE,Orinoquia,2022,20.48236932776189,17.740406999984515,2.741962327777376,12.466916126677011,14.613866967305524,1021.0,0,1.0,13988.0,True,2006,2018,-9.778804802579893
85430,TRINIDAD,CASANARE,Orinoquia,2022,13.643122676579925,17.061079840155177,-3.4179571635752524,9.18560606060606,21.5660882327549,1021.0,0,1.0,5460.0,True,2006,2018,-15.938724293932522
85440,VILLANUEVA,CASANARE,Orinoquia,2022,20.862000341161085,18.589083604213222,2.272916736947863,15.111177214248531,12.672367549146443,1021.0,0,1.0,18185.0,True,2006,2018,-10.247850393409406
44001,RIOHACHA,LA GUAJIRA,Caribe,2022,55.17028953621402,32.33166544024171,22.838624095972314,46.17717177631855,36.27212577051405,1681.0,0,1.0,58370.0,True,2006,2018,10.317856965615045
44035,ALBANIA,LA GUAJIRA,Caribe,2022,72.74967574578469,39.675533211909716,33.07414253387497,65.28559935639582,38.1404101697519,1681.0,0,1.0,7884.0,True,2006,2018,20.5533754035177
44078,BARRANCAS,LA GUAJIRA,Caribe,2022,67.93708992666923,37.982243760696335,29.954846165972896,60.2200768192671,40.61022173958735,1681.0,0,1.0,10535.0,True,2006,2018,17.434079035615625
44090,DIBULLA,LA GUAJIRA,Caribe,2022,59.78186775732788,33.97934751110162,25.80252024622626,46.16513271975457,55.42290513778477,1681.0,0,1.0,7515.0,True,2006,2018,13.28175311586899
44110,EL MOLINO,LA GUAJIRA,Caribe,2022,49.90679094540613,28.067851173077702,21.838939772328427,37.176664832140894,26.640815740341807,1681.0,0,1.0,3823.0,True,2006,2018,9.318172641971158
44279,FONSECA,LA GUAJIRA,Caribe,2022,65.84670974914877,35.07796649260925,30.768743256539523,57.36352729454109,19.42845948527071,1681.0,0,1.0,14712.0,True,2006,2018,18.24797612618225
44098,DISTRACCION,LA GUAJIRA,Caribe,2022,53.297076818490815,28.11016710499088,25.186909713499936,37.667127708621486,25.027932960893853,1681.0,0,1.0,4505.0,True,2006,2018,12.666142583142667
44378,HATONUEVO,LA GUAJIRA,Caribe,2022,72.33838786911413,37.81658832791598,34.52179954119815,62.19410687531214,30.04753282028067,1681.0,0,1.0,6382.0,True,2006,2018,22.001032410840878
44430,MAICAO,LA GUAJIRA,Caribe,2022,51.76530873686907,31.729592776185584,20.03571596068349,39.30489901160292,59.218888490768855,1681.0,0,1.0,40341.0,True,2006,2018,7.514948830326221
44560,MANAURE,LA GUAJIRA,Caribe,2022,52.97495418448381,33.3009425103905,19.674011674093315,38.47557267382931,81.10236220472441,1681.0,0,1.0,8443.0,True,2006,2018,7.1532445437360455
44420,LA JAGUA DEL PILAR,LA GUAJIRA,Caribe,2022,60.44492674986435,31.476238481403055,28.968688268461296,45.942921096810295,27.77777777777778,1681.0,0,1.0,1878.0,True,2006,2018,16.44792113810403
44650,SAN JUAN DEL CESAR,LA GUAJIRA,Caribe,2022,39.84879218144938,25.5329996128057,14.315792568643683,30.979907264296752,24.23778821986668,1681.0,0,1.0,16618.0,True,2006,2018,1.7950254382864141
44847,URIBIA,LA GUAJIRA,Caribe,2022,51.64425606547793,29.31430775100877,22.329948314469164,26.15622671786349,88.7491622725491,1681.0,0,1.0,14325.0,True,2006,2018,9.809181184111894
44855,URUMITA,LA GUAJIRA,Caribe,2022,61.576549811843925,34.93396473395211,26.642585077891816,55.74141048824593,24.963188377343677,1681.0,0,1.0,5129.0,True,2006,2018,14.121817947534547
44874,VILLANUEVA,LA GUAJIRA,Caribe,2022,53.21061180292366,28.935226771240284,24.275385031683374,41.32306298142275,18.597292317551872,1681.0,0,1.0,9480.0,True,2006,2018,11.754617901326105
94001,INIRIDA,GUAINIA,Amazonia,2022,44.33751907053163,23.48697933593023,20.850539734601398,19.45375543140906,50.79994074512999,422.0,0,1.0,8740.0,True,2006,2018,8.329772604244129
94343,BARRANCOMINAS,GUAINIA,Amazonia,2022,78.70007830853562,42.16941660639945,36.53066170213617,63.09314586994728,76.26066718386346,422.0,0,1.0,1314.0,True,2006,2018,24.0098945717789
94886,CACAHUAL,GUAINIA,Amazonia,2022,61.11111111111112,30.906471324645622,30.2046397864655,33.33333333333333,71.66392092257001,422.0,1,0.036,18.0,True,2006,2018,17.68387265610823
94885,LA GUADALUPE,GUAINIA,Amazonia,2022,43.13725490196079,23.831426469826006,19.30582843213478,10.416666666666668,93.63057324840764,422.0,0,0.108,54.0,True,2006,2018,6.785061301777512
94888,MORICHAL,GUAINIA,Amazonia,2022,80.43478260869566,49.37377971025646,31.0610028984392,78.0,92.36641221374046,422.0,0,0.094,47.0,True,2006,2018,18.540235768081928
94887,PANA PANA,GUAINIA,Amazonia,2022,57.14285714285714,40.67307965183109,16.46977749102605,54.67625899280576,93.6016511867905,422.0,0,0.33,165.0,True,2006,2018,3.9490103606687814
94884,PUERTO COLOMBIA,GUAINIA,Amazonia,2022,27.40384615384616,29.802808909369055,-2.398962755522895,25.833333333333336,95.9637561779242,422.0,0,0.434,217.0,True,2006,2018,-14.919729885880164
94883,SAN FELIPE,GUAINIA,Amazonia,2022,32.83582089552239,21.745642868664476,11.090178026857913,6.2745098039215685,88.39122486288848,422.0,0,0.272,136.0,True,2006,2018,-1.430589103499356
50001,VILLAVICENCIO,META,Orinoquia,2022,29.12811781447309,18.861277899115237,10.266839915357853,17.275673003871887,6.375731462342427,4129.0,0,1.0,245235.0,True,2006,2018,-2.2539272149994165
50006,ACACIAS,META,Orinoquia,2022,25.450546634779634,17.913903586523404,7.536643048256231,14.716112281389307,6.341562394318566,4129.0,0,1.0,48313.0,True,2006,2018,-4.984124082101038
50110,BARRANCA DE UPIA,META,Orinoquia,2022,23.89977513652425,20.361741135853336,3.5380340006709154,18.94856278366112,16.229648671808054,4129.0,0,1.0,3214.0,True,2006,2018,-8.982733129686354
50124,CABUYARO,META,Orinoquia,2022,16.58823529411765,17.337634269421574,-0.7493989753039259,10.610263522884882,17.631993695823482,4129.0,0,1.0,3472.0,True,2006,2018,-13.270166105661195
50150,CASTILLA LA NUEVA,META,Orinoquia,2022,24.6045889953219,17.920837585546188,6.683751409775713,13.905288280366786,9.854986682450429,4129.0,0,1.0,9254.0,True,2006,2018,-5.837015720581556
50223,CUBARRAL,META,Orinoquia,2022,17.647058823529413,15.845306094121566,1.8017527294078466,9.066577450652392,7.536647546207775,4129.0,0,1.0,3494.0,True,2006,2018,-10.719014400949423
50226,CUMARAL,META,Orinoquia,2022,22.482814395471088,17.77432014133378,4.708494254137307,13.900550424479896,8.375874456418982,4129.0,0,1.0,12661.0,True,2006,2018,-7.8122728762199625
50245,EL CALVARIO,META,Orinoquia,2022,12.846347607052897,16.53412059113611,-3.687772984083212,11.672683513838749,4.397981254506129,4129.0,0,1.0,797.0,True,2006,2018,-16.20854011444048
50251,EL CASTILLO,META,Orinoquia,2022,43.6842105263158,28.632724070265525,15.051486456050277,38.41870824053452,26.540741762029505,4129.0,0,1.0,3531.0,True,2006,2018,2.530719325693008
50270,EL DORADO,META,Orinoquia,2022,18.488888888888887,17.87536305539028,0.6135258334986062,12.587790383576444,15.491393670183232,4129.0,0,1.0,2283.0,True,2006,2018,-11.907241296858663
50287,FUENTE DE ORO,META,Orinoquia,2022,25.148257968865828,20.62583330617897,4.522424662686859,19.28369081343585,17.68377253814147,4129.0,0,1.0,5558.0,True,2006,2018,-7.99834246767041
50313,GRANADA,META,Orinoquia,2022,28.622732435004146,19.446904891379308,9.175827543624838,17.626139142031562,11.16809205897528,4129.0,0,1.0,33704.0,True,2006,2018,-3.3449395867324316
50318,GUAMAL,META,Orinoquia,2022,20.499296765119556,16.377943592621325,4.121353172498232,10.173244757066565,8.714502492954693,4129.0,0,1.0,8709.0,True,2006,2018,-8.399413957859037
50350,LA MACARENA,META,Orinoquia,2022,44.68701269770551,28.45535470732733,16.23165799037818,34.147095179233624,41.84657984683944,4129.0,0,1.0,4640.0,True,2006,2018,3.7108908600209123
50400,LEJANIAS,META,Orinoquia,2022,23.0214254481854,21.127267571548003,1.8941578766373972,19.8773633111906,20.45801526717557,4129.0,0,1.0,4718.0,True,2006,2018,-10.626609253719872
50568,PUERTO GAITAN,META,Orinoquia,2022,34.00312937494853,26.735098178007505,7.268031196941024,29.122782705099777,44.84193433805247,4129.0,0,1.0,25431.0,True,2006,2018,-5.252735933416245
50330,MESETAS,META,Orinoquia,2022,44.23493714781101,31.168396931529593,13.066540216281417,44.257274119448695,29.992730293903836,4129.0,0,1.0,4758.0,True,2006,2018,0.5457730859241483
50573,PUERTO LOPEZ,META,Orinoquia,2022,20.876885303402315,18.614837250755997,2.2620480526463176,13.66136689021174,19.18910222031535,4129.0,0,1.0,14634.0,True,2006,2018,-10.258719077710952
50325,MAPIRIPAN,META,Orinoquia,2022,29.69579913085466,24.00726928064214,5.688529850212518,20.245398773006134,52.54942767950052,4129.0,0,1.0,2152.0,True,2006,2018,-6.832237280144751
50450,PUERTO CONCORDIA,META,Orinoquia,2022,36.24181060154854,28.17239862027458,8.069411981273962,32.66313932980599,46.25936745840213,4129.0,0,1.0,3444.0,True,2006,2018,-4.451355149083307
50577,PUERTO LLERAS,META,Orinoquia,2022,20.96597145993414,19.490298632015097,1.4756728279190412,12.771822358346094,32.984353428439945,4129.0,0,1.0,3746.0,True,2006,2018,-11.045094302438228
50590,PUERTO RICO,META,Orinoquia,2022,35.36113499570077,29.759320125499666,5.601814870201107,38.84220354808591,37.14311610622678,4129.0,0,1.0,4854.0,True,2006,2018,-6.918952260156162
50606,RESTREPO,META,Orinoquia,2022,22.09258562288295,17.407449648210125,4.685135974672825,13.498561628678912,6.056924678930927,4129.0,0,1.0,10809.0,True,2006,2018,-7.835631155684444
50680,SAN CARLOS DE GUAROA,META,Orinoquia,2022,19.34357541899441,17.713708602931863,1.6298668160625454,11.890487609912071,16.291986247024596,4129.0,0,1.0,5867.0,True,2006,2018,-10.890900314294724
50683,SAN JUAN DE ARAMA,META,Orinoquia,2022,29.93569131832797,22.15535216210262,7.780339156225349,22.16057441253264,22.831050228310502,4129.0,0,1.0,3190.0,True,2006,2018,-4.74042797413192
50686,SAN JUANITO,META,Orinoquia,2022,10.841836734693878,16.50316141396806,-5.6613246792741805,10.078534031413612,10.126582278481012,4129.0,0,1.0,808.0,True,2006,2018,-18.18209180963145
50689,SAN MARTIN,META,Orinoquia,2022,18.26048565121413,17.086965763894288,1.1735198873198414,10.227914861555847,16.469450711358718,4129.0,0,1.0,11638.0,True,2006,2018,-11.347247243037428
50370,URIBE,META,Orinoquia,2022,83.96946564885496,46.59195663815068,37.37750901070429,79.99257609502598,53.14793356508304,4129.0,0,1.0,3620.0,True,2006,2018,24.856741880347016
50711,VISTAHERMOSA,META,Orinoquia,2022,34.985632183908045,25.956605946856797,9.029026237051248,29.17524141206269,35.583728229429504,4129.0,0,1.0,7209.0,True,2006,2018,-3.491740893306021
95001,SAN JOSE DEL GUAVIARE,GUAVIARE,Amazonia,2022,35.17824941045915,21.858544577745675,13.319704832713477,21.111751152073733,23.781936028057093,1321.0,0,1.0,22539.0,True,2006,2018,0.7989377023562074
95015,CALAMAR,GUAVIARE,Amazonia,2022,54.47330447330448,32.667833931828184,21.805470541476296,45.88815789473684,40.177215189873415,1321.0,0,1.0,2880.0,True,2006,2018,9.284703411119027
95025,EL RETORNO,GUAVIARE,Amazonia,2022,28.44357127264789,21.27871434135362,7.1648569312942705,17.595541401273884,31.88103053814781,1321.0,0,1.0,4727.0,True,2006,2018,-5.355910199062999
95200,MIRAFLORES,GUAVIARE,Amazonia,2022,71.05022831050228,36.71294317781194,34.33728513269034,56.85714285714286,40.06959980114343,1321.0,0,1.0,1152.0,True,2006,2018,21.81651800233307
88001,SAN ANDRES,ARCHIPIELAGO DE SAN ANDRES PROVIDENCIA Y SANTA CATALINA,Caribe,2022,41.48847752172271,20.616118865795585,20.872358655927123,19.864418874319863,15.55360484187669,0.0,0,1.0,13808.0,True,2006,2018,8.351591525569853
88564,PROVIDENCIA,ARCHIPIELAGO DE SAN ANDRES PROVIDENCIA Y SANTA CATALINA,Caribe,2022,50.62724014336918,16.915698010537533,33.711542132831646,11.601731601731602,8.536853685368538,0.0,0,1.0,1151.0,True,2006,2018,21.190775002474375
91001,LETICIA,AMAZONAS,Amazonia,2022,43.14575961648214,24.31736669332659,18.828392923155548,27.022630834512025,27.357347166335387,254.0,0,1.0,18037.0,True,2006,2018,6.307625792798278
91540,PUERTO NARINO,AMAZONAS,Amazonia,2022,65.06469500924214,32.28478489069386,32.77991011854829,44.89031567683253,41.74146014735432,254.0,0,1.0,2226.0,True,2006,2018,20.259142988191016
91263,EL ENCANTO,AMAZONAS,Amazonia,2022,61.09090909090909,38.63064627938864,22.46026281152045,62.70627062706271,37.50763591936469,254.0,0,0.562,281.0,True,2006,2018,9.939495681163182
91405,LA CHORRERA,AMAZONAS,Amazonia,2022,82.36272878535775,46.64273298201422,35.71999580334352,84.38061041292639,35.81580443433769,254.0,0,1.0,611.0,True,2006,2018,23.19922867298625
91407,LA PEDRERA,AMAZONAS,Amazonia,2022,74.22222222222223,43.24207217838426,30.980150043837966,65.50218340611353,78.83190883190883,254.0,0,0.464,232.0,True,2006,2018,18.459382913480695
91430,LA VICTORIA,AMAZONAS,Amazonia,2022,84.0,49.153133461634994,34.846866538365006,77.77777777777779,90.96385542168674,254.0,1,0.05,25.0,True,2006,2018,22.326099408007735
91460,MIRITI  PARANA,AMAZONAS,Amazonia,2022,80.0,48.04182215293119,31.95817784706881,76.62337662337663,85.76470588235294,254.0,0,0.192,96.0,True,2006,2018,19.43741071671154
91669,PUERTO SANTANDER,AMAZONAS,Amazonia,2022,65.77181208053692,35.4354067078907,30.33640537264622,51.51515151515152,49.49179046129789,254.0,0,0.298,149.0,True,2006,2018,17.815638242288948
91798,TARAPACA,AMAZONAS,Amazonia,2022,57.537688442211056,34.63164914776948,22.906039294441577,48.87640449438202,50.79477216531261,254.0,0,0.812,406.0,True,2006,2018,10.385272164084308
91530,PUERTO ALEGRIA,AMAZONAS,Amazonia,2022,65.0,31.477204693787527,33.52279530621247,42.465753424657535,42.87812041116006,254.0,0,0.162,81.0,True,2006,2018,21.0020281758552
91536,PUERTO ARICA,AMAZONAS,Amazonia,2022,61.8421052631579,40.00240157481733,21.83970368834057,67.12328767123287,34.595300261096604,254.0,0,0.304,152.0,True,2006,2018,9.318936557983301
86001,MOCOA,PUTUMAYO,Amazonia,2022,69.138714185884,33.83527069936261,35.30344348652139,55.80939947780679,10.665384534983382,6995.0,0,1.0,23561.0,True,2006,2018,22.782676356164117
86568,PUERTO ASIS,PUTUMAYO,Amazonia,2022,68.54921394395078,34.126195101197425,34.42301884275335,54.475374732334046,19.342262916003502,6995.0,0,1.0,24447.0,True,2006,2018,21.90225171239608
86573,PUERTO LEGUIZAMO,PUTUMAYO,Amazonia,2022,44.03809523809524,27.143355777339018,16.89473946075622,32.72357723577235,34.1136400497378,6995.0,0,1.0,5451.0,True,2006,2018,4.373972330398951
86219,COLON,PUTUMAYO,Amazonia,2022,67.47032640949556,30.26533001347903,37.204996396016526,46.57411553963279,9.963454510482784,6995.0,0,1.0,2745.0,True,2006,2018,24.684229265659255
86755,SAN FRANCISCO,PUTUMAYO,Amazonia,2022,61.30500758725341,27.24419812746953,34.060809459783876,39.036933146330064,7.589928057553957,6995.0,0,1.0,2730.0,True,2006,2018,21.540042329426605
86760,SANTIAGO,PUTUMAYO,Amazonia,2022,75.02544960977265,37.13446830360658,37.89098130616607,61.62464985994398,23.6691597008359,6995.0,0,1.0,3037.0,True,2006,2018,25.370214175808798
86757,SAN MIGUEL,PUTUMAYO,Amazonia,2022,85.73466476462197,45.09705408179177,40.6376106828302,82.85656728444802,23.023807811263755,6995.0,0,1.0,5799.0,True,2006,2018,28.11684355247293
86749,SIBUNDOY,PUTUMAYO,Amazonia,2022,71.23177959314432,31.6223591592145,39.60942043392983,50.54490792934987,8.152096659559346,6995.0,0,1.0,6423.0,True,2006,2018,27.088653303572556
86320,ORITO,PUTUMAYO,Amazonia,2022,84.94455234634421,43.27894631766888,41.66560602867533,78.14689443438559,22.742310991300087,6995.0,0,1.0,16282.0,True,2006,2018,29.144838898318056
86571,PUERTO GUZMAN,PUTUMAYO,Amazonia,2022,61.98957428323197,35.93404135314669,26.055532930085278,55.26379771456358,36.165279429250894,6995.0,0,1.0,4818.0,True,2006,2018,13.534765799728008
86569,PUERTO CAICEDO,PUTUMAYO,Amazonia,2022,80.73394495412845,42.88977843625507,37.844166517873376,77.69442360590148,19.6625157913734,6995.0,0,1.0,4974.0,True,2006,2018,25.323399387516105
86865,VALLE DEL GUAMUEZ,PUTUMAYO,Amazonia,2022,86.42716086890475,44.38981141527074,42.03734945363401,82.4505367757963,16.847145488029465,6995.0,0,1.0,13439.0,True,2006,2018,29.516582323276737
86885,VILLAGARZON,PUTUMAYO,Amazonia,2022,61.45320197044335,30.812939587195928,30.640262383247425,46.76708302718589,14.651681303180595,6995.0,0,1.0,10234.0,True,2006,2018,18.119495252890154
97001,MITU,VAUPES,Amazonia,2022,67.36958934517203,31.499900697041536,35.86968864813049,37.06945765937203,66.74059698733943,60.0,0,1.0,5514.0,True,2006,2018,23.34892151777322
97161,CARURU,VAUPES,Amazonia,2022,81.2274368231047,36.699751442529305,44.52768538057539,55.91603053435114,44.351669941060905,60.0,0,1.0,559.0,True,2006,2018,32.00691825021812
97777,PAPUNAHUA,VAUPES,Amazonia,2022,79.48717948717949,31.244380704677233,48.242798782502256,31.818181818181817,87.03703703703704,60.0,0,0.156,78.0,True,2006,2018,35.722031652144985
97511,PACOA,VAUPES,Amazonia,2022,81.85654008438819,30.317316266515284,51.5392238178729,27.58620689655172,93.6474694589878,60.0,0,0.494,247.0,True,2006,2018,39.01845668751563
97666,TARAIRA,VAUPES,Amazonia,2022,54.59770114942529,32.174133012014934,22.423568137410356,35.91160220994475,78.93738140417457,60.0,0,0.712,356.0,True,2006,2018,9.902801007053087
97889,YAVARATE,VAUPES,Amazonia,2022,70.48611111111111,29.581249875362154,40.90486123574896,29.72972972972973,76.65847665847666,60.0,0,0.584,292.0,True,2006,2018,28.38409410539169
99001,PUERTO CARRENO,VICHADA,Orinoquia,2022,29.15186816309135,19.948469740988486,9.203398422102865,12.109260882267018,41.98469253101082,446.0,0,1.0,7277.0,True,2006,2018,-3.3173687082544046
99624,SANTA ROSALIA,VICHADA,Orinoquia,2022,13.780918727915196,17.648350389225477,-3.867431661310281,7.234617985125085,36.96251378169791,446.0,0,1.0,1433.0,True,2006,2018,-16.38819879166755
99773,CUMARIBO,VICHADA,Orinoquia,2022,57.38948966040599,38.423469450721214,18.96602020968478,50.56846267918932,87.48560844971718,446.0,0,1.0,5397.0,True,2006,2018,6.445253079327509
99524,LA PRIMAVERA,VICHADA,Orinoquia,2022,13.538352774832097,18.832311139187343,-5.293958364355246,8.130841121495328,46.57580536156792,446.0,0,1.0,2899.0,True,2006,2018,-17.814725494712516
